ISO-10303-21;
HEADER;
FILE_DESCRIPTION(('KiCad electronic assembly'),'2;1');
FILE_NAME('board.step','2026-09-11T20:25:30',('Pcbnew'),('Kicad'),
  'Open CASCADE STEP processor 7.9','KiCad to STEP converter','Unknown'
  );
FILE_SCHEMA(('AUTOMOTIVE_DESIGN { 1 0 10303 214 1 1 1 1 }'));
ENDSEC;
DATA;
#1 = APPLICATION_PROTOCOL_DEFINITION('international standard',
  'automotive_design',2000,#2);
#2 = APPLICATION_CONTEXT(
  'core data for automotive mechanical design processes');
#3 = SHAPE_DEFINITION_REPRESENTATION(#4,#10);
#4 = PRODUCT_DEFINITION_SHAPE('','',#5);
#5 = PRODUCT_DEFINITION('design','',#6,#9);
#6 = PRODUCT_DEFINITION_FORMATION('','',#7);
#7 = PRODUCT('board 1','board 1','',(#8));
#8 = PRODUCT_CONTEXT('',#2,'mechanical');
#9 = PRODUCT_DEFINITION_CONTEXT('part definition',#2,'design');
#10 = SHAPE_REPRESENTATION('',(#11,#15,#19,#23,#27,#31,#35,#39,#43,#47,
    #51,#55,#59,#63,#67,#71,#75,#79,#83,#87,#91,#95),#99);
#11 = AXIS2_PLACEMENT_3D('',#12,#13,#14);
#12 = CARTESIAN_POINT('',(0.,0.,0.));
#13 = DIRECTION('',(0.,0.,1.));
#14 = DIRECTION('',(1.,0.,-0.));
#15 = AXIS2_PLACEMENT_3D('',#16,#17,#18);
#16 = CARTESIAN_POINT('',(17.,-16.8,1.595));
#17 = DIRECTION('',(0.,0.,1.));
#18 = DIRECTION('',(1.,0.,0.));
#19 = AXIS2_PLACEMENT_3D('',#20,#21,#22);
#20 = CARTESIAN_POINT('',(21.2,-7.5,1.595));
#21 = DIRECTION('',(0.,-0.,1.));
#22 = DIRECTION('',(1.110223024625E-16,1.,0.));
#23 = AXIS2_PLACEMENT_3D('',#24,#25,#26);
#24 = CARTESIAN_POINT('',(15.,-16.8,1.595));
#25 = DIRECTION('',(0.,0.,1.));
#26 = DIRECTION('',(1.,0.,0.));
#27 = AXIS2_PLACEMENT_3D('',#28,#29,#30);
#28 = CARTESIAN_POINT('',(10.,-7.,1.595));
#29 = DIRECTION('',(0.,-0.,1.));
#30 = DIRECTION('',(1.110223024625E-16,1.,0.));
#31 = AXIS2_PLACEMENT_3D('',#32,#33,#34);
#32 = CARTESIAN_POINT('',(20.,-12.3,1.595));
#33 = DIRECTION('',(0.,0.,1.));
#34 = DIRECTION('',(1.,0.,0.));
#35 = AXIS2_PLACEMENT_3D('',#36,#37,#38);
#36 = CARTESIAN_POINT('',(28.2,-10.,1.595));
#37 = DIRECTION('',(0.,-0.,1.));
#38 = DIRECTION('',(1.110223024625E-16,1.,0.));
#39 = AXIS2_PLACEMENT_3D('',#40,#41,#42);
#40 = CARTESIAN_POINT('',(9.5,-13.8,1.595));
#41 = DIRECTION('',(0.,-0.,1.));
#42 = DIRECTION('',(1.110223024625E-16,1.,0.));
#43 = AXIS2_PLACEMENT_3D('',#44,#45,#46);
#44 = CARTESIAN_POINT('',(14.2,-6.,1.595));
#45 = DIRECTION('',(0.,-0.,1.));
#46 = DIRECTION('',(1.110223024625E-16,1.,0.));
#47 = AXIS2_PLACEMENT_3D('',#48,#49,#50);
#48 = CARTESIAN_POINT('',(15.,-11.,1.595));
#49 = DIRECTION('',(0.,0.,1.));
#50 = DIRECTION('',(1.,0.,0.));
#51 = AXIS2_PLACEMENT_3D('',#52,#53,#54);
#52 = CARTESIAN_POINT('',(23.,-10.,1.595));
#53 = DIRECTION('',(0.,-0.,1.));
#54 = DIRECTION('',(1.110223024625E-16,1.,0.));
#55 = AXIS2_PLACEMENT_3D('',#56,#57,#58);
#56 = CARTESIAN_POINT('',(12.,-5.2,1.595));
#57 = DIRECTION('',(0.,-0.,1.));
#58 = DIRECTION('',(1.110223024625E-16,1.,0.));
#59 = AXIS2_PLACEMENT_3D('',#60,#61,#62);
#60 = CARTESIAN_POINT('',(20.,-14.,1.595));
#61 = DIRECTION('',(0.,0.,1.));
#62 = DIRECTION('',(1.,0.,0.));
#63 = AXIS2_PLACEMENT_3D('',#64,#65,#66);
#64 = CARTESIAN_POINT('',(13.,-15.8,1.595));
#65 = DIRECTION('',(0.,-0.,1.));
#66 = DIRECTION('',(1.110223024625E-16,1.,0.));
#67 = AXIS2_PLACEMENT_3D('',#68,#69,#70);
#68 = CARTESIAN_POINT('',(2.,-2.,1.595));
#69 = DIRECTION('',(0.,-0.,1.));
#70 = DIRECTION('',(1.110223024625E-16,1.,0.));
#71 = AXIS2_PLACEMENT_3D('',#72,#73,#74);
#72 = CARTESIAN_POINT('',(11.5,-17.8,1.595));
#73 = DIRECTION('',(0.,0.,1.));
#74 = DIRECTION('',(1.,0.,0.));
#75 = AXIS2_PLACEMENT_3D('',#76,#77,#78);
#76 = CARTESIAN_POINT('',(24.,-10.8,1.595));
#77 = DIRECTION('',(0.,-0.,1.));
#78 = DIRECTION('',(1.110223024625E-16,1.,0.));
#79 = AXIS2_PLACEMENT_3D('',#80,#81,#82);
#80 = CARTESIAN_POINT('',(17.,-6.,1.595));
#81 = DIRECTION('',(0.,0.,1.));
#82 = DIRECTION('',(1.,0.,0.));
#83 = AXIS2_PLACEMENT_3D('',#84,#85,#86);
#84 = CARTESIAN_POINT('',(19.8,-6.,1.595));
#85 = DIRECTION('',(0.,-0.,1.));
#86 = DIRECTION('',(1.110223024625E-16,1.,0.));
#87 = AXIS2_PLACEMENT_3D('',#88,#89,#90);
#88 = CARTESIAN_POINT('',(21.,-10.,1.595));
#89 = DIRECTION('',(0.,-0.,1.));
#90 = DIRECTION('',(1.110223024625E-16,1.,0.));
#91 = AXIS2_PLACEMENT_3D('',#92,#93,#94);
#92 = CARTESIAN_POINT('',(10.,-9.,1.595));
#93 = DIRECTION('',(0.,-0.,1.));
#94 = DIRECTION('',(1.110223024625E-16,1.,0.));
#95 = AXIS2_PLACEMENT_3D('',#96,#97,#98);
#96 = CARTESIAN_POINT('',(0.,0.,0.));
#97 = DIRECTION('',(0.,0.,1.));
#98 = DIRECTION('',(1.,0.,-0.));
#99 = ( GEOMETRIC_REPRESENTATION_CONTEXT(3) 
GLOBAL_UNCERTAINTY_ASSIGNED_CONTEXT((#103)) GLOBAL_UNIT_ASSIGNED_CONTEXT
((#100,#101,#102)) REPRESENTATION_CONTEXT('Context #1',
  '3D Context with UNIT and UNCERTAINTY') );
#100 = ( LENGTH_UNIT() NAMED_UNIT(*) SI_UNIT(.MILLI.,.METRE.) );
#101 = ( NAMED_UNIT(*) PLANE_ANGLE_UNIT() SI_UNIT($,.RADIAN.) );
#102 = ( NAMED_UNIT(*) SI_UNIT($,.STERADIAN.) SOLID_ANGLE_UNIT() );
#103 = UNCERTAINTY_MEASURE_WITH_UNIT(LENGTH_MEASURE(1.E-07),#100,
  'distance_accuracy_value','confusion accuracy');
#104 = PRODUCT_RELATED_PRODUCT_CATEGORY('part',$,(#7));
#105 = SHAPE_DEFINITION_REPRESENTATION(#106,#112);
#106 = PRODUCT_DEFINITION_SHAPE('','',#107);
#107 = PRODUCT_DEFINITION('design','',#108,#111);
#108 = PRODUCT_DEFINITION_FORMATION('','',#109);
#109 = PRODUCT('C_0402_1005Metric','C_0402_1005Metric','',(#110));
#110 = PRODUCT_CONTEXT('',#2,'mechanical');
#111 = PRODUCT_DEFINITION_CONTEXT('part definition',#2,'design');
#112 = SHAPE_REPRESENTATION('',(#11,#113),#117);
#113 = AXIS2_PLACEMENT_3D('',#114,#115,#116);
#114 = CARTESIAN_POINT('',(0.,0.,0.));
#115 = DIRECTION('',(0.,0.,1.));
#116 = DIRECTION('',(1.,0.,-0.));
#117 = ( GEOMETRIC_REPRESENTATION_CONTEXT(3) 
GLOBAL_UNCERTAINTY_ASSIGNED_CONTEXT((#121)) GLOBAL_UNIT_ASSIGNED_CONTEXT
((#118,#119,#120)) REPRESENTATION_CONTEXT('Context #1',
  '3D Context with UNIT and UNCERTAINTY') );
#118 = ( LENGTH_UNIT() NAMED_UNIT(*) SI_UNIT(.MILLI.,.METRE.) );
#119 = ( NAMED_UNIT(*) PLANE_ANGLE_UNIT() SI_UNIT($,.RADIAN.) );
#120 = ( NAMED_UNIT(*) SI_UNIT($,.STERADIAN.) SOLID_ANGLE_UNIT() );
#121 = UNCERTAINTY_MEASURE_WITH_UNIT(LENGTH_MEASURE(1.E-07),#118,
  'distance_accuracy_value','confusion accuracy');
#122 = CONTEXT_DEPENDENT_SHAPE_REPRESENTATION(#123,#125);
#123 = ( REPRESENTATION_RELATIONSHIP('','',#112,#10) 
REPRESENTATION_RELATIONSHIP_WITH_TRANSFORMATION(#124) 
SHAPE_REPRESENTATION_RELATIONSHIP() );
#124 = ITEM_DEFINED_TRANSFORMATION('','',#11,#15);
#125 = PRODUCT_DEFINITION_SHAPE('Placement','Placement of an item',#126
  );
#126 = NEXT_ASSEMBLY_USAGE_OCCURRENCE('2','C6','',#5,#107,$);
#127 = PRODUCT_RELATED_PRODUCT_CATEGORY('part',$,(#109));
#128 = SHAPE_DEFINITION_REPRESENTATION(#129,#135);
#129 = PRODUCT_DEFINITION_SHAPE('','',#130);
#130 = PRODUCT_DEFINITION('design','',#131,#134);
#131 = PRODUCT_DEFINITION_FORMATION('','',#132);
#132 = PRODUCT('C_0402_1005Metric','C_0402_1005Metric','',(#133));
#133 = PRODUCT_CONTEXT('',#2,'mechanical');
#134 = PRODUCT_DEFINITION_CONTEXT('part definition',#2,'design');
#135 = ADVANCED_BREP_SHAPE_REPRESENTATION('',(#11,#136),#990);
#136 = MANIFOLD_SOLID_BREP('',#137);
#137 = CLOSED_SHELL('',(#138,#214,#245,#270,#295,#319,#343,#368,#393,
    #410,#496,#528,#552,#577,#601,#626,#650,#675,#692,#778,#809,#834,
    #859,#883,#907,#932,#957,#974));
#138 = ADVANCED_FACE('',(#139),#209,.F.);
#139 = FACE_BOUND('',#140,.F.);
#140 = EDGE_LOOP('',(#141,#151,#160,#168,#177,#185,#194,#202));
#141 = ORIENTED_EDGE('',*,*,#142,.F.);
#142 = EDGE_CURVE('',#143,#145,#147,.T.);
#143 = VERTEX_POINT('',#144);
#144 = CARTESIAN_POINT('',(-0.5,-0.25,2.E-02));
#145 = VERTEX_POINT('',#146);
#146 = CARTESIAN_POINT('',(-0.5,-0.25,0.48));
#147 = LINE('',#148,#149);
#148 = CARTESIAN_POINT('',(-0.5,-0.25,0.));
#149 = VECTOR('',#150,1.);
#150 = DIRECTION('',(0.,0.,1.));
#151 = ORIENTED_EDGE('',*,*,#152,.T.);
#152 = EDGE_CURVE('',#143,#153,#155,.T.);
#153 = VERTEX_POINT('',#154);
#154 = CARTESIAN_POINT('',(-0.5,-0.23,0.));
#155 = CIRCLE('',#156,2.E-02);
#156 = AXIS2_PLACEMENT_3D('',#157,#158,#159);
#157 = CARTESIAN_POINT('',(-0.5,-0.23,2.E-02));
#158 = DIRECTION('',(1.,0.,-0.));
#159 = DIRECTION('',(0.,0.,1.));
#160 = ORIENTED_EDGE('',*,*,#161,.T.);
#161 = EDGE_CURVE('',#153,#162,#164,.T.);
#162 = VERTEX_POINT('',#163);
#163 = CARTESIAN_POINT('',(-0.5,0.23,0.));
#164 = LINE('',#165,#166);
#165 = CARTESIAN_POINT('',(-0.5,-0.25,0.));
#166 = VECTOR('',#167,1.);
#167 = DIRECTION('',(0.,1.,0.));
#168 = ORIENTED_EDGE('',*,*,#169,.F.);
#169 = EDGE_CURVE('',#170,#162,#172,.T.);
#170 = VERTEX_POINT('',#171);
#171 = CARTESIAN_POINT('',(-0.5,0.25,2.E-02));
#172 = CIRCLE('',#173,2.E-02);
#173 = AXIS2_PLACEMENT_3D('',#174,#175,#176);
#174 = CARTESIAN_POINT('',(-0.5,0.23,2.E-02));
#175 = DIRECTION('',(-1.,0.,0.));
#176 = DIRECTION('',(0.,0.,1.));
#177 = ORIENTED_EDGE('',*,*,#178,.T.);
#178 = EDGE_CURVE('',#170,#179,#181,.T.);
#179 = VERTEX_POINT('',#180);
#180 = CARTESIAN_POINT('',(-0.5,0.25,0.48));
#181 = LINE('',#182,#183);
#182 = CARTESIAN_POINT('',(-0.5,0.25,0.));
#183 = VECTOR('',#184,1.);
#184 = DIRECTION('',(0.,0.,1.));
#185 = ORIENTED_EDGE('',*,*,#186,.T.);
#186 = EDGE_CURVE('',#179,#187,#189,.T.);
#187 = VERTEX_POINT('',#188);
#188 = CARTESIAN_POINT('',(-0.5,0.23,0.5));
#189 = CIRCLE('',#190,2.E-02);
#190 = AXIS2_PLACEMENT_3D('',#191,#192,#193);
#191 = CARTESIAN_POINT('',(-0.5,0.23,0.48));
#192 = DIRECTION('',(1.,0.,-0.));
#193 = DIRECTION('',(0.,0.,1.));
#194 = ORIENTED_EDGE('',*,*,#195,.F.);
#195 = EDGE_CURVE('',#196,#187,#198,.T.);
#196 = VERTEX_POINT('',#197);
#197 = CARTESIAN_POINT('',(-0.5,-0.23,0.5));
#198 = LINE('',#199,#200);
#199 = CARTESIAN_POINT('',(-0.5,-0.25,0.5));
#200 = VECTOR('',#201,1.);
#201 = DIRECTION('',(0.,1.,0.));
#202 = ORIENTED_EDGE('',*,*,#203,.F.);
#203 = EDGE_CURVE('',#145,#196,#204,.T.);
#204 = CIRCLE('',#205,2.E-02);
#205 = AXIS2_PLACEMENT_3D('',#206,#207,#208);
#206 = CARTESIAN_POINT('',(-0.5,-0.23,0.48));
#207 = DIRECTION('',(-1.,0.,0.));
#208 = DIRECTION('',(0.,0.,1.));
#209 = PLANE('',#210);
#210 = AXIS2_PLACEMENT_3D('',#211,#212,#213);
#211 = CARTESIAN_POINT('',(-0.5,-0.25,0.));
#212 = DIRECTION('',(1.,0.,0.));
#213 = DIRECTION('',(0.,0.,1.));
#214 = ADVANCED_FACE('',(#215),#240,.F.);
#215 = FACE_BOUND('',#216,.F.);
#216 = EDGE_LOOP('',(#217,#227,#233,#234));
#217 = ORIENTED_EDGE('',*,*,#218,.F.);
#218 = EDGE_CURVE('',#219,#221,#223,.T.);
#219 = VERTEX_POINT('',#220);
#220 = CARTESIAN_POINT('',(-0.3,-0.25,2.E-02));
#221 = VERTEX_POINT('',#222);
#222 = CARTESIAN_POINT('',(-0.3,-0.25,0.48));
#223 = LINE('',#224,#225);
#224 = CARTESIAN_POINT('',(-0.3,-0.25,0.));
#225 = VECTOR('',#226,1.);
#226 = DIRECTION('',(0.,0.,1.));
#227 = ORIENTED_EDGE('',*,*,#228,.F.);
#228 = EDGE_CURVE('',#143,#219,#229,.T.);
#229 = LINE('',#230,#231);
#230 = CARTESIAN_POINT('',(-0.5,-0.25,2.E-02));
#231 = VECTOR('',#232,1.);
#232 = DIRECTION('',(1.,0.,0.));
#233 = ORIENTED_EDGE('',*,*,#142,.T.);
#234 = ORIENTED_EDGE('',*,*,#235,.T.);
#235 = EDGE_CURVE('',#145,#221,#236,.T.);
#236 = LINE('',#237,#238);
#237 = CARTESIAN_POINT('',(-0.5,-0.25,0.48));
#238 = VECTOR('',#239,1.);
#239 = DIRECTION('',(1.,0.,0.));
#240 = PLANE('',#241);
#241 = AXIS2_PLACEMENT_3D('',#242,#243,#244);
#242 = CARTESIAN_POINT('',(-0.5,-0.25,0.));
#243 = DIRECTION('',(0.,1.,0.));
#244 = DIRECTION('',(0.,-0.,1.));
#245 = ADVANCED_FACE('',(#246),#265,.T.);
#246 = FACE_BOUND('',#247,.T.);
#247 = EDGE_LOOP('',(#248,#249,#257,#264));
#248 = ORIENTED_EDGE('',*,*,#152,.T.);
#249 = ORIENTED_EDGE('',*,*,#250,.T.);
#250 = EDGE_CURVE('',#153,#251,#253,.T.);
#251 = VERTEX_POINT('',#252);
#252 = CARTESIAN_POINT('',(-0.3,-0.23,0.));
#253 = LINE('',#254,#255);
#254 = CARTESIAN_POINT('',(-0.5,-0.23,0.));
#255 = VECTOR('',#256,1.);
#256 = DIRECTION('',(1.,0.,0.));
#257 = ORIENTED_EDGE('',*,*,#258,.F.);
#258 = EDGE_CURVE('',#219,#251,#259,.T.);
#259 = CIRCLE('',#260,2.E-02);
#260 = AXIS2_PLACEMENT_3D('',#261,#262,#263);
#261 = CARTESIAN_POINT('',(-0.3,-0.23,2.E-02));
#262 = DIRECTION('',(1.,0.,-0.));
#263 = DIRECTION('',(0.,0.,1.));
#264 = ORIENTED_EDGE('',*,*,#228,.F.);
#265 = CYLINDRICAL_SURFACE('',#266,2.E-02);
#266 = AXIS2_PLACEMENT_3D('',#267,#268,#269);
#267 = CARTESIAN_POINT('',(-0.5,-0.23,2.E-02));
#268 = DIRECTION('',(1.,0.,0.));
#269 = DIRECTION('',(0.,-1.,0.));
#270 = ADVANCED_FACE('',(#271),#290,.T.);
#271 = FACE_BOUND('',#272,.T.);
#272 = EDGE_LOOP('',(#273,#274,#283,#289));
#273 = ORIENTED_EDGE('',*,*,#235,.T.);
#274 = ORIENTED_EDGE('',*,*,#275,.T.);
#275 = EDGE_CURVE('',#221,#276,#278,.T.);
#276 = VERTEX_POINT('',#277);
#277 = CARTESIAN_POINT('',(-0.3,-0.23,0.5));
#278 = CIRCLE('',#279,2.E-02);
#279 = AXIS2_PLACEMENT_3D('',#280,#281,#282);
#280 = CARTESIAN_POINT('',(-0.3,-0.23,0.48));
#281 = DIRECTION('',(-1.,0.,0.));
#282 = DIRECTION('',(0.,0.,1.));
#283 = ORIENTED_EDGE('',*,*,#284,.F.);
#284 = EDGE_CURVE('',#196,#276,#285,.T.);
#285 = LINE('',#286,#287);
#286 = CARTESIAN_POINT('',(-0.5,-0.23,0.5));
#287 = VECTOR('',#288,1.);
#288 = DIRECTION('',(1.,0.,0.));
#289 = ORIENTED_EDGE('',*,*,#203,.F.);
#290 = CYLINDRICAL_SURFACE('',#291,2.E-02);
#291 = AXIS2_PLACEMENT_3D('',#292,#293,#294);
#292 = CARTESIAN_POINT('',(-0.5,-0.23,0.48));
#293 = DIRECTION('',(1.,0.,0.));
#294 = DIRECTION('',(0.,-1.,0.));
#295 = ADVANCED_FACE('',(#296),#314,.F.);
#296 = FACE_BOUND('',#297,.F.);
#297 = EDGE_LOOP('',(#298,#299,#300,#308));
#298 = ORIENTED_EDGE('',*,*,#161,.F.);
#299 = ORIENTED_EDGE('',*,*,#250,.T.);
#300 = ORIENTED_EDGE('',*,*,#301,.T.);
#301 = EDGE_CURVE('',#251,#302,#304,.T.);
#302 = VERTEX_POINT('',#303);
#303 = CARTESIAN_POINT('',(-0.3,0.23,0.));
#304 = LINE('',#305,#306);
#305 = CARTESIAN_POINT('',(-0.3,-0.25,0.));
#306 = VECTOR('',#307,1.);
#307 = DIRECTION('',(0.,1.,0.));
#308 = ORIENTED_EDGE('',*,*,#309,.F.);
#309 = EDGE_CURVE('',#162,#302,#310,.T.);
#310 = LINE('',#311,#312);
#311 = CARTESIAN_POINT('',(-0.5,0.23,0.));
#312 = VECTOR('',#313,1.);
#313 = DIRECTION('',(1.,0.,0.));
#314 = PLANE('',#315);
#315 = AXIS2_PLACEMENT_3D('',#316,#317,#318);
#316 = CARTESIAN_POINT('',(-0.5,-0.25,0.));
#317 = DIRECTION('',(0.,0.,1.));
#318 = DIRECTION('',(1.,0.,-0.));
#319 = ADVANCED_FACE('',(#320),#338,.T.);
#320 = FACE_BOUND('',#321,.T.);
#321 = EDGE_LOOP('',(#322,#323,#324,#332));
#322 = ORIENTED_EDGE('',*,*,#195,.F.);
#323 = ORIENTED_EDGE('',*,*,#284,.T.);
#324 = ORIENTED_EDGE('',*,*,#325,.T.);
#325 = EDGE_CURVE('',#276,#326,#328,.T.);
#326 = VERTEX_POINT('',#327);
#327 = CARTESIAN_POINT('',(-0.3,0.23,0.5));
#328 = LINE('',#329,#330);
#329 = CARTESIAN_POINT('',(-0.3,-0.25,0.5));
#330 = VECTOR('',#331,1.);
#331 = DIRECTION('',(0.,1.,0.));
#332 = ORIENTED_EDGE('',*,*,#333,.F.);
#333 = EDGE_CURVE('',#187,#326,#334,.T.);
#334 = LINE('',#335,#336);
#335 = CARTESIAN_POINT('',(-0.5,0.23,0.5));
#336 = VECTOR('',#337,1.);
#337 = DIRECTION('',(1.,0.,0.));
#338 = PLANE('',#339);
#339 = AXIS2_PLACEMENT_3D('',#340,#341,#342);
#340 = CARTESIAN_POINT('',(-0.5,-0.25,0.5));
#341 = DIRECTION('',(0.,0.,1.));
#342 = DIRECTION('',(1.,0.,-0.));
#343 = ADVANCED_FACE('',(#344),#363,.T.);
#344 = FACE_BOUND('',#345,.T.);
#345 = EDGE_LOOP('',(#346,#354,#361,#362));
#346 = ORIENTED_EDGE('',*,*,#347,.T.);
#347 = EDGE_CURVE('',#170,#348,#350,.T.);
#348 = VERTEX_POINT('',#349);
#349 = CARTESIAN_POINT('',(-0.3,0.25,2.E-02));
#350 = LINE('',#351,#352);
#351 = CARTESIAN_POINT('',(-0.5,0.25,2.E-02));
#352 = VECTOR('',#353,1.);
#353 = DIRECTION('',(1.,0.,0.));
#354 = ORIENTED_EDGE('',*,*,#355,.T.);
#355 = EDGE_CURVE('',#348,#302,#356,.T.);
#356 = CIRCLE('',#357,2.E-02);
#357 = AXIS2_PLACEMENT_3D('',#358,#359,#360);
#358 = CARTESIAN_POINT('',(-0.3,0.23,2.E-02));
#359 = DIRECTION('',(-1.,0.,0.));
#360 = DIRECTION('',(0.,0.,1.));
#361 = ORIENTED_EDGE('',*,*,#309,.F.);
#362 = ORIENTED_EDGE('',*,*,#169,.F.);
#363 = CYLINDRICAL_SURFACE('',#364,2.E-02);
#364 = AXIS2_PLACEMENT_3D('',#365,#366,#367);
#365 = CARTESIAN_POINT('',(-0.5,0.23,2.E-02));
#366 = DIRECTION('',(1.,0.,0.));
#367 = DIRECTION('',(-0.,1.,0.));
#368 = ADVANCED_FACE('',(#369),#388,.T.);
#369 = FACE_BOUND('',#370,.T.);
#370 = EDGE_LOOP('',(#371,#372,#373,#382));
#371 = ORIENTED_EDGE('',*,*,#186,.T.);
#372 = ORIENTED_EDGE('',*,*,#333,.T.);
#373 = ORIENTED_EDGE('',*,*,#374,.F.);
#374 = EDGE_CURVE('',#375,#326,#377,.T.);
#375 = VERTEX_POINT('',#376);
#376 = CARTESIAN_POINT('',(-0.3,0.25,0.48));
#377 = CIRCLE('',#378,2.E-02);
#378 = AXIS2_PLACEMENT_3D('',#379,#380,#381);
#379 = CARTESIAN_POINT('',(-0.3,0.23,0.48));
#380 = DIRECTION('',(1.,0.,-0.));
#381 = DIRECTION('',(0.,0.,1.));
#382 = ORIENTED_EDGE('',*,*,#383,.F.);
#383 = EDGE_CURVE('',#179,#375,#384,.T.);
#384 = LINE('',#385,#386);
#385 = CARTESIAN_POINT('',(-0.5,0.25,0.48));
#386 = VECTOR('',#387,1.);
#387 = DIRECTION('',(1.,0.,0.));
#388 = CYLINDRICAL_SURFACE('',#389,2.E-02);
#389 = AXIS2_PLACEMENT_3D('',#390,#391,#392);
#390 = CARTESIAN_POINT('',(-0.5,0.23,0.48));
#391 = DIRECTION('',(1.,0.,0.));
#392 = DIRECTION('',(-0.,1.,0.));
#393 = ADVANCED_FACE('',(#394),#405,.T.);
#394 = FACE_BOUND('',#395,.T.);
#395 = EDGE_LOOP('',(#396,#402,#403,#404));
#396 = ORIENTED_EDGE('',*,*,#397,.F.);
#397 = EDGE_CURVE('',#348,#375,#398,.T.);
#398 = LINE('',#399,#400);
#399 = CARTESIAN_POINT('',(-0.3,0.25,0.));
#400 = VECTOR('',#401,1.);
#401 = DIRECTION('',(0.,0.,1.));
#402 = ORIENTED_EDGE('',*,*,#347,.F.);
#403 = ORIENTED_EDGE('',*,*,#178,.T.);
#404 = ORIENTED_EDGE('',*,*,#383,.T.);
#405 = PLANE('',#406);
#406 = AXIS2_PLACEMENT_3D('',#407,#408,#409);
#407 = CARTESIAN_POINT('',(-0.5,0.25,0.));
#408 = DIRECTION('',(0.,1.,0.));
#409 = DIRECTION('',(0.,-0.,1.));
#410 = ADVANCED_FACE('',(#411,#421),#491,.T.);
#411 = FACE_BOUND('',#412,.T.);
#412 = EDGE_LOOP('',(#413,#414,#415,#416,#417,#418,#419,#420));
#413 = ORIENTED_EDGE('',*,*,#218,.F.);
#414 = ORIENTED_EDGE('',*,*,#258,.T.);
#415 = ORIENTED_EDGE('',*,*,#301,.T.);
#416 = ORIENTED_EDGE('',*,*,#355,.F.);
#417 = ORIENTED_EDGE('',*,*,#397,.T.);
#418 = ORIENTED_EDGE('',*,*,#374,.T.);
#419 = ORIENTED_EDGE('',*,*,#325,.F.);
#420 = ORIENTED_EDGE('',*,*,#275,.F.);
#421 = FACE_BOUND('',#422,.T.);
#422 = EDGE_LOOP('',(#423,#434,#442,#451,#459,#468,#476,#485));
#423 = ORIENTED_EDGE('',*,*,#424,.F.);
#424 = EDGE_CURVE('',#425,#427,#429,.T.);
#425 = VERTEX_POINT('',#426);
#426 = CARTESIAN_POINT('',(-0.3,-0.23,4.E-02));
#427 = VERTEX_POINT('',#428);
#428 = CARTESIAN_POINT('',(-0.3,-0.21,2.E-02));
#429 = CIRCLE('',#430,2.E-02);
#430 = AXIS2_PLACEMENT_3D('',#431,#432,#433);
#431 = CARTESIAN_POINT('',(-0.3,-0.21,4.E-02));
#432 = DIRECTION('',(1.,0.,-0.));
#433 = DIRECTION('',(0.,0.,1.));
#434 = ORIENTED_EDGE('',*,*,#435,.T.);
#435 = EDGE_CURVE('',#425,#436,#438,.T.);
#436 = VERTEX_POINT('',#437);
#437 = CARTESIAN_POINT('',(-0.3,-0.23,0.46));
#438 = LINE('',#439,#440);
#439 = CARTESIAN_POINT('',(-0.3,-0.23,2.E-02));
#440 = VECTOR('',#441,1.);
#441 = DIRECTION('',(0.,0.,1.));
#442 = ORIENTED_EDGE('',*,*,#443,.T.);
#443 = EDGE_CURVE('',#436,#444,#446,.T.);
#444 = VERTEX_POINT('',#445);
#445 = CARTESIAN_POINT('',(-0.3,-0.21,0.48));
#446 = CIRCLE('',#447,2.E-02);
#447 = AXIS2_PLACEMENT_3D('',#448,#449,#450);
#448 = CARTESIAN_POINT('',(-0.3,-0.21,0.46));
#449 = DIRECTION('',(-1.,0.,0.));
#450 = DIRECTION('',(0.,0.,1.));
#451 = ORIENTED_EDGE('',*,*,#452,.T.);
#452 = EDGE_CURVE('',#444,#453,#455,.T.);
#453 = VERTEX_POINT('',#454);
#454 = CARTESIAN_POINT('',(-0.3,0.21,0.48));
#455 = LINE('',#456,#457);
#456 = CARTESIAN_POINT('',(-0.3,-0.23,0.48));
#457 = VECTOR('',#458,1.);
#458 = DIRECTION('',(0.,1.,0.));
#459 = ORIENTED_EDGE('',*,*,#460,.F.);
#460 = EDGE_CURVE('',#461,#453,#463,.T.);
#461 = VERTEX_POINT('',#462);
#462 = CARTESIAN_POINT('',(-0.3,0.23,0.46));
#463 = CIRCLE('',#464,2.E-02);
#464 = AXIS2_PLACEMENT_3D('',#465,#466,#467);
#465 = CARTESIAN_POINT('',(-0.3,0.21,0.46));
#466 = DIRECTION('',(1.,0.,-0.));
#467 = DIRECTION('',(0.,0.,1.));
#468 = ORIENTED_EDGE('',*,*,#469,.F.);
#469 = EDGE_CURVE('',#470,#461,#472,.T.);
#470 = VERTEX_POINT('',#471);
#471 = CARTESIAN_POINT('',(-0.3,0.23,4.E-02));
#472 = LINE('',#473,#474);
#473 = CARTESIAN_POINT('',(-0.3,0.23,2.E-02));
#474 = VECTOR('',#475,1.);
#475 = DIRECTION('',(0.,0.,1.));
#476 = ORIENTED_EDGE('',*,*,#477,.T.);
#477 = EDGE_CURVE('',#470,#478,#480,.T.);
#478 = VERTEX_POINT('',#479);
#479 = CARTESIAN_POINT('',(-0.3,0.21,2.E-02));
#480 = CIRCLE('',#481,2.E-02);
#481 = AXIS2_PLACEMENT_3D('',#482,#483,#484);
#482 = CARTESIAN_POINT('',(-0.3,0.21,4.E-02));
#483 = DIRECTION('',(-1.,0.,0.));
#484 = DIRECTION('',(0.,0.,1.));
#485 = ORIENTED_EDGE('',*,*,#486,.F.);
#486 = EDGE_CURVE('',#427,#478,#487,.T.);
#487 = LINE('',#488,#489);
#488 = CARTESIAN_POINT('',(-0.3,-0.23,2.E-02));
#489 = VECTOR('',#490,1.);
#490 = DIRECTION('',(0.,1.,0.));
#491 = PLANE('',#492);
#492 = AXIS2_PLACEMENT_3D('',#493,#494,#495);
#493 = CARTESIAN_POINT('',(-0.3,-0.25,0.));
#494 = DIRECTION('',(1.,0.,0.));
#495 = DIRECTION('',(0.,0.,1.));
#496 = ADVANCED_FACE('',(#497),#523,.T.);
#497 = FACE_BOUND('',#498,.T.);
#498 = EDGE_LOOP('',(#499,#500,#508,#517));
#499 = ORIENTED_EDGE('',*,*,#424,.T.);
#500 = ORIENTED_EDGE('',*,*,#501,.T.);
#501 = EDGE_CURVE('',#427,#502,#504,.T.);
#502 = VERTEX_POINT('',#503);
#503 = CARTESIAN_POINT('',(0.3,-0.21,2.E-02));
#504 = LINE('',#505,#506);
#505 = CARTESIAN_POINT('',(-0.3,-0.21,2.E-02));
#506 = VECTOR('',#507,1.);
#507 = DIRECTION('',(1.,0.,0.));
#508 = ORIENTED_EDGE('',*,*,#509,.F.);
#509 = EDGE_CURVE('',#510,#502,#512,.T.);
#510 = VERTEX_POINT('',#511);
#511 = CARTESIAN_POINT('',(0.3,-0.23,4.E-02));
#512 = CIRCLE('',#513,2.E-02);
#513 = AXIS2_PLACEMENT_3D('',#514,#515,#516);
#514 = CARTESIAN_POINT('',(0.3,-0.21,4.E-02));
#515 = DIRECTION('',(1.,0.,-0.));
#516 = DIRECTION('',(0.,0.,1.));
#517 = ORIENTED_EDGE('',*,*,#518,.F.);
#518 = EDGE_CURVE('',#425,#510,#519,.T.);
#519 = LINE('',#520,#521);
#520 = CARTESIAN_POINT('',(-0.3,-0.23,4.E-02));
#521 = VECTOR('',#522,1.);
#522 = DIRECTION('',(1.,0.,0.));
#523 = CYLINDRICAL_SURFACE('',#524,2.E-02);
#524 = AXIS2_PLACEMENT_3D('',#525,#526,#527);
#525 = CARTESIAN_POINT('',(-0.3,-0.21,4.E-02));
#526 = DIRECTION('',(1.,0.,0.));
#527 = DIRECTION('',(0.,-1.,0.));
#528 = ADVANCED_FACE('',(#529),#547,.F.);
#529 = FACE_BOUND('',#530,.F.);
#530 = EDGE_LOOP('',(#531,#532,#533,#541));
#531 = ORIENTED_EDGE('',*,*,#486,.F.);
#532 = ORIENTED_EDGE('',*,*,#501,.T.);
#533 = ORIENTED_EDGE('',*,*,#534,.T.);
#534 = EDGE_CURVE('',#502,#535,#537,.T.);
#535 = VERTEX_POINT('',#536);
#536 = CARTESIAN_POINT('',(0.3,0.21,2.E-02));
#537 = LINE('',#538,#539);
#538 = CARTESIAN_POINT('',(0.3,-0.23,2.E-02));
#539 = VECTOR('',#540,1.);
#540 = DIRECTION('',(0.,1.,0.));
#541 = ORIENTED_EDGE('',*,*,#542,.F.);
#542 = EDGE_CURVE('',#478,#535,#543,.T.);
#543 = LINE('',#544,#545);
#544 = CARTESIAN_POINT('',(-0.3,0.21,2.E-02));
#545 = VECTOR('',#546,1.);
#546 = DIRECTION('',(1.,0.,0.));
#547 = PLANE('',#548);
#548 = AXIS2_PLACEMENT_3D('',#549,#550,#551);
#549 = CARTESIAN_POINT('',(-0.3,-0.23,2.E-02));
#550 = DIRECTION('',(0.,0.,1.));
#551 = DIRECTION('',(1.,0.,-0.));
#552 = ADVANCED_FACE('',(#553),#572,.T.);
#553 = FACE_BOUND('',#554,.T.);
#554 = EDGE_LOOP('',(#555,#563,#570,#571));
#555 = ORIENTED_EDGE('',*,*,#556,.T.);
#556 = EDGE_CURVE('',#470,#557,#559,.T.);
#557 = VERTEX_POINT('',#558);
#558 = CARTESIAN_POINT('',(0.3,0.23,4.E-02));
#559 = LINE('',#560,#561);
#560 = CARTESIAN_POINT('',(-0.3,0.23,4.E-02));
#561 = VECTOR('',#562,1.);
#562 = DIRECTION('',(1.,0.,0.));
#563 = ORIENTED_EDGE('',*,*,#564,.T.);
#564 = EDGE_CURVE('',#557,#535,#565,.T.);
#565 = CIRCLE('',#566,2.E-02);
#566 = AXIS2_PLACEMENT_3D('',#567,#568,#569);
#567 = CARTESIAN_POINT('',(0.3,0.21,4.E-02));
#568 = DIRECTION('',(-1.,0.,0.));
#569 = DIRECTION('',(0.,0.,1.));
#570 = ORIENTED_EDGE('',*,*,#542,.F.);
#571 = ORIENTED_EDGE('',*,*,#477,.F.);
#572 = CYLINDRICAL_SURFACE('',#573,2.E-02);
#573 = AXIS2_PLACEMENT_3D('',#574,#575,#576);
#574 = CARTESIAN_POINT('',(-0.3,0.21,4.E-02));
#575 = DIRECTION('',(1.,0.,0.));
#576 = DIRECTION('',(-0.,1.,0.));
#577 = ADVANCED_FACE('',(#578),#596,.T.);
#578 = FACE_BOUND('',#579,.T.);
#579 = EDGE_LOOP('',(#580,#588,#589,#590));
#580 = ORIENTED_EDGE('',*,*,#581,.F.);
#581 = EDGE_CURVE('',#557,#582,#584,.T.);
#582 = VERTEX_POINT('',#583);
#583 = CARTESIAN_POINT('',(0.3,0.23,0.46));
#584 = LINE('',#585,#586);
#585 = CARTESIAN_POINT('',(0.3,0.23,2.E-02));
#586 = VECTOR('',#587,1.);
#587 = DIRECTION('',(0.,0.,1.));
#588 = ORIENTED_EDGE('',*,*,#556,.F.);
#589 = ORIENTED_EDGE('',*,*,#469,.T.);
#590 = ORIENTED_EDGE('',*,*,#591,.T.);
#591 = EDGE_CURVE('',#461,#582,#592,.T.);
#592 = LINE('',#593,#594);
#593 = CARTESIAN_POINT('',(-0.3,0.23,0.46));
#594 = VECTOR('',#595,1.);
#595 = DIRECTION('',(1.,0.,0.));
#596 = PLANE('',#597);
#597 = AXIS2_PLACEMENT_3D('',#598,#599,#600);
#598 = CARTESIAN_POINT('',(-0.3,0.23,2.E-02));
#599 = DIRECTION('',(0.,1.,0.));
#600 = DIRECTION('',(0.,-0.,1.));
#601 = ADVANCED_FACE('',(#602),#621,.T.);
#602 = FACE_BOUND('',#603,.T.);
#603 = EDGE_LOOP('',(#604,#605,#613,#620));
#604 = ORIENTED_EDGE('',*,*,#460,.T.);
#605 = ORIENTED_EDGE('',*,*,#606,.T.);
#606 = EDGE_CURVE('',#453,#607,#609,.T.);
#607 = VERTEX_POINT('',#608);
#608 = CARTESIAN_POINT('',(0.3,0.21,0.48));
#609 = LINE('',#610,#611);
#610 = CARTESIAN_POINT('',(-0.3,0.21,0.48));
#611 = VECTOR('',#612,1.);
#612 = DIRECTION('',(1.,0.,0.));
#613 = ORIENTED_EDGE('',*,*,#614,.F.);
#614 = EDGE_CURVE('',#582,#607,#615,.T.);
#615 = CIRCLE('',#616,2.E-02);
#616 = AXIS2_PLACEMENT_3D('',#617,#618,#619);
#617 = CARTESIAN_POINT('',(0.3,0.21,0.46));
#618 = DIRECTION('',(1.,0.,-0.));
#619 = DIRECTION('',(0.,0.,1.));
#620 = ORIENTED_EDGE('',*,*,#591,.F.);
#621 = CYLINDRICAL_SURFACE('',#622,2.E-02);
#622 = AXIS2_PLACEMENT_3D('',#623,#624,#625);
#623 = CARTESIAN_POINT('',(-0.3,0.21,0.46));
#624 = DIRECTION('',(1.,0.,0.));
#625 = DIRECTION('',(-0.,1.,0.));
#626 = ADVANCED_FACE('',(#627),#645,.T.);
#627 = FACE_BOUND('',#628,.T.);
#628 = EDGE_LOOP('',(#629,#630,#638,#644));
#629 = ORIENTED_EDGE('',*,*,#452,.F.);
#630 = ORIENTED_EDGE('',*,*,#631,.T.);
#631 = EDGE_CURVE('',#444,#632,#634,.T.);
#632 = VERTEX_POINT('',#633);
#633 = CARTESIAN_POINT('',(0.3,-0.21,0.48));
#634 = LINE('',#635,#636);
#635 = CARTESIAN_POINT('',(-0.3,-0.21,0.48));
#636 = VECTOR('',#637,1.);
#637 = DIRECTION('',(1.,0.,0.));
#638 = ORIENTED_EDGE('',*,*,#639,.T.);
#639 = EDGE_CURVE('',#632,#607,#640,.T.);
#640 = LINE('',#641,#642);
#641 = CARTESIAN_POINT('',(0.3,-0.23,0.48));
#642 = VECTOR('',#643,1.);
#643 = DIRECTION('',(0.,1.,0.));
#644 = ORIENTED_EDGE('',*,*,#606,.F.);
#645 = PLANE('',#646);
#646 = AXIS2_PLACEMENT_3D('',#647,#648,#649);
#647 = CARTESIAN_POINT('',(-0.3,-0.23,0.48));
#648 = DIRECTION('',(0.,0.,1.));
#649 = DIRECTION('',(1.,0.,-0.));
#650 = ADVANCED_FACE('',(#651),#670,.T.);
#651 = FACE_BOUND('',#652,.T.);
#652 = EDGE_LOOP('',(#653,#661,#668,#669));
#653 = ORIENTED_EDGE('',*,*,#654,.T.);
#654 = EDGE_CURVE('',#436,#655,#657,.T.);
#655 = VERTEX_POINT('',#656);
#656 = CARTESIAN_POINT('',(0.3,-0.23,0.46));
#657 = LINE('',#658,#659);
#658 = CARTESIAN_POINT('',(-0.3,-0.23,0.46));
#659 = VECTOR('',#660,1.);
#660 = DIRECTION('',(1.,0.,0.));
#661 = ORIENTED_EDGE('',*,*,#662,.T.);
#662 = EDGE_CURVE('',#655,#632,#663,.T.);
#663 = CIRCLE('',#664,2.E-02);
#664 = AXIS2_PLACEMENT_3D('',#665,#666,#667);
#665 = CARTESIAN_POINT('',(0.3,-0.21,0.46));
#666 = DIRECTION('',(-1.,0.,0.));
#667 = DIRECTION('',(0.,0.,1.));
#668 = ORIENTED_EDGE('',*,*,#631,.F.);
#669 = ORIENTED_EDGE('',*,*,#443,.F.);
#670 = CYLINDRICAL_SURFACE('',#671,2.E-02);
#671 = AXIS2_PLACEMENT_3D('',#672,#673,#674);
#672 = CARTESIAN_POINT('',(-0.3,-0.21,0.46));
#673 = DIRECTION('',(1.,0.,0.));
#674 = DIRECTION('',(0.,-1.,0.));
#675 = ADVANCED_FACE('',(#676),#687,.F.);
#676 = FACE_BOUND('',#677,.F.);
#677 = EDGE_LOOP('',(#678,#684,#685,#686));
#678 = ORIENTED_EDGE('',*,*,#679,.F.);
#679 = EDGE_CURVE('',#510,#655,#680,.T.);
#680 = LINE('',#681,#682);
#681 = CARTESIAN_POINT('',(0.3,-0.23,2.E-02));
#682 = VECTOR('',#683,1.);
#683 = DIRECTION('',(0.,0.,1.));
#684 = ORIENTED_EDGE('',*,*,#518,.F.);
#685 = ORIENTED_EDGE('',*,*,#435,.T.);
#686 = ORIENTED_EDGE('',*,*,#654,.T.);
#687 = PLANE('',#688);
#688 = AXIS2_PLACEMENT_3D('',#689,#690,#691);
#689 = CARTESIAN_POINT('',(-0.3,-0.23,2.E-02));
#690 = DIRECTION('',(0.,1.,0.));
#691 = DIRECTION('',(0.,-0.,1.));
#692 = ADVANCED_FACE('',(#693,#763),#773,.F.);
#693 = FACE_BOUND('',#694,.F.);
#694 = EDGE_LOOP('',(#695,#705,#714,#722,#731,#739,#748,#756));
#695 = ORIENTED_EDGE('',*,*,#696,.F.);
#696 = EDGE_CURVE('',#697,#699,#701,.T.);
#697 = VERTEX_POINT('',#698);
#698 = CARTESIAN_POINT('',(0.3,-0.25,2.E-02));
#699 = VERTEX_POINT('',#700);
#700 = CARTESIAN_POINT('',(0.3,-0.25,0.48));
#701 = LINE('',#702,#703);
#702 = CARTESIAN_POINT('',(0.3,-0.25,0.));
#703 = VECTOR('',#704,1.);
#704 = DIRECTION('',(0.,0.,1.));
#705 = ORIENTED_EDGE('',*,*,#706,.T.);
#706 = EDGE_CURVE('',#697,#707,#709,.T.);
#707 = VERTEX_POINT('',#708);
#708 = CARTESIAN_POINT('',(0.3,-0.23,0.));
#709 = CIRCLE('',#710,2.E-02);
#710 = AXIS2_PLACEMENT_3D('',#711,#712,#713);
#711 = CARTESIAN_POINT('',(0.3,-0.23,2.E-02));
#712 = DIRECTION('',(1.,0.,-0.));
#713 = DIRECTION('',(0.,0.,1.));
#714 = ORIENTED_EDGE('',*,*,#715,.T.);
#715 = EDGE_CURVE('',#707,#716,#718,.T.);
#716 = VERTEX_POINT('',#717);
#717 = CARTESIAN_POINT('',(0.3,0.23,0.));
#718 = LINE('',#719,#720);
#719 = CARTESIAN_POINT('',(0.3,-0.25,0.));
#720 = VECTOR('',#721,1.);
#721 = DIRECTION('',(0.,1.,0.));
#722 = ORIENTED_EDGE('',*,*,#723,.F.);
#723 = EDGE_CURVE('',#724,#716,#726,.T.);
#724 = VERTEX_POINT('',#725);
#725 = CARTESIAN_POINT('',(0.3,0.25,2.E-02));
#726 = CIRCLE('',#727,2.E-02);
#727 = AXIS2_PLACEMENT_3D('',#728,#729,#730);
#728 = CARTESIAN_POINT('',(0.3,0.23,2.E-02));
#729 = DIRECTION('',(-1.,0.,0.));
#730 = DIRECTION('',(0.,0.,1.));
#731 = ORIENTED_EDGE('',*,*,#732,.T.);
#732 = EDGE_CURVE('',#724,#733,#735,.T.);
#733 = VERTEX_POINT('',#734);
#734 = CARTESIAN_POINT('',(0.3,0.25,0.48));
#735 = LINE('',#736,#737);
#736 = CARTESIAN_POINT('',(0.3,0.25,0.));
#737 = VECTOR('',#738,1.);
#738 = DIRECTION('',(0.,0.,1.));
#739 = ORIENTED_EDGE('',*,*,#740,.T.);
#740 = EDGE_CURVE('',#733,#741,#743,.T.);
#741 = VERTEX_POINT('',#742);
#742 = CARTESIAN_POINT('',(0.3,0.23,0.5));
#743 = CIRCLE('',#744,2.E-02);
#744 = AXIS2_PLACEMENT_3D('',#745,#746,#747);
#745 = CARTESIAN_POINT('',(0.3,0.23,0.48));
#746 = DIRECTION('',(1.,0.,-0.));
#747 = DIRECTION('',(0.,0.,1.));
#748 = ORIENTED_EDGE('',*,*,#749,.F.);
#749 = EDGE_CURVE('',#750,#741,#752,.T.);
#750 = VERTEX_POINT('',#751);
#751 = CARTESIAN_POINT('',(0.3,-0.23,0.5));
#752 = LINE('',#753,#754);
#753 = CARTESIAN_POINT('',(0.3,-0.25,0.5));
#754 = VECTOR('',#755,1.);
#755 = DIRECTION('',(0.,1.,0.));
#756 = ORIENTED_EDGE('',*,*,#757,.F.);
#757 = EDGE_CURVE('',#699,#750,#758,.T.);
#758 = CIRCLE('',#759,2.E-02);
#759 = AXIS2_PLACEMENT_3D('',#760,#761,#762);
#760 = CARTESIAN_POINT('',(0.3,-0.23,0.48));
#761 = DIRECTION('',(-1.,0.,0.));
#762 = DIRECTION('',(0.,0.,1.));
#763 = FACE_BOUND('',#764,.F.);
#764 = EDGE_LOOP('',(#765,#766,#767,#768,#769,#770,#771,#772));
#765 = ORIENTED_EDGE('',*,*,#509,.F.);
#766 = ORIENTED_EDGE('',*,*,#679,.T.);
#767 = ORIENTED_EDGE('',*,*,#662,.T.);
#768 = ORIENTED_EDGE('',*,*,#639,.T.);
#769 = ORIENTED_EDGE('',*,*,#614,.F.);
#770 = ORIENTED_EDGE('',*,*,#581,.F.);
#771 = ORIENTED_EDGE('',*,*,#564,.T.);
#772 = ORIENTED_EDGE('',*,*,#534,.F.);
#773 = PLANE('',#774);
#774 = AXIS2_PLACEMENT_3D('',#775,#776,#777);
#775 = CARTESIAN_POINT('',(0.3,-0.25,0.));
#776 = DIRECTION('',(1.,0.,0.));
#777 = DIRECTION('',(0.,0.,1.));
#778 = ADVANCED_FACE('',(#779),#804,.F.);
#779 = FACE_BOUND('',#780,.F.);
#780 = EDGE_LOOP('',(#781,#791,#797,#798));
#781 = ORIENTED_EDGE('',*,*,#782,.F.);
#782 = EDGE_CURVE('',#783,#785,#787,.T.);
#783 = VERTEX_POINT('',#784);
#784 = CARTESIAN_POINT('',(0.5,-0.25,2.E-02));
#785 = VERTEX_POINT('',#786);
#786 = CARTESIAN_POINT('',(0.5,-0.25,0.48));
#787 = LINE('',#788,#789);
#788 = CARTESIAN_POINT('',(0.5,-0.25,0.));
#789 = VECTOR('',#790,1.);
#790 = DIRECTION('',(0.,0.,1.));
#791 = ORIENTED_EDGE('',*,*,#792,.F.);
#792 = EDGE_CURVE('',#697,#783,#793,.T.);
#793 = LINE('',#794,#795);
#794 = CARTESIAN_POINT('',(0.3,-0.25,2.E-02));
#795 = VECTOR('',#796,1.);
#796 = DIRECTION('',(1.,0.,0.));
#797 = ORIENTED_EDGE('',*,*,#696,.T.);
#798 = ORIENTED_EDGE('',*,*,#799,.T.);
#799 = EDGE_CURVE('',#699,#785,#800,.T.);
#800 = LINE('',#801,#802);
#801 = CARTESIAN_POINT('',(0.3,-0.25,0.48));
#802 = VECTOR('',#803,1.);
#803 = DIRECTION('',(1.,0.,0.));
#804 = PLANE('',#805);
#805 = AXIS2_PLACEMENT_3D('',#806,#807,#808);
#806 = CARTESIAN_POINT('',(0.3,-0.25,0.));
#807 = DIRECTION('',(0.,1.,0.));
#808 = DIRECTION('',(0.,-0.,1.));
#809 = ADVANCED_FACE('',(#810),#829,.T.);
#810 = FACE_BOUND('',#811,.T.);
#811 = EDGE_LOOP('',(#812,#813,#821,#828));
#812 = ORIENTED_EDGE('',*,*,#706,.T.);
#813 = ORIENTED_EDGE('',*,*,#814,.T.);
#814 = EDGE_CURVE('',#707,#815,#817,.T.);
#815 = VERTEX_POINT('',#816);
#816 = CARTESIAN_POINT('',(0.5,-0.23,0.));
#817 = LINE('',#818,#819);
#818 = CARTESIAN_POINT('',(0.3,-0.23,0.));
#819 = VECTOR('',#820,1.);
#820 = DIRECTION('',(1.,0.,0.));
#821 = ORIENTED_EDGE('',*,*,#822,.F.);
#822 = EDGE_CURVE('',#783,#815,#823,.T.);
#823 = CIRCLE('',#824,2.E-02);
#824 = AXIS2_PLACEMENT_3D('',#825,#826,#827);
#825 = CARTESIAN_POINT('',(0.5,-0.23,2.E-02));
#826 = DIRECTION('',(1.,0.,-0.));
#827 = DIRECTION('',(0.,0.,1.));
#828 = ORIENTED_EDGE('',*,*,#792,.F.);
#829 = CYLINDRICAL_SURFACE('',#830,2.E-02);
#830 = AXIS2_PLACEMENT_3D('',#831,#832,#833);
#831 = CARTESIAN_POINT('',(0.3,-0.23,2.E-02));
#832 = DIRECTION('',(1.,0.,0.));
#833 = DIRECTION('',(0.,-1.,0.));
#834 = ADVANCED_FACE('',(#835),#854,.T.);
#835 = FACE_BOUND('',#836,.T.);
#836 = EDGE_LOOP('',(#837,#838,#847,#853));
#837 = ORIENTED_EDGE('',*,*,#799,.T.);
#838 = ORIENTED_EDGE('',*,*,#839,.T.);
#839 = EDGE_CURVE('',#785,#840,#842,.T.);
#840 = VERTEX_POINT('',#841);
#841 = CARTESIAN_POINT('',(0.5,-0.23,0.5));
#842 = CIRCLE('',#843,2.E-02);
#843 = AXIS2_PLACEMENT_3D('',#844,#845,#846);
#844 = CARTESIAN_POINT('',(0.5,-0.23,0.48));
#845 = DIRECTION('',(-1.,0.,0.));
#846 = DIRECTION('',(0.,0.,1.));
#847 = ORIENTED_EDGE('',*,*,#848,.F.);
#848 = EDGE_CURVE('',#750,#840,#849,.T.);
#849 = LINE('',#850,#851);
#850 = CARTESIAN_POINT('',(0.3,-0.23,0.5));
#851 = VECTOR('',#852,1.);
#852 = DIRECTION('',(1.,0.,0.));
#853 = ORIENTED_EDGE('',*,*,#757,.F.);
#854 = CYLINDRICAL_SURFACE('',#855,2.E-02);
#855 = AXIS2_PLACEMENT_3D('',#856,#857,#858);
#856 = CARTESIAN_POINT('',(0.3,-0.23,0.48));
#857 = DIRECTION('',(1.,0.,0.));
#858 = DIRECTION('',(0.,-1.,0.));
#859 = ADVANCED_FACE('',(#860),#878,.F.);
#860 = FACE_BOUND('',#861,.F.);
#861 = EDGE_LOOP('',(#862,#863,#864,#872));
#862 = ORIENTED_EDGE('',*,*,#715,.F.);
#863 = ORIENTED_EDGE('',*,*,#814,.T.);
#864 = ORIENTED_EDGE('',*,*,#865,.T.);
#865 = EDGE_CURVE('',#815,#866,#868,.T.);
#866 = VERTEX_POINT('',#867);
#867 = CARTESIAN_POINT('',(0.5,0.23,0.));
#868 = LINE('',#869,#870);
#869 = CARTESIAN_POINT('',(0.5,-0.25,0.));
#870 = VECTOR('',#871,1.);
#871 = DIRECTION('',(0.,1.,0.));
#872 = ORIENTED_EDGE('',*,*,#873,.F.);
#873 = EDGE_CURVE('',#716,#866,#874,.T.);
#874 = LINE('',#875,#876);
#875 = CARTESIAN_POINT('',(0.3,0.23,0.));
#876 = VECTOR('',#877,1.);
#877 = DIRECTION('',(1.,0.,0.));
#878 = PLANE('',#879);
#879 = AXIS2_PLACEMENT_3D('',#880,#881,#882);
#880 = CARTESIAN_POINT('',(0.3,-0.25,0.));
#881 = DIRECTION('',(0.,0.,1.));
#882 = DIRECTION('',(1.,0.,-0.));
#883 = ADVANCED_FACE('',(#884),#902,.T.);
#884 = FACE_BOUND('',#885,.T.);
#885 = EDGE_LOOP('',(#886,#887,#888,#896));
#886 = ORIENTED_EDGE('',*,*,#749,.F.);
#887 = ORIENTED_EDGE('',*,*,#848,.T.);
#888 = ORIENTED_EDGE('',*,*,#889,.T.);
#889 = EDGE_CURVE('',#840,#890,#892,.T.);
#890 = VERTEX_POINT('',#891);
#891 = CARTESIAN_POINT('',(0.5,0.23,0.5));
#892 = LINE('',#893,#894);
#893 = CARTESIAN_POINT('',(0.5,-0.25,0.5));
#894 = VECTOR('',#895,1.);
#895 = DIRECTION('',(0.,1.,0.));
#896 = ORIENTED_EDGE('',*,*,#897,.F.);
#897 = EDGE_CURVE('',#741,#890,#898,.T.);
#898 = LINE('',#899,#900);
#899 = CARTESIAN_POINT('',(0.3,0.23,0.5));
#900 = VECTOR('',#901,1.);
#901 = DIRECTION('',(1.,0.,0.));
#902 = PLANE('',#903);
#903 = AXIS2_PLACEMENT_3D('',#904,#905,#906);
#904 = CARTESIAN_POINT('',(0.3,-0.25,0.5));
#905 = DIRECTION('',(0.,0.,1.));
#906 = DIRECTION('',(1.,0.,-0.));
#907 = ADVANCED_FACE('',(#908),#927,.T.);
#908 = FACE_BOUND('',#909,.T.);
#909 = EDGE_LOOP('',(#910,#918,#925,#926));
#910 = ORIENTED_EDGE('',*,*,#911,.T.);
#911 = EDGE_CURVE('',#724,#912,#914,.T.);
#912 = VERTEX_POINT('',#913);
#913 = CARTESIAN_POINT('',(0.5,0.25,2.E-02));
#914 = LINE('',#915,#916);
#915 = CARTESIAN_POINT('',(0.3,0.25,2.E-02));
#916 = VECTOR('',#917,1.);
#917 = DIRECTION('',(1.,0.,0.));
#918 = ORIENTED_EDGE('',*,*,#919,.T.);
#919 = EDGE_CURVE('',#912,#866,#920,.T.);
#920 = CIRCLE('',#921,2.E-02);
#921 = AXIS2_PLACEMENT_3D('',#922,#923,#924);
#922 = CARTESIAN_POINT('',(0.5,0.23,2.E-02));
#923 = DIRECTION('',(-1.,0.,0.));
#924 = DIRECTION('',(0.,0.,1.));
#925 = ORIENTED_EDGE('',*,*,#873,.F.);
#926 = ORIENTED_EDGE('',*,*,#723,.F.);
#927 = CYLINDRICAL_SURFACE('',#928,2.E-02);
#928 = AXIS2_PLACEMENT_3D('',#929,#930,#931);
#929 = CARTESIAN_POINT('',(0.3,0.23,2.E-02));
#930 = DIRECTION('',(1.,0.,0.));
#931 = DIRECTION('',(-0.,1.,0.));
#932 = ADVANCED_FACE('',(#933),#952,.T.);
#933 = FACE_BOUND('',#934,.T.);
#934 = EDGE_LOOP('',(#935,#936,#937,#946));
#935 = ORIENTED_EDGE('',*,*,#740,.T.);
#936 = ORIENTED_EDGE('',*,*,#897,.T.);
#937 = ORIENTED_EDGE('',*,*,#938,.F.);
#938 = EDGE_CURVE('',#939,#890,#941,.T.);
#939 = VERTEX_POINT('',#940);
#940 = CARTESIAN_POINT('',(0.5,0.25,0.48));
#941 = CIRCLE('',#942,2.E-02);
#942 = AXIS2_PLACEMENT_3D('',#943,#944,#945);
#943 = CARTESIAN_POINT('',(0.5,0.23,0.48));
#944 = DIRECTION('',(1.,0.,-0.));
#945 = DIRECTION('',(0.,0.,1.));
#946 = ORIENTED_EDGE('',*,*,#947,.F.);
#947 = EDGE_CURVE('',#733,#939,#948,.T.);
#948 = LINE('',#949,#950);
#949 = CARTESIAN_POINT('',(0.3,0.25,0.48));
#950 = VECTOR('',#951,1.);
#951 = DIRECTION('',(1.,0.,0.));
#952 = CYLINDRICAL_SURFACE('',#953,2.E-02);
#953 = AXIS2_PLACEMENT_3D('',#954,#955,#956);
#954 = CARTESIAN_POINT('',(0.3,0.23,0.48));
#955 = DIRECTION('',(1.,0.,0.));
#956 = DIRECTION('',(-0.,1.,0.));
#957 = ADVANCED_FACE('',(#958),#969,.T.);
#958 = FACE_BOUND('',#959,.T.);
#959 = EDGE_LOOP('',(#960,#966,#967,#968));
#960 = ORIENTED_EDGE('',*,*,#961,.F.);
#961 = EDGE_CURVE('',#912,#939,#962,.T.);
#962 = LINE('',#963,#964);
#963 = CARTESIAN_POINT('',(0.5,0.25,0.));
#964 = VECTOR('',#965,1.);
#965 = DIRECTION('',(0.,0.,1.));
#966 = ORIENTED_EDGE('',*,*,#911,.F.);
#967 = ORIENTED_EDGE('',*,*,#732,.T.);
#968 = ORIENTED_EDGE('',*,*,#947,.T.);
#969 = PLANE('',#970);
#970 = AXIS2_PLACEMENT_3D('',#971,#972,#973);
#971 = CARTESIAN_POINT('',(0.3,0.25,0.));
#972 = DIRECTION('',(0.,1.,0.));
#973 = DIRECTION('',(0.,-0.,1.));
#974 = ADVANCED_FACE('',(#975),#985,.T.);
#975 = FACE_BOUND('',#976,.T.);
#976 = EDGE_LOOP('',(#977,#978,#979,#980,#981,#982,#983,#984));
#977 = ORIENTED_EDGE('',*,*,#782,.F.);
#978 = ORIENTED_EDGE('',*,*,#822,.T.);
#979 = ORIENTED_EDGE('',*,*,#865,.T.);
#980 = ORIENTED_EDGE('',*,*,#919,.F.);
#981 = ORIENTED_EDGE('',*,*,#961,.T.);
#982 = ORIENTED_EDGE('',*,*,#938,.T.);
#983 = ORIENTED_EDGE('',*,*,#889,.F.);
#984 = ORIENTED_EDGE('',*,*,#839,.F.);
#985 = PLANE('',#986);
#986 = AXIS2_PLACEMENT_3D('',#987,#988,#989);
#987 = CARTESIAN_POINT('',(0.5,-0.25,0.));
#988 = DIRECTION('',(1.,0.,0.));
#989 = DIRECTION('',(0.,0.,1.));
#990 = ( GEOMETRIC_REPRESENTATION_CONTEXT(3) 
GLOBAL_UNCERTAINTY_ASSIGNED_CONTEXT((#994)) GLOBAL_UNIT_ASSIGNED_CONTEXT
((#991,#992,#993)) REPRESENTATION_CONTEXT('Context #1',
  '3D Context with UNIT and UNCERTAINTY') );
#991 = ( LENGTH_UNIT() NAMED_UNIT(*) SI_UNIT(.MILLI.,.METRE.) );
#992 = ( NAMED_UNIT(*) PLANE_ANGLE_UNIT() SI_UNIT($,.RADIAN.) );
#993 = ( NAMED_UNIT(*) SI_UNIT($,.STERADIAN.) SOLID_ANGLE_UNIT() );
#994 = UNCERTAINTY_MEASURE_WITH_UNIT(LENGTH_MEASURE(1.E-07),#991,
  'distance_accuracy_value','confusion accuracy');
#995 = CONTEXT_DEPENDENT_SHAPE_REPRESENTATION(#996,#998);
#996 = ( REPRESENTATION_RELATIONSHIP('','',#135,#112) 
REPRESENTATION_RELATIONSHIP_WITH_TRANSFORMATION(#997) 
SHAPE_REPRESENTATION_RELATIONSHIP() );
#997 = ITEM_DEFINED_TRANSFORMATION('','',#11,#113);
#998 = PRODUCT_DEFINITION_SHAPE('Placement','Placement of an item',#999
  );
#999 = NEXT_ASSEMBLY_USAGE_OCCURRENCE('1','=>[0:1:1:3]','',#107,#130,$);
#1000 = PRODUCT_RELATED_PRODUCT_CATEGORY('part',$,(#132));
#1001 = CONTEXT_DEPENDENT_SHAPE_REPRESENTATION(#1002,#1004);
#1002 = ( REPRESENTATION_RELATIONSHIP('','',#112,#10) 
REPRESENTATION_RELATIONSHIP_WITH_TRANSFORMATION(#1003) 
SHAPE_REPRESENTATION_RELATIONSHIP() );
#1003 = ITEM_DEFINED_TRANSFORMATION('','',#11,#19);
#1004 = PRODUCT_DEFINITION_SHAPE('Placement','Placement of an item',
  #1005);
#1005 = NEXT_ASSEMBLY_USAGE_OCCURRENCE('3','C9','',#5,#107,$);
#1006 = CONTEXT_DEPENDENT_SHAPE_REPRESENTATION(#1007,#1009);
#1007 = ( REPRESENTATION_RELATIONSHIP('','',#112,#10) 
REPRESENTATION_RELATIONSHIP_WITH_TRANSFORMATION(#1008) 
SHAPE_REPRESENTATION_RELATIONSHIP() );
#1008 = ITEM_DEFINED_TRANSFORMATION('','',#11,#23);
#1009 = PRODUCT_DEFINITION_SHAPE('Placement','Placement of an item',
  #1010);
#1010 = NEXT_ASSEMBLY_USAGE_OCCURRENCE('4','C4','',#5,#107,$);
#1011 = CONTEXT_DEPENDENT_SHAPE_REPRESENTATION(#1012,#1014);
#1012 = ( REPRESENTATION_RELATIONSHIP('','',#112,#10) 
REPRESENTATION_RELATIONSHIP_WITH_TRANSFORMATION(#1013) 
SHAPE_REPRESENTATION_RELATIONSHIP() );
#1013 = ITEM_DEFINED_TRANSFORMATION('','',#11,#27);
#1014 = PRODUCT_DEFINITION_SHAPE('Placement','Placement of an item',
  #1015);
#1015 = NEXT_ASSEMBLY_USAGE_OCCURRENCE('5','C2','',#5,#107,$);
#1016 = CONTEXT_DEPENDENT_SHAPE_REPRESENTATION(#1017,#1019);
#1017 = ( REPRESENTATION_RELATIONSHIP('','',#112,#10) 
REPRESENTATION_RELATIONSHIP_WITH_TRANSFORMATION(#1018) 
SHAPE_REPRESENTATION_RELATIONSHIP() );
#1018 = ITEM_DEFINED_TRANSFORMATION('','',#11,#31);
#1019 = PRODUCT_DEFINITION_SHAPE('Placement','Placement of an item',
  #1020);
#1020 = NEXT_ASSEMBLY_USAGE_OCCURRENCE('6','C11','',#5,#107,$);
#1021 = SHAPE_DEFINITION_REPRESENTATION(#1022,#1028);
#1022 = PRODUCT_DEFINITION_SHAPE('','',#1023);
#1023 = PRODUCT_DEFINITION('design','',#1024,#1027);
#1024 = PRODUCT_DEFINITION_FORMATION('','',#1025);
#1025 = PRODUCT('Johanson_2450AT18x100','Johanson_2450AT18x100','',(
    #1026));
#1026 = PRODUCT_CONTEXT('',#2,'mechanical');
#1027 = PRODUCT_DEFINITION_CONTEXT('part definition',#2,'design');
#1028 = SHAPE_REPRESENTATION('',(#11,#1029),#1033);
#1029 = AXIS2_PLACEMENT_3D('',#1030,#1031,#1032);
#1030 = CARTESIAN_POINT('',(0.,0.,0.));
#1031 = DIRECTION('',(0.,0.,1.));
#1032 = DIRECTION('',(1.,0.,-0.));
#1033 = ( GEOMETRIC_REPRESENTATION_CONTEXT(3) 
GLOBAL_UNCERTAINTY_ASSIGNED_CONTEXT((#1037)) 
GLOBAL_UNIT_ASSIGNED_CONTEXT((#1034,#1035,#1036)) REPRESENTATION_CONTEXT
('Context #1','3D Context with UNIT and UNCERTAINTY') );
#1034 = ( LENGTH_UNIT() NAMED_UNIT(*) SI_UNIT(.MILLI.,.METRE.) );
#1035 = ( NAMED_UNIT(*) PLANE_ANGLE_UNIT() SI_UNIT($,.RADIAN.) );
#1036 = ( NAMED_UNIT(*) SI_UNIT($,.STERADIAN.) SOLID_ANGLE_UNIT() );
#1037 = UNCERTAINTY_MEASURE_WITH_UNIT(LENGTH_MEASURE(1.E-07),#1034,
  'distance_accuracy_value','confusion accuracy');
#1038 = CONTEXT_DEPENDENT_SHAPE_REPRESENTATION(#1039,#1041);
#1039 = ( REPRESENTATION_RELATIONSHIP('','',#1028,#10) 
REPRESENTATION_RELATIONSHIP_WITH_TRANSFORMATION(#1040) 
SHAPE_REPRESENTATION_RELATIONSHIP() );
#1040 = ITEM_DEFINED_TRANSFORMATION('','',#11,#35);
#1041 = PRODUCT_DEFINITION_SHAPE('Placement','Placement of an item',
  #1042);
#1042 = NEXT_ASSEMBLY_USAGE_OCCURRENCE('8','AE1','',#5,#1023,$);
#1043 = PRODUCT_RELATED_PRODUCT_CATEGORY('part',$,(#1025));
#1044 = SHAPE_DEFINITION_REPRESENTATION(#1045,#1051);
#1045 = PRODUCT_DEFINITION_SHAPE('','',#1046);
#1046 = PRODUCT_DEFINITION('design','',#1047,#1050);
#1047 = PRODUCT_DEFINITION_FORMATION('','',#1048);
#1048 = PRODUCT('Johanson_2450AT18x100','Johanson_2450AT18x100','',(
    #1049));
#1049 = PRODUCT_CONTEXT('',#2,'mechanical');
#1050 = PRODUCT_DEFINITION_CONTEXT('part definition',#2,'design');
#1051 = ADVANCED_BREP_SHAPE_REPRESENTATION('',(#11,#1052),#2044);
#1052 = MANIFOLD_SOLID_BREP('',#1053);
#1053 = CLOSED_SHELL('',(#1054,#1130,#1161,#1186,#1211,#1235,#1259,#1284
    ,#1309,#1326,#1412,#1444,#1468,#1493,#1517,#1542,#1600,#1625,#1642,
    #1728,#1757,#1780,#1803,#1820,#1851,#1876,#1901,#1925,#1949,#1974,
    #1999,#2016,#2028));
#1054 = ADVANCED_FACE('',(#1055),#1125,.F.);
#1055 = FACE_BOUND('',#1056,.F.);
#1056 = EDGE_LOOP('',(#1057,#1067,#1076,#1084,#1093,#1101,#1110,#1118));
#1057 = ORIENTED_EDGE('',*,*,#1058,.F.);
#1058 = EDGE_CURVE('',#1059,#1061,#1063,.T.);
#1059 = VERTEX_POINT('',#1060);
#1060 = CARTESIAN_POINT('',(-1.6,-0.8,1.E-03));
#1061 = VERTEX_POINT('',#1062);
#1062 = CARTESIAN_POINT('',(-1.6,-0.8,1.299));
#1063 = LINE('',#1064,#1065);
#1064 = CARTESIAN_POINT('',(-1.6,-0.8,0.));
#1065 = VECTOR('',#1066,1.);
#1066 = DIRECTION('',(0.,0.,1.));
#1067 = ORIENTED_EDGE('',*,*,#1068,.T.);
#1068 = EDGE_CURVE('',#1059,#1069,#1071,.T.);
#1069 = VERTEX_POINT('',#1070);
#1070 = CARTESIAN_POINT('',(-1.6,-0.799,0.));
#1071 = CIRCLE('',#1072,1.E-03);
#1072 = AXIS2_PLACEMENT_3D('',#1073,#1074,#1075);
#1073 = CARTESIAN_POINT('',(-1.6,-0.799,1.E-03));
#1074 = DIRECTION('',(1.,0.,-0.));
#1075 = DIRECTION('',(0.,0.,1.));
#1076 = ORIENTED_EDGE('',*,*,#1077,.T.);
#1077 = EDGE_CURVE('',#1069,#1078,#1080,.T.);
#1078 = VERTEX_POINT('',#1079);
#1079 = CARTESIAN_POINT('',(-1.6,0.799,0.));
#1080 = LINE('',#1081,#1082);
#1081 = CARTESIAN_POINT('',(-1.6,-0.8,0.));
#1082 = VECTOR('',#1083,1.);
#1083 = DIRECTION('',(0.,1.,0.));
#1084 = ORIENTED_EDGE('',*,*,#1085,.F.);
#1085 = EDGE_CURVE('',#1086,#1078,#1088,.T.);
#1086 = VERTEX_POINT('',#1087);
#1087 = CARTESIAN_POINT('',(-1.6,0.8,1.E-03));
#1088 = CIRCLE('',#1089,1.E-03);
#1089 = AXIS2_PLACEMENT_3D('',#1090,#1091,#1092);
#1090 = CARTESIAN_POINT('',(-1.6,0.799,1.E-03));
#1091 = DIRECTION('',(-1.,0.,0.));
#1092 = DIRECTION('',(0.,0.,1.));
#1093 = ORIENTED_EDGE('',*,*,#1094,.T.);
#1094 = EDGE_CURVE('',#1086,#1095,#1097,.T.);
#1095 = VERTEX_POINT('',#1096);
#1096 = CARTESIAN_POINT('',(-1.6,0.8,1.299));
#1097 = LINE('',#1098,#1099);
#1098 = CARTESIAN_POINT('',(-1.6,0.8,0.));
#1099 = VECTOR('',#1100,1.);
#1100 = DIRECTION('',(0.,0.,1.));
#1101 = ORIENTED_EDGE('',*,*,#1102,.T.);
#1102 = EDGE_CURVE('',#1095,#1103,#1105,.T.);
#1103 = VERTEX_POINT('',#1104);
#1104 = CARTESIAN_POINT('',(-1.6,0.799,1.3));
#1105 = CIRCLE('',#1106,1.E-03);
#1106 = AXIS2_PLACEMENT_3D('',#1107,#1108,#1109);
#1107 = CARTESIAN_POINT('',(-1.6,0.799,1.299));
#1108 = DIRECTION('',(1.,0.,-0.));
#1109 = DIRECTION('',(0.,0.,1.));
#1110 = ORIENTED_EDGE('',*,*,#1111,.F.);
#1111 = EDGE_CURVE('',#1112,#1103,#1114,.T.);
#1112 = VERTEX_POINT('',#1113);
#1113 = CARTESIAN_POINT('',(-1.6,-0.799,1.3));
#1114 = LINE('',#1115,#1116);
#1115 = CARTESIAN_POINT('',(-1.6,-0.8,1.3));
#1116 = VECTOR('',#1117,1.);
#1117 = DIRECTION('',(0.,1.,0.));
#1118 = ORIENTED_EDGE('',*,*,#1119,.F.);
#1119 = EDGE_CURVE('',#1061,#1112,#1120,.T.);
#1120 = CIRCLE('',#1121,1.E-03);
#1121 = AXIS2_PLACEMENT_3D('',#1122,#1123,#1124);
#1122 = CARTESIAN_POINT('',(-1.6,-0.799,1.299));
#1123 = DIRECTION('',(-1.,0.,0.));
#1124 = DIRECTION('',(0.,0.,1.));
#1125 = PLANE('',#1126);
#1126 = AXIS2_PLACEMENT_3D('',#1127,#1128,#1129);
#1127 = CARTESIAN_POINT('',(-1.6,-0.8,0.));
#1128 = DIRECTION('',(1.,0.,0.));
#1129 = DIRECTION('',(0.,0.,1.));
#1130 = ADVANCED_FACE('',(#1131),#1156,.F.);
#1131 = FACE_BOUND('',#1132,.F.);
#1132 = EDGE_LOOP('',(#1133,#1143,#1149,#1150));
#1133 = ORIENTED_EDGE('',*,*,#1134,.F.);
#1134 = EDGE_CURVE('',#1135,#1137,#1139,.T.);
#1135 = VERTEX_POINT('',#1136);
#1136 = CARTESIAN_POINT('',(-1.1,-0.8,1.E-03));
#1137 = VERTEX_POINT('',#1138);
#1138 = CARTESIAN_POINT('',(-1.1,-0.8,1.299));
#1139 = LINE('',#1140,#1141);
#1140 = CARTESIAN_POINT('',(-1.1,-0.8,0.));
#1141 = VECTOR('',#1142,1.);
#1142 = DIRECTION('',(0.,0.,1.));
#1143 = ORIENTED_EDGE('',*,*,#1144,.F.);
#1144 = EDGE_CURVE('',#1059,#1135,#1145,.T.);
#1145 = LINE('',#1146,#1147);
#1146 = CARTESIAN_POINT('',(-1.6,-0.8,1.E-03));
#1147 = VECTOR('',#1148,1.);
#1148 = DIRECTION('',(1.,0.,0.));
#1149 = ORIENTED_EDGE('',*,*,#1058,.T.);
#1150 = ORIENTED_EDGE('',*,*,#1151,.T.);
#1151 = EDGE_CURVE('',#1061,#1137,#1152,.T.);
#1152 = LINE('',#1153,#1154);
#1153 = CARTESIAN_POINT('',(-1.6,-0.8,1.299));
#1154 = VECTOR('',#1155,1.);
#1155 = DIRECTION('',(1.,0.,0.));
#1156 = PLANE('',#1157);
#1157 = AXIS2_PLACEMENT_3D('',#1158,#1159,#1160);
#1158 = CARTESIAN_POINT('',(-1.6,-0.8,0.));
#1159 = DIRECTION('',(0.,1.,0.));
#1160 = DIRECTION('',(0.,-0.,1.));
#1161 = ADVANCED_FACE('',(#1162),#1181,.T.);
#1162 = FACE_BOUND('',#1163,.T.);
#1163 = EDGE_LOOP('',(#1164,#1165,#1173,#1180));
#1164 = ORIENTED_EDGE('',*,*,#1068,.T.);
#1165 = ORIENTED_EDGE('',*,*,#1166,.T.);
#1166 = EDGE_CURVE('',#1069,#1167,#1169,.T.);
#1167 = VERTEX_POINT('',#1168);
#1168 = CARTESIAN_POINT('',(-1.1,-0.799,0.));
#1169 = LINE('',#1170,#1171);
#1170 = CARTESIAN_POINT('',(-1.6,-0.799,0.));
#1171 = VECTOR('',#1172,1.);
#1172 = DIRECTION('',(1.,0.,0.));
#1173 = ORIENTED_EDGE('',*,*,#1174,.F.);
#1174 = EDGE_CURVE('',#1135,#1167,#1175,.T.);
#1175 = CIRCLE('',#1176,1.E-03);
#1176 = AXIS2_PLACEMENT_3D('',#1177,#1178,#1179);
#1177 = CARTESIAN_POINT('',(-1.1,-0.799,1.E-03));
#1178 = DIRECTION('',(1.,0.,-0.));
#1179 = DIRECTION('',(0.,0.,1.));
#1180 = ORIENTED_EDGE('',*,*,#1144,.F.);
#1181 = CYLINDRICAL_SURFACE('',#1182,1.E-03);
#1182 = AXIS2_PLACEMENT_3D('',#1183,#1184,#1185);
#1183 = CARTESIAN_POINT('',(-1.6,-0.799,1.E-03));
#1184 = DIRECTION('',(1.,0.,0.));
#1185 = DIRECTION('',(0.,-1.,0.));
#1186 = ADVANCED_FACE('',(#1187),#1206,.T.);
#1187 = FACE_BOUND('',#1188,.T.);
#1188 = EDGE_LOOP('',(#1189,#1190,#1199,#1205));
#1189 = ORIENTED_EDGE('',*,*,#1151,.T.);
#1190 = ORIENTED_EDGE('',*,*,#1191,.T.);
#1191 = EDGE_CURVE('',#1137,#1192,#1194,.T.);
#1192 = VERTEX_POINT('',#1193);
#1193 = CARTESIAN_POINT('',(-1.1,-0.799,1.3));
#1194 = CIRCLE('',#1195,1.E-03);
#1195 = AXIS2_PLACEMENT_3D('',#1196,#1197,#1198);
#1196 = CARTESIAN_POINT('',(-1.1,-0.799,1.299));
#1197 = DIRECTION('',(-1.,0.,0.));
#1198 = DIRECTION('',(0.,0.,1.));
#1199 = ORIENTED_EDGE('',*,*,#1200,.F.);
#1200 = EDGE_CURVE('',#1112,#1192,#1201,.T.);
#1201 = LINE('',#1202,#1203);
#1202 = CARTESIAN_POINT('',(-1.6,-0.799,1.3));
#1203 = VECTOR('',#1204,1.);
#1204 = DIRECTION('',(1.,0.,0.));
#1205 = ORIENTED_EDGE('',*,*,#1119,.F.);
#1206 = CYLINDRICAL_SURFACE('',#1207,1.E-03);
#1207 = AXIS2_PLACEMENT_3D('',#1208,#1209,#1210);
#1208 = CARTESIAN_POINT('',(-1.6,-0.799,1.299));
#1209 = DIRECTION('',(1.,0.,0.));
#1210 = DIRECTION('',(0.,-1.,0.));
#1211 = ADVANCED_FACE('',(#1212),#1230,.F.);
#1212 = FACE_BOUND('',#1213,.F.);
#1213 = EDGE_LOOP('',(#1214,#1215,#1216,#1224));
#1214 = ORIENTED_EDGE('',*,*,#1077,.F.);
#1215 = ORIENTED_EDGE('',*,*,#1166,.T.);
#1216 = ORIENTED_EDGE('',*,*,#1217,.T.);
#1217 = EDGE_CURVE('',#1167,#1218,#1220,.T.);
#1218 = VERTEX_POINT('',#1219);
#1219 = CARTESIAN_POINT('',(-1.1,0.799,0.));
#1220 = LINE('',#1221,#1222);
#1221 = CARTESIAN_POINT('',(-1.1,-0.8,0.));
#1222 = VECTOR('',#1223,1.);
#1223 = DIRECTION('',(0.,1.,0.));
#1224 = ORIENTED_EDGE('',*,*,#1225,.F.);
#1225 = EDGE_CURVE('',#1078,#1218,#1226,.T.);
#1226 = LINE('',#1227,#1228);
#1227 = CARTESIAN_POINT('',(-1.6,0.799,0.));
#1228 = VECTOR('',#1229,1.);
#1229 = DIRECTION('',(1.,0.,0.));
#1230 = PLANE('',#1231);
#1231 = AXIS2_PLACEMENT_3D('',#1232,#1233,#1234);
#1232 = CARTESIAN_POINT('',(-1.6,-0.8,0.));
#1233 = DIRECTION('',(0.,0.,1.));
#1234 = DIRECTION('',(1.,0.,-0.));
#1235 = ADVANCED_FACE('',(#1236),#1254,.T.);
#1236 = FACE_BOUND('',#1237,.T.);
#1237 = EDGE_LOOP('',(#1238,#1239,#1240,#1248));
#1238 = ORIENTED_EDGE('',*,*,#1111,.F.);
#1239 = ORIENTED_EDGE('',*,*,#1200,.T.);
#1240 = ORIENTED_EDGE('',*,*,#1241,.T.);
#1241 = EDGE_CURVE('',#1192,#1242,#1244,.T.);
#1242 = VERTEX_POINT('',#1243);
#1243 = CARTESIAN_POINT('',(-1.1,0.799,1.3));
#1244 = LINE('',#1245,#1246);
#1245 = CARTESIAN_POINT('',(-1.1,-0.8,1.3));
#1246 = VECTOR('',#1247,1.);
#1247 = DIRECTION('',(0.,1.,0.));
#1248 = ORIENTED_EDGE('',*,*,#1249,.F.);
#1249 = EDGE_CURVE('',#1103,#1242,#1250,.T.);
#1250 = LINE('',#1251,#1252);
#1251 = CARTESIAN_POINT('',(-1.6,0.799,1.3));
#1252 = VECTOR('',#1253,1.);
#1253 = DIRECTION('',(1.,0.,0.));
#1254 = PLANE('',#1255);
#1255 = AXIS2_PLACEMENT_3D('',#1256,#1257,#1258);
#1256 = CARTESIAN_POINT('',(-1.6,-0.8,1.3));
#1257 = DIRECTION('',(0.,0.,1.));
#1258 = DIRECTION('',(1.,0.,-0.));
#1259 = ADVANCED_FACE('',(#1260),#1279,.T.);
#1260 = FACE_BOUND('',#1261,.T.);
#1261 = EDGE_LOOP('',(#1262,#1270,#1277,#1278));
#1262 = ORIENTED_EDGE('',*,*,#1263,.T.);
#1263 = EDGE_CURVE('',#1086,#1264,#1266,.T.);
#1264 = VERTEX_POINT('',#1265);
#1265 = CARTESIAN_POINT('',(-1.1,0.8,1.E-03));
#1266 = LINE('',#1267,#1268);
#1267 = CARTESIAN_POINT('',(-1.6,0.8,1.E-03));
#1268 = VECTOR('',#1269,1.);
#1269 = DIRECTION('',(1.,0.,0.));
#1270 = ORIENTED_EDGE('',*,*,#1271,.T.);
#1271 = EDGE_CURVE('',#1264,#1218,#1272,.T.);
#1272 = CIRCLE('',#1273,1.E-03);
#1273 = AXIS2_PLACEMENT_3D('',#1274,#1275,#1276);
#1274 = CARTESIAN_POINT('',(-1.1,0.799,1.E-03));
#1275 = DIRECTION('',(-1.,0.,0.));
#1276 = DIRECTION('',(0.,0.,1.));
#1277 = ORIENTED_EDGE('',*,*,#1225,.F.);
#1278 = ORIENTED_EDGE('',*,*,#1085,.F.);
#1279 = CYLINDRICAL_SURFACE('',#1280,1.E-03);
#1280 = AXIS2_PLACEMENT_3D('',#1281,#1282,#1283);
#1281 = CARTESIAN_POINT('',(-1.6,0.799,1.E-03));
#1282 = DIRECTION('',(1.,0.,0.));
#1283 = DIRECTION('',(-0.,1.,0.));
#1284 = ADVANCED_FACE('',(#1285),#1304,.T.);
#1285 = FACE_BOUND('',#1286,.T.);
#1286 = EDGE_LOOP('',(#1287,#1288,#1289,#1298));
#1287 = ORIENTED_EDGE('',*,*,#1102,.T.);
#1288 = ORIENTED_EDGE('',*,*,#1249,.T.);
#1289 = ORIENTED_EDGE('',*,*,#1290,.F.);
#1290 = EDGE_CURVE('',#1291,#1242,#1293,.T.);
#1291 = VERTEX_POINT('',#1292);
#1292 = CARTESIAN_POINT('',(-1.1,0.8,1.299));
#1293 = CIRCLE('',#1294,1.E-03);
#1294 = AXIS2_PLACEMENT_3D('',#1295,#1296,#1297);
#1295 = CARTESIAN_POINT('',(-1.1,0.799,1.299));
#1296 = DIRECTION('',(1.,0.,-0.));
#1297 = DIRECTION('',(0.,0.,1.));
#1298 = ORIENTED_EDGE('',*,*,#1299,.F.);
#1299 = EDGE_CURVE('',#1095,#1291,#1300,.T.);
#1300 = LINE('',#1301,#1302);
#1301 = CARTESIAN_POINT('',(-1.6,0.8,1.299));
#1302 = VECTOR('',#1303,1.);
#1303 = DIRECTION('',(1.,0.,0.));
#1304 = CYLINDRICAL_SURFACE('',#1305,1.E-03);
#1305 = AXIS2_PLACEMENT_3D('',#1306,#1307,#1308);
#1306 = CARTESIAN_POINT('',(-1.6,0.799,1.299));
#1307 = DIRECTION('',(1.,0.,0.));
#1308 = DIRECTION('',(-0.,1.,0.));
#1309 = ADVANCED_FACE('',(#1310),#1321,.T.);
#1310 = FACE_BOUND('',#1311,.T.);
#1311 = EDGE_LOOP('',(#1312,#1318,#1319,#1320));
#1312 = ORIENTED_EDGE('',*,*,#1313,.F.);
#1313 = EDGE_CURVE('',#1264,#1291,#1314,.T.);
#1314 = LINE('',#1315,#1316);
#1315 = CARTESIAN_POINT('',(-1.1,0.8,0.));
#1316 = VECTOR('',#1317,1.);
#1317 = DIRECTION('',(0.,0.,1.));
#1318 = ORIENTED_EDGE('',*,*,#1263,.F.);
#1319 = ORIENTED_EDGE('',*,*,#1094,.T.);
#1320 = ORIENTED_EDGE('',*,*,#1299,.T.);
#1321 = PLANE('',#1322);
#1322 = AXIS2_PLACEMENT_3D('',#1323,#1324,#1325);
#1323 = CARTESIAN_POINT('',(-1.6,0.8,0.));
#1324 = DIRECTION('',(0.,1.,0.));
#1325 = DIRECTION('',(0.,-0.,1.));
#1326 = ADVANCED_FACE('',(#1327,#1337),#1407,.T.);
#1327 = FACE_BOUND('',#1328,.T.);
#1328 = EDGE_LOOP('',(#1329,#1330,#1331,#1332,#1333,#1334,#1335,#1336));
#1329 = ORIENTED_EDGE('',*,*,#1134,.F.);
#1330 = ORIENTED_EDGE('',*,*,#1174,.T.);
#1331 = ORIENTED_EDGE('',*,*,#1217,.T.);
#1332 = ORIENTED_EDGE('',*,*,#1271,.F.);
#1333 = ORIENTED_EDGE('',*,*,#1313,.T.);
#1334 = ORIENTED_EDGE('',*,*,#1290,.T.);
#1335 = ORIENTED_EDGE('',*,*,#1241,.F.);
#1336 = ORIENTED_EDGE('',*,*,#1191,.F.);
#1337 = FACE_BOUND('',#1338,.T.);
#1338 = EDGE_LOOP('',(#1339,#1350,#1358,#1367,#1375,#1384,#1392,#1401));
#1339 = ORIENTED_EDGE('',*,*,#1340,.F.);
#1340 = EDGE_CURVE('',#1341,#1343,#1345,.T.);
#1341 = VERTEX_POINT('',#1342);
#1342 = CARTESIAN_POINT('',(-1.1,-0.799,2.E-03));
#1343 = VERTEX_POINT('',#1344);
#1344 = CARTESIAN_POINT('',(-1.1,-0.798,1.E-03));
#1345 = CIRCLE('',#1346,1.E-03);
#1346 = AXIS2_PLACEMENT_3D('',#1347,#1348,#1349);
#1347 = CARTESIAN_POINT('',(-1.1,-0.798,2.E-03));
#1348 = DIRECTION('',(1.,0.,-0.));
#1349 = DIRECTION('',(0.,0.,1.));
#1350 = ORIENTED_EDGE('',*,*,#1351,.T.);
#1351 = EDGE_CURVE('',#1341,#1352,#1354,.T.);
#1352 = VERTEX_POINT('',#1353);
#1353 = CARTESIAN_POINT('',(-1.1,-0.799,1.298));
#1354 = LINE('',#1355,#1356);
#1355 = CARTESIAN_POINT('',(-1.1,-0.799,1.E-03));
#1356 = VECTOR('',#1357,1.);
#1357 = DIRECTION('',(0.,0.,1.));
#1358 = ORIENTED_EDGE('',*,*,#1359,.T.);
#1359 = EDGE_CURVE('',#1352,#1360,#1362,.T.);
#1360 = VERTEX_POINT('',#1361);
#1361 = CARTESIAN_POINT('',(-1.1,-0.798,1.299));
#1362 = CIRCLE('',#1363,1.E-03);
#1363 = AXIS2_PLACEMENT_3D('',#1364,#1365,#1366);
#1364 = CARTESIAN_POINT('',(-1.1,-0.798,1.298));
#1365 = DIRECTION('',(-1.,0.,0.));
#1366 = DIRECTION('',(0.,0.,1.));
#1367 = ORIENTED_EDGE('',*,*,#1368,.T.);
#1368 = EDGE_CURVE('',#1360,#1369,#1371,.T.);
#1369 = VERTEX_POINT('',#1370);
#1370 = CARTESIAN_POINT('',(-1.1,0.798,1.299));
#1371 = LINE('',#1372,#1373);
#1372 = CARTESIAN_POINT('',(-1.1,-0.799,1.299));
#1373 = VECTOR('',#1374,1.);
#1374 = DIRECTION('',(0.,1.,0.));
#1375 = ORIENTED_EDGE('',*,*,#1376,.F.);
#1376 = EDGE_CURVE('',#1377,#1369,#1379,.T.);
#1377 = VERTEX_POINT('',#1378);
#1378 = CARTESIAN_POINT('',(-1.1,0.799,1.298));
#1379 = CIRCLE('',#1380,1.E-03);
#1380 = AXIS2_PLACEMENT_3D('',#1381,#1382,#1383);
#1381 = CARTESIAN_POINT('',(-1.1,0.798,1.298));
#1382 = DIRECTION('',(1.,0.,-0.));
#1383 = DIRECTION('',(0.,0.,1.));
#1384 = ORIENTED_EDGE('',*,*,#1385,.F.);
#1385 = EDGE_CURVE('',#1386,#1377,#1388,.T.);
#1386 = VERTEX_POINT('',#1387);
#1387 = CARTESIAN_POINT('',(-1.1,0.799,2.E-03));
#1388 = LINE('',#1389,#1390);
#1389 = CARTESIAN_POINT('',(-1.1,0.799,1.E-03));
#1390 = VECTOR('',#1391,1.);
#1391 = DIRECTION('',(0.,0.,1.));
#1392 = ORIENTED_EDGE('',*,*,#1393,.T.);
#1393 = EDGE_CURVE('',#1386,#1394,#1396,.T.);
#1394 = VERTEX_POINT('',#1395);
#1395 = CARTESIAN_POINT('',(-1.1,0.798,1.E-03));
#1396 = CIRCLE('',#1397,1.E-03);
#1397 = AXIS2_PLACEMENT_3D('',#1398,#1399,#1400);
#1398 = CARTESIAN_POINT('',(-1.1,0.798,2.E-03));
#1399 = DIRECTION('',(-1.,0.,0.));
#1400 = DIRECTION('',(0.,0.,1.));
#1401 = ORIENTED_EDGE('',*,*,#1402,.F.);
#1402 = EDGE_CURVE('',#1343,#1394,#1403,.T.);
#1403 = LINE('',#1404,#1405);
#1404 = CARTESIAN_POINT('',(-1.1,-0.799,1.E-03));
#1405 = VECTOR('',#1406,1.);
#1406 = DIRECTION('',(0.,1.,0.));
#1407 = PLANE('',#1408);
#1408 = AXIS2_PLACEMENT_3D('',#1409,#1410,#1411);
#1409 = CARTESIAN_POINT('',(-1.1,-0.8,0.));
#1410 = DIRECTION('',(1.,0.,0.));
#1411 = DIRECTION('',(0.,0.,1.));
#1412 = ADVANCED_FACE('',(#1413),#1439,.T.);
#1413 = FACE_BOUND('',#1414,.T.);
#1414 = EDGE_LOOP('',(#1415,#1416,#1424,#1433));
#1415 = ORIENTED_EDGE('',*,*,#1340,.T.);
#1416 = ORIENTED_EDGE('',*,*,#1417,.T.);
#1417 = EDGE_CURVE('',#1343,#1418,#1420,.T.);
#1418 = VERTEX_POINT('',#1419);
#1419 = CARTESIAN_POINT('',(1.1,-0.798,1.E-03));
#1420 = LINE('',#1421,#1422);
#1421 = CARTESIAN_POINT('',(-1.1,-0.798,1.E-03));
#1422 = VECTOR('',#1423,1.);
#1423 = DIRECTION('',(1.,0.,0.));
#1424 = ORIENTED_EDGE('',*,*,#1425,.F.);
#1425 = EDGE_CURVE('',#1426,#1418,#1428,.T.);
#1426 = VERTEX_POINT('',#1427);
#1427 = CARTESIAN_POINT('',(1.1,-0.799,2.E-03));
#1428 = CIRCLE('',#1429,1.E-03);
#1429 = AXIS2_PLACEMENT_3D('',#1430,#1431,#1432);
#1430 = CARTESIAN_POINT('',(1.1,-0.798,2.E-03));
#1431 = DIRECTION('',(1.,0.,-0.));
#1432 = DIRECTION('',(0.,0.,1.));
#1433 = ORIENTED_EDGE('',*,*,#1434,.F.);
#1434 = EDGE_CURVE('',#1341,#1426,#1435,.T.);
#1435 = LINE('',#1436,#1437);
#1436 = CARTESIAN_POINT('',(-1.1,-0.799,2.E-03));
#1437 = VECTOR('',#1438,1.);
#1438 = DIRECTION('',(1.,0.,0.));
#1439 = CYLINDRICAL_SURFACE('',#1440,1.E-03);
#1440 = AXIS2_PLACEMENT_3D('',#1441,#1442,#1443);
#1441 = CARTESIAN_POINT('',(-1.1,-0.798,2.E-03));
#1442 = DIRECTION('',(1.,0.,0.));
#1443 = DIRECTION('',(0.,-1.,0.));
#1444 = ADVANCED_FACE('',(#1445),#1463,.F.);
#1445 = FACE_BOUND('',#1446,.F.);
#1446 = EDGE_LOOP('',(#1447,#1448,#1449,#1457));
#1447 = ORIENTED_EDGE('',*,*,#1402,.F.);
#1448 = ORIENTED_EDGE('',*,*,#1417,.T.);
#1449 = ORIENTED_EDGE('',*,*,#1450,.T.);
#1450 = EDGE_CURVE('',#1418,#1451,#1453,.T.);
#1451 = VERTEX_POINT('',#1452);
#1452 = CARTESIAN_POINT('',(1.1,0.798,1.E-03));
#1453 = LINE('',#1454,#1455);
#1454 = CARTESIAN_POINT('',(1.1,-0.799,1.E-03));
#1455 = VECTOR('',#1456,1.);
#1456 = DIRECTION('',(0.,1.,0.));
#1457 = ORIENTED_EDGE('',*,*,#1458,.F.);
#1458 = EDGE_CURVE('',#1394,#1451,#1459,.T.);
#1459 = LINE('',#1460,#1461);
#1460 = CARTESIAN_POINT('',(-1.1,0.798,1.E-03));
#1461 = VECTOR('',#1462,1.);
#1462 = DIRECTION('',(1.,0.,0.));
#1463 = PLANE('',#1464);
#1464 = AXIS2_PLACEMENT_3D('',#1465,#1466,#1467);
#1465 = CARTESIAN_POINT('',(-1.1,-0.799,1.E-03));
#1466 = DIRECTION('',(0.,0.,1.));
#1467 = DIRECTION('',(1.,0.,-0.));
#1468 = ADVANCED_FACE('',(#1469),#1488,.T.);
#1469 = FACE_BOUND('',#1470,.T.);
#1470 = EDGE_LOOP('',(#1471,#1479,#1486,#1487));
#1471 = ORIENTED_EDGE('',*,*,#1472,.T.);
#1472 = EDGE_CURVE('',#1386,#1473,#1475,.T.);
#1473 = VERTEX_POINT('',#1474);
#1474 = CARTESIAN_POINT('',(1.1,0.799,2.E-03));
#1475 = LINE('',#1476,#1477);
#1476 = CARTESIAN_POINT('',(-1.1,0.799,2.E-03));
#1477 = VECTOR('',#1478,1.);
#1478 = DIRECTION('',(1.,0.,0.));
#1479 = ORIENTED_EDGE('',*,*,#1480,.T.);
#1480 = EDGE_CURVE('',#1473,#1451,#1481,.T.);
#1481 = CIRCLE('',#1482,1.E-03);
#1482 = AXIS2_PLACEMENT_3D('',#1483,#1484,#1485);
#1483 = CARTESIAN_POINT('',(1.1,0.798,2.E-03));
#1484 = DIRECTION('',(-1.,0.,0.));
#1485 = DIRECTION('',(0.,0.,1.));
#1486 = ORIENTED_EDGE('',*,*,#1458,.F.);
#1487 = ORIENTED_EDGE('',*,*,#1393,.F.);
#1488 = CYLINDRICAL_SURFACE('',#1489,1.E-03);
#1489 = AXIS2_PLACEMENT_3D('',#1490,#1491,#1492);
#1490 = CARTESIAN_POINT('',(-1.1,0.798,2.E-03));
#1491 = DIRECTION('',(1.,0.,0.));
#1492 = DIRECTION('',(-0.,1.,0.));
#1493 = ADVANCED_FACE('',(#1494),#1512,.T.);
#1494 = FACE_BOUND('',#1495,.T.);
#1495 = EDGE_LOOP('',(#1496,#1504,#1505,#1506));
#1496 = ORIENTED_EDGE('',*,*,#1497,.F.);
#1497 = EDGE_CURVE('',#1473,#1498,#1500,.T.);
#1498 = VERTEX_POINT('',#1499);
#1499 = CARTESIAN_POINT('',(1.1,0.799,1.298));
#1500 = LINE('',#1501,#1502);
#1501 = CARTESIAN_POINT('',(1.1,0.799,1.E-03));
#1502 = VECTOR('',#1503,1.);
#1503 = DIRECTION('',(0.,0.,1.));
#1504 = ORIENTED_EDGE('',*,*,#1472,.F.);
#1505 = ORIENTED_EDGE('',*,*,#1385,.T.);
#1506 = ORIENTED_EDGE('',*,*,#1507,.T.);
#1507 = EDGE_CURVE('',#1377,#1498,#1508,.T.);
#1508 = LINE('',#1509,#1510);
#1509 = CARTESIAN_POINT('',(-1.1,0.799,1.298));
#1510 = VECTOR('',#1511,1.);
#1511 = DIRECTION('',(1.,0.,0.));
#1512 = PLANE('',#1513);
#1513 = AXIS2_PLACEMENT_3D('',#1514,#1515,#1516);
#1514 = CARTESIAN_POINT('',(-1.1,0.799,1.E-03));
#1515 = DIRECTION('',(0.,1.,0.));
#1516 = DIRECTION('',(0.,-0.,1.));
#1517 = ADVANCED_FACE('',(#1518),#1537,.T.);
#1518 = FACE_BOUND('',#1519,.T.);
#1519 = EDGE_LOOP('',(#1520,#1521,#1529,#1536));
#1520 = ORIENTED_EDGE('',*,*,#1376,.T.);
#1521 = ORIENTED_EDGE('',*,*,#1522,.T.);
#1522 = EDGE_CURVE('',#1369,#1523,#1525,.T.);
#1523 = VERTEX_POINT('',#1524);
#1524 = CARTESIAN_POINT('',(1.1,0.798,1.299));
#1525 = LINE('',#1526,#1527);
#1526 = CARTESIAN_POINT('',(-1.1,0.798,1.299));
#1527 = VECTOR('',#1528,1.);
#1528 = DIRECTION('',(1.,0.,0.));
#1529 = ORIENTED_EDGE('',*,*,#1530,.F.);
#1530 = EDGE_CURVE('',#1498,#1523,#1531,.T.);
#1531 = CIRCLE('',#1532,1.E-03);
#1532 = AXIS2_PLACEMENT_3D('',#1533,#1534,#1535);
#1533 = CARTESIAN_POINT('',(1.1,0.798,1.298));
#1534 = DIRECTION('',(1.,0.,-0.));
#1535 = DIRECTION('',(0.,0.,1.));
#1536 = ORIENTED_EDGE('',*,*,#1507,.F.);
#1537 = CYLINDRICAL_SURFACE('',#1538,1.E-03);
#1538 = AXIS2_PLACEMENT_3D('',#1539,#1540,#1541);
#1539 = CARTESIAN_POINT('',(-1.1,0.798,1.298));
#1540 = DIRECTION('',(1.,0.,0.));
#1541 = DIRECTION('',(-0.,1.,0.));
#1542 = ADVANCED_FACE('',(#1543,#1561),#1595,.T.);
#1543 = FACE_BOUND('',#1544,.T.);
#1544 = EDGE_LOOP('',(#1545,#1546,#1554,#1560));
#1545 = ORIENTED_EDGE('',*,*,#1368,.F.);
#1546 = ORIENTED_EDGE('',*,*,#1547,.T.);
#1547 = EDGE_CURVE('',#1360,#1548,#1550,.T.);
#1548 = VERTEX_POINT('',#1549);
#1549 = CARTESIAN_POINT('',(1.1,-0.798,1.299));
#1550 = LINE('',#1551,#1552);
#1551 = CARTESIAN_POINT('',(-1.1,-0.798,1.299));
#1552 = VECTOR('',#1553,1.);
#1553 = DIRECTION('',(1.,0.,0.));
#1554 = ORIENTED_EDGE('',*,*,#1555,.T.);
#1555 = EDGE_CURVE('',#1548,#1523,#1556,.T.);
#1556 = LINE('',#1557,#1558);
#1557 = CARTESIAN_POINT('',(1.1,-0.799,1.299));
#1558 = VECTOR('',#1559,1.);
#1559 = DIRECTION('',(0.,1.,0.));
#1560 = ORIENTED_EDGE('',*,*,#1522,.F.);
#1561 = FACE_BOUND('',#1562,.T.);
#1562 = EDGE_LOOP('',(#1563,#1573,#1581,#1589));
#1563 = ORIENTED_EDGE('',*,*,#1564,.F.);
#1564 = EDGE_CURVE('',#1565,#1567,#1569,.T.);
#1565 = VERTEX_POINT('',#1566);
#1566 = CARTESIAN_POINT('',(-0.75,-0.25,1.299));
#1567 = VERTEX_POINT('',#1568);
#1568 = CARTESIAN_POINT('',(5.E-02,-0.25,1.299));
#1569 = LINE('',#1570,#1571);
#1570 = CARTESIAN_POINT('',(-0.925,-0.25,1.299));
#1571 = VECTOR('',#1572,1.);
#1572 = DIRECTION('',(1.,0.,0.));
#1573 = ORIENTED_EDGE('',*,*,#1574,.F.);
#1574 = EDGE_CURVE('',#1575,#1565,#1577,.T.);
#1575 = VERTEX_POINT('',#1576);
#1576 = CARTESIAN_POINT('',(-0.75,0.25,1.299));
#1577 = LINE('',#1578,#1579);
#1578 = CARTESIAN_POINT('',(-0.75,-0.2745,1.299));
#1579 = VECTOR('',#1580,1.);
#1580 = DIRECTION('',(0.,-1.,0.));
#1581 = ORIENTED_EDGE('',*,*,#1582,.F.);
#1582 = EDGE_CURVE('',#1583,#1575,#1585,.T.);
#1583 = VERTEX_POINT('',#1584);
#1584 = CARTESIAN_POINT('',(5.E-02,0.25,1.299));
#1585 = LINE('',#1586,#1587);
#1586 = CARTESIAN_POINT('',(-0.525,0.25,1.299));
#1587 = VECTOR('',#1588,1.);
#1588 = DIRECTION('',(-1.,0.,0.));
#1589 = ORIENTED_EDGE('',*,*,#1590,.F.);
#1590 = EDGE_CURVE('',#1567,#1583,#1591,.T.);
#1591 = LINE('',#1592,#1593);
#1592 = CARTESIAN_POINT('',(5.E-02,-0.5245,1.299));
#1593 = VECTOR('',#1594,1.);
#1594 = DIRECTION('',(0.,1.,0.));
#1595 = PLANE('',#1596);
#1596 = AXIS2_PLACEMENT_3D('',#1597,#1598,#1599);
#1597 = CARTESIAN_POINT('',(-1.1,-0.799,1.299));
#1598 = DIRECTION('',(0.,0.,1.));
#1599 = DIRECTION('',(1.,0.,-0.));
#1600 = ADVANCED_FACE('',(#1601),#1620,.T.);
#1601 = FACE_BOUND('',#1602,.T.);
#1602 = EDGE_LOOP('',(#1603,#1611,#1618,#1619));
#1603 = ORIENTED_EDGE('',*,*,#1604,.T.);
#1604 = EDGE_CURVE('',#1352,#1605,#1607,.T.);
#1605 = VERTEX_POINT('',#1606);
#1606 = CARTESIAN_POINT('',(1.1,-0.799,1.298));
#1607 = LINE('',#1608,#1609);
#1608 = CARTESIAN_POINT('',(-1.1,-0.799,1.298));
#1609 = VECTOR('',#1610,1.);
#1610 = DIRECTION('',(1.,0.,0.));
#1611 = ORIENTED_EDGE('',*,*,#1612,.T.);
#1612 = EDGE_CURVE('',#1605,#1548,#1613,.T.);
#1613 = CIRCLE('',#1614,1.E-03);
#1614 = AXIS2_PLACEMENT_3D('',#1615,#1616,#1617);
#1615 = CARTESIAN_POINT('',(1.1,-0.798,1.298));
#1616 = DIRECTION('',(-1.,0.,0.));
#1617 = DIRECTION('',(0.,0.,1.));
#1618 = ORIENTED_EDGE('',*,*,#1547,.F.);
#1619 = ORIENTED_EDGE('',*,*,#1359,.F.);
#1620 = CYLINDRICAL_SURFACE('',#1621,1.E-03);
#1621 = AXIS2_PLACEMENT_3D('',#1622,#1623,#1624);
#1622 = CARTESIAN_POINT('',(-1.1,-0.798,1.298));
#1623 = DIRECTION('',(1.,0.,0.));
#1624 = DIRECTION('',(0.,-1.,0.));
#1625 = ADVANCED_FACE('',(#1626),#1637,.F.);
#1626 = FACE_BOUND('',#1627,.F.);
#1627 = EDGE_LOOP('',(#1628,#1634,#1635,#1636));
#1628 = ORIENTED_EDGE('',*,*,#1629,.F.);
#1629 = EDGE_CURVE('',#1426,#1605,#1630,.T.);
#1630 = LINE('',#1631,#1632);
#1631 = CARTESIAN_POINT('',(1.1,-0.799,1.E-03));
#1632 = VECTOR('',#1633,1.);
#1633 = DIRECTION('',(0.,0.,1.));
#1634 = ORIENTED_EDGE('',*,*,#1434,.F.);
#1635 = ORIENTED_EDGE('',*,*,#1351,.T.);
#1636 = ORIENTED_EDGE('',*,*,#1604,.T.);
#1637 = PLANE('',#1638);
#1638 = AXIS2_PLACEMENT_3D('',#1639,#1640,#1641);
#1639 = CARTESIAN_POINT('',(-1.1,-0.799,1.E-03));
#1640 = DIRECTION('',(0.,1.,0.));
#1641 = DIRECTION('',(0.,-0.,1.));
#1642 = ADVANCED_FACE('',(#1643,#1713),#1723,.F.);
#1643 = FACE_BOUND('',#1644,.F.);
#1644 = EDGE_LOOP('',(#1645,#1655,#1664,#1672,#1681,#1689,#1698,#1706));
#1645 = ORIENTED_EDGE('',*,*,#1646,.F.);
#1646 = EDGE_CURVE('',#1647,#1649,#1651,.T.);
#1647 = VERTEX_POINT('',#1648);
#1648 = CARTESIAN_POINT('',(1.1,-0.8,1.E-03));
#1649 = VERTEX_POINT('',#1650);
#1650 = CARTESIAN_POINT('',(1.1,-0.8,1.299));
#1651 = LINE('',#1652,#1653);
#1652 = CARTESIAN_POINT('',(1.1,-0.8,0.));
#1653 = VECTOR('',#1654,1.);
#1654 = DIRECTION('',(0.,0.,1.));
#1655 = ORIENTED_EDGE('',*,*,#1656,.T.);
#1656 = EDGE_CURVE('',#1647,#1657,#1659,.T.);
#1657 = VERTEX_POINT('',#1658);
#1658 = CARTESIAN_POINT('',(1.1,-0.799,0.));
#1659 = CIRCLE('',#1660,1.E-03);
#1660 = AXIS2_PLACEMENT_3D('',#1661,#1662,#1663);
#1661 = CARTESIAN_POINT('',(1.1,-0.799,1.E-03));
#1662 = DIRECTION('',(1.,0.,-0.));
#1663 = DIRECTION('',(0.,0.,1.));
#1664 = ORIENTED_EDGE('',*,*,#1665,.T.);
#1665 = EDGE_CURVE('',#1657,#1666,#1668,.T.);
#1666 = VERTEX_POINT('',#1667);
#1667 = CARTESIAN_POINT('',(1.1,0.799,0.));
#1668 = LINE('',#1669,#1670);
#1669 = CARTESIAN_POINT('',(1.1,-0.8,0.));
#1670 = VECTOR('',#1671,1.);
#1671 = DIRECTION('',(0.,1.,0.));
#1672 = ORIENTED_EDGE('',*,*,#1673,.F.);
#1673 = EDGE_CURVE('',#1674,#1666,#1676,.T.);
#1674 = VERTEX_POINT('',#1675);
#1675 = CARTESIAN_POINT('',(1.1,0.8,1.E-03));
#1676 = CIRCLE('',#1677,1.E-03);
#1677 = AXIS2_PLACEMENT_3D('',#1678,#1679,#1680);
#1678 = CARTESIAN_POINT('',(1.1,0.799,1.E-03));
#1679 = DIRECTION('',(-1.,0.,0.));
#1680 = DIRECTION('',(0.,0.,1.));
#1681 = ORIENTED_EDGE('',*,*,#1682,.T.);
#1682 = EDGE_CURVE('',#1674,#1683,#1685,.T.);
#1683 = VERTEX_POINT('',#1684);
#1684 = CARTESIAN_POINT('',(1.1,0.8,1.299));
#1685 = LINE('',#1686,#1687);
#1686 = CARTESIAN_POINT('',(1.1,0.8,0.));
#1687 = VECTOR('',#1688,1.);
#1688 = DIRECTION('',(0.,0.,1.));
#1689 = ORIENTED_EDGE('',*,*,#1690,.T.);
#1690 = EDGE_CURVE('',#1683,#1691,#1693,.T.);
#1691 = VERTEX_POINT('',#1692);
#1692 = CARTESIAN_POINT('',(1.1,0.799,1.3));
#1693 = CIRCLE('',#1694,1.E-03);
#1694 = AXIS2_PLACEMENT_3D('',#1695,#1696,#1697);
#1695 = CARTESIAN_POINT('',(1.1,0.799,1.299));
#1696 = DIRECTION('',(1.,0.,-0.));
#1697 = DIRECTION('',(0.,0.,1.));
#1698 = ORIENTED_EDGE('',*,*,#1699,.F.);
#1699 = EDGE_CURVE('',#1700,#1691,#1702,.T.);
#1700 = VERTEX_POINT('',#1701);
#1701 = CARTESIAN_POINT('',(1.1,-0.799,1.3));
#1702 = LINE('',#1703,#1704);
#1703 = CARTESIAN_POINT('',(1.1,-0.8,1.3));
#1704 = VECTOR('',#1705,1.);
#1705 = DIRECTION('',(0.,1.,0.));
#1706 = ORIENTED_EDGE('',*,*,#1707,.F.);
#1707 = EDGE_CURVE('',#1649,#1700,#1708,.T.);
#1708 = CIRCLE('',#1709,1.E-03);
#1709 = AXIS2_PLACEMENT_3D('',#1710,#1711,#1712);
#1710 = CARTESIAN_POINT('',(1.1,-0.799,1.299));
#1711 = DIRECTION('',(-1.,0.,0.));
#1712 = DIRECTION('',(0.,0.,1.));
#1713 = FACE_BOUND('',#1714,.F.);
#1714 = EDGE_LOOP('',(#1715,#1716,#1717,#1718,#1719,#1720,#1721,#1722));
#1715 = ORIENTED_EDGE('',*,*,#1425,.F.);
#1716 = ORIENTED_EDGE('',*,*,#1629,.T.);
#1717 = ORIENTED_EDGE('',*,*,#1612,.T.);
#1718 = ORIENTED_EDGE('',*,*,#1555,.T.);
#1719 = ORIENTED_EDGE('',*,*,#1530,.F.);
#1720 = ORIENTED_EDGE('',*,*,#1497,.F.);
#1721 = ORIENTED_EDGE('',*,*,#1480,.T.);
#1722 = ORIENTED_EDGE('',*,*,#1450,.F.);
#1723 = PLANE('',#1724);
#1724 = AXIS2_PLACEMENT_3D('',#1725,#1726,#1727);
#1725 = CARTESIAN_POINT('',(1.1,-0.8,0.));
#1726 = DIRECTION('',(1.,0.,0.));
#1727 = DIRECTION('',(0.,0.,1.));
#1728 = ADVANCED_FACE('',(#1729),#1752,.F.);
#1729 = FACE_BOUND('',#1730,.F.);
#1730 = EDGE_LOOP('',(#1731,#1738,#1746,#1751));
#1731 = ORIENTED_EDGE('',*,*,#1732,.F.);
#1732 = EDGE_CURVE('',#1733,#1565,#1735,.T.);
#1733 = VERTEX_POINT('',#1734);
#1734 = CARTESIAN_POINT('',(-0.75,-0.25,1.288));
#1735 = B_SPLINE_CURVE_WITH_KNOTS('',1,(#1736,#1737),.UNSPECIFIED.,.F.,
  .F.,(2,2),(0.,1.),.PIECEWISE_BEZIER_KNOTS.);
#1736 = CARTESIAN_POINT('',(-0.75,-0.25,1.288));
#1737 = CARTESIAN_POINT('',(-0.75,-0.25,1.301));
#1738 = ORIENTED_EDGE('',*,*,#1739,.T.);
#1739 = EDGE_CURVE('',#1733,#1740,#1742,.T.);
#1740 = VERTEX_POINT('',#1741);
#1741 = CARTESIAN_POINT('',(5.E-02,-0.25,1.288));
#1742 = LINE('',#1743,#1744);
#1743 = CARTESIAN_POINT('',(-0.75,-0.25,1.288));
#1744 = VECTOR('',#1745,1.);
#1745 = DIRECTION('',(1.,0.,0.));
#1746 = ORIENTED_EDGE('',*,*,#1747,.T.);
#1747 = EDGE_CURVE('',#1740,#1567,#1748,.T.);
#1748 = B_SPLINE_CURVE_WITH_KNOTS('',1,(#1749,#1750),.UNSPECIFIED.,.F.,
  .F.,(2,2),(0.,1.),.PIECEWISE_BEZIER_KNOTS.);
#1749 = CARTESIAN_POINT('',(5.E-02,-0.25,1.288));
#1750 = CARTESIAN_POINT('',(5.E-02,-0.25,1.301));
#1751 = ORIENTED_EDGE('',*,*,#1564,.F.);
#1752 = PLANE('',#1753);
#1753 = AXIS2_PLACEMENT_3D('',#1754,#1755,#1756);
#1754 = CARTESIAN_POINT('',(-0.75,-0.25,1.301));
#1755 = DIRECTION('',(0.,-1.,0.));
#1756 = DIRECTION('',(1.,0.,0.));
#1757 = ADVANCED_FACE('',(#1758),#1775,.F.);
#1758 = FACE_BOUND('',#1759,.F.);
#1759 = EDGE_LOOP('',(#1760,#1761,#1769,#1774));
#1760 = ORIENTED_EDGE('',*,*,#1747,.F.);
#1761 = ORIENTED_EDGE('',*,*,#1762,.T.);
#1762 = EDGE_CURVE('',#1740,#1763,#1765,.T.);
#1763 = VERTEX_POINT('',#1764);
#1764 = CARTESIAN_POINT('',(5.E-02,0.25,1.288));
#1765 = LINE('',#1766,#1767);
#1766 = CARTESIAN_POINT('',(5.E-02,-0.25,1.288));
#1767 = VECTOR('',#1768,1.);
#1768 = DIRECTION('',(0.,1.,0.));
#1769 = ORIENTED_EDGE('',*,*,#1770,.T.);
#1770 = EDGE_CURVE('',#1763,#1583,#1771,.T.);
#1771 = B_SPLINE_CURVE_WITH_KNOTS('',1,(#1772,#1773),.UNSPECIFIED.,.F.,
  .F.,(2,2),(0.,1.),.PIECEWISE_BEZIER_KNOTS.);
#1772 = CARTESIAN_POINT('',(5.E-02,0.25,1.288));
#1773 = CARTESIAN_POINT('',(5.E-02,0.25,1.301));
#1774 = ORIENTED_EDGE('',*,*,#1590,.F.);
#1775 = PLANE('',#1776);
#1776 = AXIS2_PLACEMENT_3D('',#1777,#1778,#1779);
#1777 = CARTESIAN_POINT('',(5.E-02,-0.25,1.301));
#1778 = DIRECTION('',(1.,0.,0.));
#1779 = DIRECTION('',(-0.,1.,0.));
#1780 = ADVANCED_FACE('',(#1781),#1798,.F.);
#1781 = FACE_BOUND('',#1782,.F.);
#1782 = EDGE_LOOP('',(#1783,#1784,#1792,#1797));
#1783 = ORIENTED_EDGE('',*,*,#1770,.F.);
#1784 = ORIENTED_EDGE('',*,*,#1785,.T.);
#1785 = EDGE_CURVE('',#1763,#1786,#1788,.T.);
#1786 = VERTEX_POINT('',#1787);
#1787 = CARTESIAN_POINT('',(-0.75,0.25,1.288));
#1788 = LINE('',#1789,#1790);
#1789 = CARTESIAN_POINT('',(5.E-02,0.25,1.288));
#1790 = VECTOR('',#1791,1.);
#1791 = DIRECTION('',(-1.,0.,0.));
#1792 = ORIENTED_EDGE('',*,*,#1793,.T.);
#1793 = EDGE_CURVE('',#1786,#1575,#1794,.T.);
#1794 = B_SPLINE_CURVE_WITH_KNOTS('',1,(#1795,#1796),.UNSPECIFIED.,.F.,
  .F.,(2,2),(0.,1.),.PIECEWISE_BEZIER_KNOTS.);
#1795 = CARTESIAN_POINT('',(-0.75,0.25,1.288));
#1796 = CARTESIAN_POINT('',(-0.75,0.25,1.301));
#1797 = ORIENTED_EDGE('',*,*,#1582,.F.);
#1798 = PLANE('',#1799);
#1799 = AXIS2_PLACEMENT_3D('',#1800,#1801,#1802);
#1800 = CARTESIAN_POINT('',(5.E-02,0.25,1.301));
#1801 = DIRECTION('',(0.,1.,0.));
#1802 = DIRECTION('',(-1.,0.,0.));
#1803 = ADVANCED_FACE('',(#1804),#1815,.F.);
#1804 = FACE_BOUND('',#1805,.F.);
#1805 = EDGE_LOOP('',(#1806,#1807,#1813,#1814));
#1806 = ORIENTED_EDGE('',*,*,#1793,.F.);
#1807 = ORIENTED_EDGE('',*,*,#1808,.T.);
#1808 = EDGE_CURVE('',#1786,#1733,#1809,.T.);
#1809 = LINE('',#1810,#1811);
#1810 = CARTESIAN_POINT('',(-0.75,0.25,1.288));
#1811 = VECTOR('',#1812,1.);
#1812 = DIRECTION('',(0.,-1.,0.));
#1813 = ORIENTED_EDGE('',*,*,#1732,.T.);
#1814 = ORIENTED_EDGE('',*,*,#1574,.F.);
#1815 = PLANE('',#1816);
#1816 = AXIS2_PLACEMENT_3D('',#1817,#1818,#1819);
#1817 = CARTESIAN_POINT('',(-0.75,0.25,1.301));
#1818 = DIRECTION('',(-1.,0.,0.));
#1819 = DIRECTION('',(0.,-1.,0.));
#1820 = ADVANCED_FACE('',(#1821),#1846,.F.);
#1821 = FACE_BOUND('',#1822,.F.);
#1822 = EDGE_LOOP('',(#1823,#1833,#1839,#1840));
#1823 = ORIENTED_EDGE('',*,*,#1824,.F.);
#1824 = EDGE_CURVE('',#1825,#1827,#1829,.T.);
#1825 = VERTEX_POINT('',#1826);
#1826 = CARTESIAN_POINT('',(1.6,-0.8,1.E-03));
#1827 = VERTEX_POINT('',#1828);
#1828 = CARTESIAN_POINT('',(1.6,-0.8,1.299));
#1829 = LINE('',#1830,#1831);
#1830 = CARTESIAN_POINT('',(1.6,-0.8,0.));
#1831 = VECTOR('',#1832,1.);
#1832 = DIRECTION('',(0.,0.,1.));
#1833 = ORIENTED_EDGE('',*,*,#1834,.F.);
#1834 = EDGE_CURVE('',#1647,#1825,#1835,.T.);
#1835 = LINE('',#1836,#1837);
#1836 = CARTESIAN_POINT('',(1.1,-0.8,1.E-03));
#1837 = VECTOR('',#1838,1.);
#1838 = DIRECTION('',(1.,0.,0.));
#1839 = ORIENTED_EDGE('',*,*,#1646,.T.);
#1840 = ORIENTED_EDGE('',*,*,#1841,.T.);
#1841 = EDGE_CURVE('',#1649,#1827,#1842,.T.);
#1842 = LINE('',#1843,#1844);
#1843 = CARTESIAN_POINT('',(1.1,-0.8,1.299));
#1844 = VECTOR('',#1845,1.);
#1845 = DIRECTION('',(1.,0.,0.));
#1846 = PLANE('',#1847);
#1847 = AXIS2_PLACEMENT_3D('',#1848,#1849,#1850);
#1848 = CARTESIAN_POINT('',(1.1,-0.8,0.));
#1849 = DIRECTION('',(0.,1.,0.));
#1850 = DIRECTION('',(0.,-0.,1.));
#1851 = ADVANCED_FACE('',(#1852),#1871,.T.);
#1852 = FACE_BOUND('',#1853,.T.);
#1853 = EDGE_LOOP('',(#1854,#1855,#1863,#1870));
#1854 = ORIENTED_EDGE('',*,*,#1656,.T.);
#1855 = ORIENTED_EDGE('',*,*,#1856,.T.);
#1856 = EDGE_CURVE('',#1657,#1857,#1859,.T.);
#1857 = VERTEX_POINT('',#1858);
#1858 = CARTESIAN_POINT('',(1.6,-0.799,0.));
#1859 = LINE('',#1860,#1861);
#1860 = CARTESIAN_POINT('',(1.1,-0.799,0.));
#1861 = VECTOR('',#1862,1.);
#1862 = DIRECTION('',(1.,0.,0.));
#1863 = ORIENTED_EDGE('',*,*,#1864,.F.);
#1864 = EDGE_CURVE('',#1825,#1857,#1865,.T.);
#1865 = CIRCLE('',#1866,1.E-03);
#1866 = AXIS2_PLACEMENT_3D('',#1867,#1868,#1869);
#1867 = CARTESIAN_POINT('',(1.6,-0.799,1.E-03));
#1868 = DIRECTION('',(1.,0.,-0.));
#1869 = DIRECTION('',(0.,0.,1.));
#1870 = ORIENTED_EDGE('',*,*,#1834,.F.);
#1871 = CYLINDRICAL_SURFACE('',#1872,1.E-03);
#1872 = AXIS2_PLACEMENT_3D('',#1873,#1874,#1875);
#1873 = CARTESIAN_POINT('',(1.1,-0.799,1.E-03));
#1874 = DIRECTION('',(1.,0.,0.));
#1875 = DIRECTION('',(0.,-1.,0.));
#1876 = ADVANCED_FACE('',(#1877),#1896,.T.);
#1877 = FACE_BOUND('',#1878,.T.);
#1878 = EDGE_LOOP('',(#1879,#1880,#1889,#1895));
#1879 = ORIENTED_EDGE('',*,*,#1841,.T.);
#1880 = ORIENTED_EDGE('',*,*,#1881,.T.);
#1881 = EDGE_CURVE('',#1827,#1882,#1884,.T.);
#1882 = VERTEX_POINT('',#1883);
#1883 = CARTESIAN_POINT('',(1.6,-0.799,1.3));
#1884 = CIRCLE('',#1885,1.E-03);
#1885 = AXIS2_PLACEMENT_3D('',#1886,#1887,#1888);
#1886 = CARTESIAN_POINT('',(1.6,-0.799,1.299));
#1887 = DIRECTION('',(-1.,0.,0.));
#1888 = DIRECTION('',(0.,0.,1.));
#1889 = ORIENTED_EDGE('',*,*,#1890,.F.);
#1890 = EDGE_CURVE('',#1700,#1882,#1891,.T.);
#1891 = LINE('',#1892,#1893);
#1892 = CARTESIAN_POINT('',(1.1,-0.799,1.3));
#1893 = VECTOR('',#1894,1.);
#1894 = DIRECTION('',(1.,0.,0.));
#1895 = ORIENTED_EDGE('',*,*,#1707,.F.);
#1896 = CYLINDRICAL_SURFACE('',#1897,1.E-03);
#1897 = AXIS2_PLACEMENT_3D('',#1898,#1899,#1900);
#1898 = CARTESIAN_POINT('',(1.1,-0.799,1.299));
#1899 = DIRECTION('',(1.,0.,0.));
#1900 = DIRECTION('',(0.,-1.,0.));
#1901 = ADVANCED_FACE('',(#1902),#1920,.F.);
#1902 = FACE_BOUND('',#1903,.F.);
#1903 = EDGE_LOOP('',(#1904,#1905,#1906,#1914));
#1904 = ORIENTED_EDGE('',*,*,#1665,.F.);
#1905 = ORIENTED_EDGE('',*,*,#1856,.T.);
#1906 = ORIENTED_EDGE('',*,*,#1907,.T.);
#1907 = EDGE_CURVE('',#1857,#1908,#1910,.T.);
#1908 = VERTEX_POINT('',#1909);
#1909 = CARTESIAN_POINT('',(1.6,0.799,0.));
#1910 = LINE('',#1911,#1912);
#1911 = CARTESIAN_POINT('',(1.6,-0.8,0.));
#1912 = VECTOR('',#1913,1.);
#1913 = DIRECTION('',(0.,1.,0.));
#1914 = ORIENTED_EDGE('',*,*,#1915,.F.);
#1915 = EDGE_CURVE('',#1666,#1908,#1916,.T.);
#1916 = LINE('',#1917,#1918);
#1917 = CARTESIAN_POINT('',(1.1,0.799,0.));
#1918 = VECTOR('',#1919,1.);
#1919 = DIRECTION('',(1.,0.,0.));
#1920 = PLANE('',#1921);
#1921 = AXIS2_PLACEMENT_3D('',#1922,#1923,#1924);
#1922 = CARTESIAN_POINT('',(1.1,-0.8,0.));
#1923 = DIRECTION('',(0.,0.,1.));
#1924 = DIRECTION('',(1.,0.,-0.));
#1925 = ADVANCED_FACE('',(#1926),#1944,.T.);
#1926 = FACE_BOUND('',#1927,.T.);
#1927 = EDGE_LOOP('',(#1928,#1929,#1930,#1938));
#1928 = ORIENTED_EDGE('',*,*,#1699,.F.);
#1929 = ORIENTED_EDGE('',*,*,#1890,.T.);
#1930 = ORIENTED_EDGE('',*,*,#1931,.T.);
#1931 = EDGE_CURVE('',#1882,#1932,#1934,.T.);
#1932 = VERTEX_POINT('',#1933);
#1933 = CARTESIAN_POINT('',(1.6,0.799,1.3));
#1934 = LINE('',#1935,#1936);
#1935 = CARTESIAN_POINT('',(1.6,-0.8,1.3));
#1936 = VECTOR('',#1937,1.);
#1937 = DIRECTION('',(0.,1.,0.));
#1938 = ORIENTED_EDGE('',*,*,#1939,.F.);
#1939 = EDGE_CURVE('',#1691,#1932,#1940,.T.);
#1940 = LINE('',#1941,#1942);
#1941 = CARTESIAN_POINT('',(1.1,0.799,1.3));
#1942 = VECTOR('',#1943,1.);
#1943 = DIRECTION('',(1.,0.,0.));
#1944 = PLANE('',#1945);
#1945 = AXIS2_PLACEMENT_3D('',#1946,#1947,#1948);
#1946 = CARTESIAN_POINT('',(1.1,-0.8,1.3));
#1947 = DIRECTION('',(0.,0.,1.));
#1948 = DIRECTION('',(1.,0.,-0.));
#1949 = ADVANCED_FACE('',(#1950),#1969,.T.);
#1950 = FACE_BOUND('',#1951,.T.);
#1951 = EDGE_LOOP('',(#1952,#1960,#1967,#1968));
#1952 = ORIENTED_EDGE('',*,*,#1953,.T.);
#1953 = EDGE_CURVE('',#1674,#1954,#1956,.T.);
#1954 = VERTEX_POINT('',#1955);
#1955 = CARTESIAN_POINT('',(1.6,0.8,1.E-03));
#1956 = LINE('',#1957,#1958);
#1957 = CARTESIAN_POINT('',(1.1,0.8,1.E-03));
#1958 = VECTOR('',#1959,1.);
#1959 = DIRECTION('',(1.,0.,0.));
#1960 = ORIENTED_EDGE('',*,*,#1961,.T.);
#1961 = EDGE_CURVE('',#1954,#1908,#1962,.T.);
#1962 = CIRCLE('',#1963,1.E-03);
#1963 = AXIS2_PLACEMENT_3D('',#1964,#1965,#1966);
#1964 = CARTESIAN_POINT('',(1.6,0.799,1.E-03));
#1965 = DIRECTION('',(-1.,0.,0.));
#1966 = DIRECTION('',(0.,0.,1.));
#1967 = ORIENTED_EDGE('',*,*,#1915,.F.);
#1968 = ORIENTED_EDGE('',*,*,#1673,.F.);
#1969 = CYLINDRICAL_SURFACE('',#1970,1.E-03);
#1970 = AXIS2_PLACEMENT_3D('',#1971,#1972,#1973);
#1971 = CARTESIAN_POINT('',(1.1,0.799,1.E-03));
#1972 = DIRECTION('',(1.,0.,0.));
#1973 = DIRECTION('',(-0.,1.,0.));
#1974 = ADVANCED_FACE('',(#1975),#1994,.T.);
#1975 = FACE_BOUND('',#1976,.T.);
#1976 = EDGE_LOOP('',(#1977,#1978,#1979,#1988));
#1977 = ORIENTED_EDGE('',*,*,#1690,.T.);
#1978 = ORIENTED_EDGE('',*,*,#1939,.T.);
#1979 = ORIENTED_EDGE('',*,*,#1980,.F.);
#1980 = EDGE_CURVE('',#1981,#1932,#1983,.T.);
#1981 = VERTEX_POINT('',#1982);
#1982 = CARTESIAN_POINT('',(1.6,0.8,1.299));
#1983 = CIRCLE('',#1984,1.E-03);
#1984 = AXIS2_PLACEMENT_3D('',#1985,#1986,#1987);
#1985 = CARTESIAN_POINT('',(1.6,0.799,1.299));
#1986 = DIRECTION('',(1.,0.,-0.));
#1987 = DIRECTION('',(0.,0.,1.));
#1988 = ORIENTED_EDGE('',*,*,#1989,.F.);
#1989 = EDGE_CURVE('',#1683,#1981,#1990,.T.);
#1990 = LINE('',#1991,#1992);
#1991 = CARTESIAN_POINT('',(1.1,0.8,1.299));
#1992 = VECTOR('',#1993,1.);
#1993 = DIRECTION('',(1.,0.,0.));
#1994 = CYLINDRICAL_SURFACE('',#1995,1.E-03);
#1995 = AXIS2_PLACEMENT_3D('',#1996,#1997,#1998);
#1996 = CARTESIAN_POINT('',(1.1,0.799,1.299));
#1997 = DIRECTION('',(1.,0.,0.));
#1998 = DIRECTION('',(-0.,1.,0.));
#1999 = ADVANCED_FACE('',(#2000),#2011,.T.);
#2000 = FACE_BOUND('',#2001,.T.);
#2001 = EDGE_LOOP('',(#2002,#2008,#2009,#2010));
#2002 = ORIENTED_EDGE('',*,*,#2003,.F.);
#2003 = EDGE_CURVE('',#1954,#1981,#2004,.T.);
#2004 = LINE('',#2005,#2006);
#2005 = CARTESIAN_POINT('',(1.6,0.8,0.));
#2006 = VECTOR('',#2007,1.);
#2007 = DIRECTION('',(0.,0.,1.));
#2008 = ORIENTED_EDGE('',*,*,#1953,.F.);
#2009 = ORIENTED_EDGE('',*,*,#1682,.T.);
#2010 = ORIENTED_EDGE('',*,*,#1989,.T.);
#2011 = PLANE('',#2012);
#2012 = AXIS2_PLACEMENT_3D('',#2013,#2014,#2015);
#2013 = CARTESIAN_POINT('',(1.1,0.8,0.));
#2014 = DIRECTION('',(0.,1.,0.));
#2015 = DIRECTION('',(0.,-0.,1.));
#2016 = ADVANCED_FACE('',(#2017),#2023,.F.);
#2017 = FACE_BOUND('',#2018,.T.);
#2018 = EDGE_LOOP('',(#2019,#2020,#2021,#2022));
#2019 = ORIENTED_EDGE('',*,*,#1739,.T.);
#2020 = ORIENTED_EDGE('',*,*,#1762,.T.);
#2021 = ORIENTED_EDGE('',*,*,#1785,.T.);
#2022 = ORIENTED_EDGE('',*,*,#1808,.T.);
#2023 = PLANE('',#2024);
#2024 = AXIS2_PLACEMENT_3D('',#2025,#2026,#2027);
#2025 = CARTESIAN_POINT('',(-0.75,-0.25,1.288));
#2026 = DIRECTION('',(0.,0.,-1.));
#2027 = DIRECTION('',(0.847998304005,0.529998940003,0.));
#2028 = ADVANCED_FACE('',(#2029),#2039,.T.);
#2029 = FACE_BOUND('',#2030,.T.);
#2030 = EDGE_LOOP('',(#2031,#2032,#2033,#2034,#2035,#2036,#2037,#2038));
#2031 = ORIENTED_EDGE('',*,*,#1824,.F.);
#2032 = ORIENTED_EDGE('',*,*,#1864,.T.);
#2033 = ORIENTED_EDGE('',*,*,#1907,.T.);
#2034 = ORIENTED_EDGE('',*,*,#1961,.F.);
#2035 = ORIENTED_EDGE('',*,*,#2003,.T.);
#2036 = ORIENTED_EDGE('',*,*,#1980,.T.);
#2037 = ORIENTED_EDGE('',*,*,#1931,.F.);
#2038 = ORIENTED_EDGE('',*,*,#1881,.F.);
#2039 = PLANE('',#2040);
#2040 = AXIS2_PLACEMENT_3D('',#2041,#2042,#2043);
#2041 = CARTESIAN_POINT('',(1.6,-0.8,0.));
#2042 = DIRECTION('',(1.,0.,0.));
#2043 = DIRECTION('',(0.,0.,1.));
#2044 = ( GEOMETRIC_REPRESENTATION_CONTEXT(3) 
GLOBAL_UNCERTAINTY_ASSIGNED_CONTEXT((#2048)) 
GLOBAL_UNIT_ASSIGNED_CONTEXT((#2045,#2046,#2047)) REPRESENTATION_CONTEXT
('Context #1','3D Context with UNIT and UNCERTAINTY') );
#2045 = ( LENGTH_UNIT() NAMED_UNIT(*) SI_UNIT(.MILLI.,.METRE.) );
#2046 = ( NAMED_UNIT(*) PLANE_ANGLE_UNIT() SI_UNIT($,.RADIAN.) );
#2047 = ( NAMED_UNIT(*) SI_UNIT($,.STERADIAN.) SOLID_ANGLE_UNIT() );
#2048 = UNCERTAINTY_MEASURE_WITH_UNIT(LENGTH_MEASURE(1.E-07),#2045,
  'distance_accuracy_value','confusion accuracy');
#2049 = CONTEXT_DEPENDENT_SHAPE_REPRESENTATION(#2050,#2052);
#2050 = ( REPRESENTATION_RELATIONSHIP('','',#1051,#1028) 
REPRESENTATION_RELATIONSHIP_WITH_TRANSFORMATION(#2051) 
SHAPE_REPRESENTATION_RELATIONSHIP() );
#2051 = ITEM_DEFINED_TRANSFORMATION('','',#11,#1029);
#2052 = PRODUCT_DEFINITION_SHAPE('Placement','Placement of an item',
  #2053);
#2053 = NEXT_ASSEMBLY_USAGE_OCCURRENCE('7','=>[0:1:1:5]','',#1023,#1046,
  $);
#2054 = PRODUCT_RELATED_PRODUCT_CATEGORY('part',$,(#1048));
#2055 = SHAPE_DEFINITION_REPRESENTATION(#2056,#2062);
#2056 = PRODUCT_DEFINITION_SHAPE('','',#2057);
#2057 = PRODUCT_DEFINITION('design','',#2058,#2061);
#2058 = PRODUCT_DEFINITION_FORMATION('','',#2059);
#2059 = PRODUCT('R_0402_1005Metric','R_0402_1005Metric','',(#2060));
#2060 = PRODUCT_CONTEXT('',#2,'mechanical');
#2061 = PRODUCT_DEFINITION_CONTEXT('part definition',#2,'design');
#2062 = SHAPE_REPRESENTATION('',(#11,#2063),#2067);
#2063 = AXIS2_PLACEMENT_3D('',#2064,#2065,#2066);
#2064 = CARTESIAN_POINT('',(0.,0.,0.));
#2065 = DIRECTION('',(0.,0.,1.));
#2066 = DIRECTION('',(1.,0.,-0.));
#2067 = ( GEOMETRIC_REPRESENTATION_CONTEXT(3) 
GLOBAL_UNCERTAINTY_ASSIGNED_CONTEXT((#2071)) 
GLOBAL_UNIT_ASSIGNED_CONTEXT((#2068,#2069,#2070)) REPRESENTATION_CONTEXT
('Context #1','3D Context with UNIT and UNCERTAINTY') );
#2068 = ( LENGTH_UNIT() NAMED_UNIT(*) SI_UNIT(.MILLI.,.METRE.) );
#2069 = ( NAMED_UNIT(*) PLANE_ANGLE_UNIT() SI_UNIT($,.RADIAN.) );
#2070 = ( NAMED_UNIT(*) SI_UNIT($,.STERADIAN.) SOLID_ANGLE_UNIT() );
#2071 = UNCERTAINTY_MEASURE_WITH_UNIT(LENGTH_MEASURE(1.E-07),#2068,
  'distance_accuracy_value','confusion accuracy');
#2072 = CONTEXT_DEPENDENT_SHAPE_REPRESENTATION(#2073,#2075);
#2073 = ( REPRESENTATION_RELATIONSHIP('','',#2062,#10) 
REPRESENTATION_RELATIONSHIP_WITH_TRANSFORMATION(#2074) 
SHAPE_REPRESENTATION_RELATIONSHIP() );
#2074 = ITEM_DEFINED_TRANSFORMATION('','',#11,#39);
#2075 = PRODUCT_DEFINITION_SHAPE('Placement','Placement of an item',
  #2076);
#2076 = NEXT_ASSEMBLY_USAGE_OCCURRENCE('10','R1','',#5,#2057,$);
#2077 = PRODUCT_RELATED_PRODUCT_CATEGORY('part',$,(#2059));
#2078 = SHAPE_DEFINITION_REPRESENTATION(#2079,#2085);
#2079 = PRODUCT_DEFINITION_SHAPE('','',#2080);
#2080 = PRODUCT_DEFINITION('design','',#2081,#2084);
#2081 = PRODUCT_DEFINITION_FORMATION('','',#2082);
#2082 = PRODUCT('R_0402_1005Metric','R_0402_1005Metric','',(#2083));
#2083 = PRODUCT_CONTEXT('',#2,'mechanical');
#2084 = PRODUCT_DEFINITION_CONTEXT('part definition',#2,'design');
#2085 = ADVANCED_BREP_SHAPE_REPRESENTATION('',(#11,#2086),#2876);
#2086 = MANIFOLD_SOLID_BREP('',#2087);
#2087 = CLOSED_SHELL('',(#2088,#2128,#2211,#2236,#2261,#2328,#2345,#2362
    ,#2411,#2428,#2445,#2494,#2511,#2580,#2611,#2635,#2704,#2728,#2745,
    #2762,#2779,#2796,#2813,#2830,#2847,#2864));
#2088 = ADVANCED_FACE('',(#2089),#2123,.F.);
#2089 = FACE_BOUND('',#2090,.F.);
#2090 = EDGE_LOOP('',(#2091,#2101,#2109,#2117));
#2091 = ORIENTED_EDGE('',*,*,#2092,.F.);
#2092 = EDGE_CURVE('',#2093,#2095,#2097,.T.);
#2093 = VERTEX_POINT('',#2094);
#2094 = CARTESIAN_POINT('',(-0.5,-0.25,3.5E-02));
#2095 = VERTEX_POINT('',#2096);
#2096 = CARTESIAN_POINT('',(-0.5,-0.25,0.315));
#2097 = LINE('',#2098,#2099);
#2098 = CARTESIAN_POINT('',(-0.5,-0.25,0.));
#2099 = VECTOR('',#2100,1.);
#2100 = DIRECTION('',(0.,0.,1.));
#2101 = ORIENTED_EDGE('',*,*,#2102,.T.);
#2102 = EDGE_CURVE('',#2093,#2103,#2105,.T.);
#2103 = VERTEX_POINT('',#2104);
#2104 = CARTESIAN_POINT('',(-0.5,0.25,3.5E-02));
#2105 = LINE('',#2106,#2107);
#2106 = CARTESIAN_POINT('',(-0.5,-0.25,3.5E-02));
#2107 = VECTOR('',#2108,1.);
#2108 = DIRECTION('',(0.,1.,0.));
#2109 = ORIENTED_EDGE('',*,*,#2110,.T.);
#2110 = EDGE_CURVE('',#2103,#2111,#2113,.T.);
#2111 = VERTEX_POINT('',#2112);
#2112 = CARTESIAN_POINT('',(-0.5,0.25,0.315));
#2113 = LINE('',#2114,#2115);
#2114 = CARTESIAN_POINT('',(-0.5,0.25,0.));
#2115 = VECTOR('',#2116,1.);
#2116 = DIRECTION('',(0.,0.,1.));
#2117 = ORIENTED_EDGE('',*,*,#2118,.F.);
#2118 = EDGE_CURVE('',#2095,#2111,#2119,.T.);
#2119 = LINE('',#2120,#2121);
#2120 = CARTESIAN_POINT('',(-0.5,-0.25,0.315));
#2121 = VECTOR('',#2122,1.);
#2122 = DIRECTION('',(0.,1.,0.));
#2123 = PLANE('',#2124);
#2124 = AXIS2_PLACEMENT_3D('',#2125,#2126,#2127);
#2125 = CARTESIAN_POINT('',(-0.5,-0.25,0.));
#2126 = DIRECTION('',(1.,0.,0.));
#2127 = DIRECTION('',(0.,0.,1.));
#2128 = ADVANCED_FACE('',(#2129),#2206,.F.);
#2129 = FACE_BOUND('',#2130,.F.);
#2130 = EDGE_LOOP('',(#2131,#2141,#2148,#2149,#2158,#2166,#2175,#2183,
    #2191,#2199));
#2131 = ORIENTED_EDGE('',*,*,#2132,.F.);
#2132 = EDGE_CURVE('',#2133,#2135,#2137,.T.);
#2133 = VERTEX_POINT('',#2134);
#2134 = CARTESIAN_POINT('',(-0.465,-0.25,-2.775557561563E-17));
#2135 = VERTEX_POINT('',#2136);
#2136 = CARTESIAN_POINT('',(-0.335,-0.25,-2.775557561563E-17));
#2137 = LINE('',#2138,#2139);
#2138 = CARTESIAN_POINT('',(-0.5,-0.25,0.));
#2139 = VECTOR('',#2140,1.);
#2140 = DIRECTION('',(1.,0.,0.));
#2141 = ORIENTED_EDGE('',*,*,#2142,.F.);
#2142 = EDGE_CURVE('',#2093,#2133,#2143,.T.);
#2143 = CIRCLE('',#2144,3.5E-02);
#2144 = AXIS2_PLACEMENT_3D('',#2145,#2146,#2147);
#2145 = CARTESIAN_POINT('',(-0.465,-0.25,3.5E-02));
#2146 = DIRECTION('',(0.,-1.,0.));
#2147 = DIRECTION('',(0.,0.,1.));
#2148 = ORIENTED_EDGE('',*,*,#2092,.T.);
#2149 = ORIENTED_EDGE('',*,*,#2150,.T.);
#2150 = EDGE_CURVE('',#2095,#2151,#2153,.T.);
#2151 = VERTEX_POINT('',#2152);
#2152 = CARTESIAN_POINT('',(-0.465,-0.25,0.35));
#2153 = CIRCLE('',#2154,3.5E-02);
#2154 = AXIS2_PLACEMENT_3D('',#2155,#2156,#2157);
#2155 = CARTESIAN_POINT('',(-0.465,-0.25,0.315));
#2156 = DIRECTION('',(0.,1.,0.));
#2157 = DIRECTION('',(0.,-0.,1.));
#2158 = ORIENTED_EDGE('',*,*,#2159,.T.);
#2159 = EDGE_CURVE('',#2151,#2160,#2162,.T.);
#2160 = VERTEX_POINT('',#2161);
#2161 = CARTESIAN_POINT('',(-0.335,-0.25,0.35));
#2162 = LINE('',#2163,#2164);
#2163 = CARTESIAN_POINT('',(-0.5,-0.25,0.35));
#2164 = VECTOR('',#2165,1.);
#2165 = DIRECTION('',(1.,0.,0.));
#2166 = ORIENTED_EDGE('',*,*,#2167,.F.);
#2167 = EDGE_CURVE('',#2168,#2160,#2170,.T.);
#2168 = VERTEX_POINT('',#2169);
#2169 = CARTESIAN_POINT('',(-0.3,-0.25,0.315));
#2170 = CIRCLE('',#2171,3.5E-02);
#2171 = AXIS2_PLACEMENT_3D('',#2172,#2173,#2174);
#2172 = CARTESIAN_POINT('',(-0.335,-0.25,0.315));
#2173 = DIRECTION('',(0.,-1.,0.));
#2174 = DIRECTION('',(0.,0.,1.));
#2175 = ORIENTED_EDGE('',*,*,#2176,.F.);
#2176 = EDGE_CURVE('',#2177,#2168,#2179,.T.);
#2177 = VERTEX_POINT('',#2178);
#2178 = CARTESIAN_POINT('',(-0.465,-0.25,0.315));
#2179 = LINE('',#2180,#2181);
#2180 = CARTESIAN_POINT('',(-0.465,-0.25,0.315));
#2181 = VECTOR('',#2182,1.);
#2182 = DIRECTION('',(1.,0.,0.));
#2183 = ORIENTED_EDGE('',*,*,#2184,.F.);
#2184 = EDGE_CURVE('',#2185,#2177,#2187,.T.);
#2185 = VERTEX_POINT('',#2186);
#2186 = CARTESIAN_POINT('',(-0.465,-0.25,3.5E-02));
#2187 = LINE('',#2188,#2189);
#2188 = CARTESIAN_POINT('',(-0.465,-0.25,3.5E-02));
#2189 = VECTOR('',#2190,1.);
#2190 = DIRECTION('',(0.,0.,1.));
#2191 = ORIENTED_EDGE('',*,*,#2192,.T.);
#2192 = EDGE_CURVE('',#2185,#2193,#2195,.T.);
#2193 = VERTEX_POINT('',#2194);
#2194 = CARTESIAN_POINT('',(-0.3,-0.25,3.5E-02));
#2195 = LINE('',#2196,#2197);
#2196 = CARTESIAN_POINT('',(-0.465,-0.25,3.5E-02));
#2197 = VECTOR('',#2198,1.);
#2198 = DIRECTION('',(1.,0.,0.));
#2199 = ORIENTED_EDGE('',*,*,#2200,.T.);
#2200 = EDGE_CURVE('',#2193,#2135,#2201,.T.);
#2201 = CIRCLE('',#2202,3.5E-02);
#2202 = AXIS2_PLACEMENT_3D('',#2203,#2204,#2205);
#2203 = CARTESIAN_POINT('',(-0.335,-0.25,3.5E-02));
#2204 = DIRECTION('',(0.,1.,0.));
#2205 = DIRECTION('',(0.,-0.,1.));
#2206 = PLANE('',#2207);
#2207 = AXIS2_PLACEMENT_3D('',#2208,#2209,#2210);
#2208 = CARTESIAN_POINT('',(-0.5,-0.25,0.));
#2209 = DIRECTION('',(0.,1.,0.));
#2210 = DIRECTION('',(0.,-0.,1.));
#2211 = ADVANCED_FACE('',(#2212),#2231,.T.);
#2212 = FACE_BOUND('',#2213,.T.);
#2213 = EDGE_LOOP('',(#2214,#2215,#2224,#2230));
#2214 = ORIENTED_EDGE('',*,*,#2102,.T.);
#2215 = ORIENTED_EDGE('',*,*,#2216,.T.);
#2216 = EDGE_CURVE('',#2103,#2217,#2219,.T.);
#2217 = VERTEX_POINT('',#2218);
#2218 = CARTESIAN_POINT('',(-0.465,0.25,-2.775557561563E-17));
#2219 = CIRCLE('',#2220,3.5E-02);
#2220 = AXIS2_PLACEMENT_3D('',#2221,#2222,#2223);
#2221 = CARTESIAN_POINT('',(-0.465,0.25,3.5E-02));
#2222 = DIRECTION('',(0.,-1.,0.));
#2223 = DIRECTION('',(0.,0.,1.));
#2224 = ORIENTED_EDGE('',*,*,#2225,.F.);
#2225 = EDGE_CURVE('',#2133,#2217,#2226,.T.);
#2226 = LINE('',#2227,#2228);
#2227 = CARTESIAN_POINT('',(-0.465,-0.25,-2.775557561563E-17));
#2228 = VECTOR('',#2229,1.);
#2229 = DIRECTION('',(0.,1.,0.));
#2230 = ORIENTED_EDGE('',*,*,#2142,.F.);
#2231 = CYLINDRICAL_SURFACE('',#2232,3.5E-02);
#2232 = AXIS2_PLACEMENT_3D('',#2233,#2234,#2235);
#2233 = CARTESIAN_POINT('',(-0.465,-0.25,3.5E-02));
#2234 = DIRECTION('',(0.,1.,0.));
#2235 = DIRECTION('',(-1.,0.,0.));
#2236 = ADVANCED_FACE('',(#2237),#2256,.T.);
#2237 = FACE_BOUND('',#2238,.T.);
#2238 = EDGE_LOOP('',(#2239,#2240,#2248,#2255));
#2239 = ORIENTED_EDGE('',*,*,#2150,.T.);
#2240 = ORIENTED_EDGE('',*,*,#2241,.T.);
#2241 = EDGE_CURVE('',#2151,#2242,#2244,.T.);
#2242 = VERTEX_POINT('',#2243);
#2243 = CARTESIAN_POINT('',(-0.465,0.25,0.35));
#2244 = LINE('',#2245,#2246);
#2245 = CARTESIAN_POINT('',(-0.465,-0.25,0.35));
#2246 = VECTOR('',#2247,1.);
#2247 = DIRECTION('',(0.,1.,0.));
#2248 = ORIENTED_EDGE('',*,*,#2249,.F.);
#2249 = EDGE_CURVE('',#2111,#2242,#2250,.T.);
#2250 = CIRCLE('',#2251,3.5E-02);
#2251 = AXIS2_PLACEMENT_3D('',#2252,#2253,#2254);
#2252 = CARTESIAN_POINT('',(-0.465,0.25,0.315));
#2253 = DIRECTION('',(0.,1.,0.));
#2254 = DIRECTION('',(0.,-0.,1.));
#2255 = ORIENTED_EDGE('',*,*,#2118,.F.);
#2256 = CYLINDRICAL_SURFACE('',#2257,3.5E-02);
#2257 = AXIS2_PLACEMENT_3D('',#2258,#2259,#2260);
#2258 = CARTESIAN_POINT('',(-0.465,-0.25,0.315));
#2259 = DIRECTION('',(0.,1.,0.));
#2260 = DIRECTION('',(-1.,0.,0.));
#2261 = ADVANCED_FACE('',(#2262),#2323,.T.);
#2262 = FACE_BOUND('',#2263,.T.);
#2263 = EDGE_LOOP('',(#2264,#2272,#2273,#2274,#2275,#2283,#2292,#2300,
    #2308,#2316));
#2264 = ORIENTED_EDGE('',*,*,#2265,.F.);
#2265 = EDGE_CURVE('',#2217,#2266,#2268,.T.);
#2266 = VERTEX_POINT('',#2267);
#2267 = CARTESIAN_POINT('',(-0.335,0.25,-2.775557561563E-17));
#2268 = LINE('',#2269,#2270);
#2269 = CARTESIAN_POINT('',(-0.5,0.25,0.));
#2270 = VECTOR('',#2271,1.);
#2271 = DIRECTION('',(1.,0.,0.));
#2272 = ORIENTED_EDGE('',*,*,#2216,.F.);
#2273 = ORIENTED_EDGE('',*,*,#2110,.T.);
#2274 = ORIENTED_EDGE('',*,*,#2249,.T.);
#2275 = ORIENTED_EDGE('',*,*,#2276,.T.);
#2276 = EDGE_CURVE('',#2242,#2277,#2279,.T.);
#2277 = VERTEX_POINT('',#2278);
#2278 = CARTESIAN_POINT('',(-0.335,0.25,0.35));
#2279 = LINE('',#2280,#2281);
#2280 = CARTESIAN_POINT('',(-0.5,0.25,0.35));
#2281 = VECTOR('',#2282,1.);
#2282 = DIRECTION('',(1.,0.,0.));
#2283 = ORIENTED_EDGE('',*,*,#2284,.F.);
#2284 = EDGE_CURVE('',#2285,#2277,#2287,.T.);
#2285 = VERTEX_POINT('',#2286);
#2286 = CARTESIAN_POINT('',(-0.3,0.25,0.315));
#2287 = CIRCLE('',#2288,3.5E-02);
#2288 = AXIS2_PLACEMENT_3D('',#2289,#2290,#2291);
#2289 = CARTESIAN_POINT('',(-0.335,0.25,0.315));
#2290 = DIRECTION('',(0.,-1.,0.));
#2291 = DIRECTION('',(0.,0.,1.));
#2292 = ORIENTED_EDGE('',*,*,#2293,.F.);
#2293 = EDGE_CURVE('',#2294,#2285,#2296,.T.);
#2294 = VERTEX_POINT('',#2295);
#2295 = CARTESIAN_POINT('',(-0.465,0.25,0.315));
#2296 = LINE('',#2297,#2298);
#2297 = CARTESIAN_POINT('',(-0.465,0.25,0.315));
#2298 = VECTOR('',#2299,1.);
#2299 = DIRECTION('',(1.,0.,0.));
#2300 = ORIENTED_EDGE('',*,*,#2301,.F.);
#2301 = EDGE_CURVE('',#2302,#2294,#2304,.T.);
#2302 = VERTEX_POINT('',#2303);
#2303 = CARTESIAN_POINT('',(-0.465,0.25,3.5E-02));
#2304 = LINE('',#2305,#2306);
#2305 = CARTESIAN_POINT('',(-0.465,0.25,3.5E-02));
#2306 = VECTOR('',#2307,1.);
#2307 = DIRECTION('',(0.,0.,1.));
#2308 = ORIENTED_EDGE('',*,*,#2309,.T.);
#2309 = EDGE_CURVE('',#2302,#2310,#2312,.T.);
#2310 = VERTEX_POINT('',#2311);
#2311 = CARTESIAN_POINT('',(-0.3,0.25,3.5E-02));
#2312 = LINE('',#2313,#2314);
#2313 = CARTESIAN_POINT('',(-0.465,0.25,3.5E-02));
#2314 = VECTOR('',#2315,1.);
#2315 = DIRECTION('',(1.,0.,0.));
#2316 = ORIENTED_EDGE('',*,*,#2317,.T.);
#2317 = EDGE_CURVE('',#2310,#2266,#2318,.T.);
#2318 = CIRCLE('',#2319,3.5E-02);
#2319 = AXIS2_PLACEMENT_3D('',#2320,#2321,#2322);
#2320 = CARTESIAN_POINT('',(-0.335,0.25,3.5E-02));
#2321 = DIRECTION('',(0.,1.,0.));
#2322 = DIRECTION('',(0.,-0.,1.));
#2323 = PLANE('',#2324);
#2324 = AXIS2_PLACEMENT_3D('',#2325,#2326,#2327);
#2325 = CARTESIAN_POINT('',(-0.5,0.25,0.));
#2326 = DIRECTION('',(0.,1.,0.));
#2327 = DIRECTION('',(0.,-0.,1.));
#2328 = ADVANCED_FACE('',(#2329),#2340,.F.);
#2329 = FACE_BOUND('',#2330,.F.);
#2330 = EDGE_LOOP('',(#2331,#2332,#2333,#2334));
#2331 = ORIENTED_EDGE('',*,*,#2265,.F.);
#2332 = ORIENTED_EDGE('',*,*,#2225,.F.);
#2333 = ORIENTED_EDGE('',*,*,#2132,.T.);
#2334 = ORIENTED_EDGE('',*,*,#2335,.T.);
#2335 = EDGE_CURVE('',#2135,#2266,#2336,.T.);
#2336 = LINE('',#2337,#2338);
#2337 = CARTESIAN_POINT('',(-0.335,-0.25,-2.775557561563E-17));
#2338 = VECTOR('',#2339,1.);
#2339 = DIRECTION('',(0.,1.,0.));
#2340 = PLANE('',#2341);
#2341 = AXIS2_PLACEMENT_3D('',#2342,#2343,#2344);
#2342 = CARTESIAN_POINT('',(-0.5,-0.25,0.));
#2343 = DIRECTION('',(0.,0.,1.));
#2344 = DIRECTION('',(1.,0.,-0.));
#2345 = ADVANCED_FACE('',(#2346),#2357,.T.);
#2346 = FACE_BOUND('',#2347,.T.);
#2347 = EDGE_LOOP('',(#2348,#2349,#2350,#2351));
#2348 = ORIENTED_EDGE('',*,*,#2200,.T.);
#2349 = ORIENTED_EDGE('',*,*,#2335,.T.);
#2350 = ORIENTED_EDGE('',*,*,#2317,.F.);
#2351 = ORIENTED_EDGE('',*,*,#2352,.F.);
#2352 = EDGE_CURVE('',#2193,#2310,#2353,.T.);
#2353 = LINE('',#2354,#2355);
#2354 = CARTESIAN_POINT('',(-0.3,-0.25,3.5E-02));
#2355 = VECTOR('',#2356,1.);
#2356 = DIRECTION('',(0.,1.,0.));
#2357 = CYLINDRICAL_SURFACE('',#2358,3.5E-02);
#2358 = AXIS2_PLACEMENT_3D('',#2359,#2360,#2361);
#2359 = CARTESIAN_POINT('',(-0.335,-0.25,3.5E-02));
#2360 = DIRECTION('',(0.,1.,0.));
#2361 = DIRECTION('',(1.,0.,0.));
#2362 = ADVANCED_FACE('',(#2363),#2406,.F.);
#2363 = FACE_BOUND('',#2364,.F.);
#2364 = EDGE_LOOP('',(#2365,#2366,#2367,#2368,#2376,#2384,#2392,#2400));
#2365 = ORIENTED_EDGE('',*,*,#2192,.F.);
#2366 = ORIENTED_EDGE('',*,*,#2184,.T.);
#2367 = ORIENTED_EDGE('',*,*,#2176,.T.);
#2368 = ORIENTED_EDGE('',*,*,#2369,.T.);
#2369 = EDGE_CURVE('',#2168,#2370,#2372,.T.);
#2370 = VERTEX_POINT('',#2371);
#2371 = CARTESIAN_POINT('',(0.3,-0.25,0.315));
#2372 = LINE('',#2373,#2374);
#2373 = CARTESIAN_POINT('',(-0.3,-0.25,0.315));
#2374 = VECTOR('',#2375,1.);
#2375 = DIRECTION('',(1.,0.,0.));
#2376 = ORIENTED_EDGE('',*,*,#2377,.T.);
#2377 = EDGE_CURVE('',#2370,#2378,#2380,.T.);
#2378 = VERTEX_POINT('',#2379);
#2379 = CARTESIAN_POINT('',(0.465,-0.25,0.315));
#2380 = LINE('',#2381,#2382);
#2381 = CARTESIAN_POINT('',(-0.465,-0.25,0.315));
#2382 = VECTOR('',#2383,1.);
#2383 = DIRECTION('',(1.,0.,0.));
#2384 = ORIENTED_EDGE('',*,*,#2385,.F.);
#2385 = EDGE_CURVE('',#2386,#2378,#2388,.T.);
#2386 = VERTEX_POINT('',#2387);
#2387 = CARTESIAN_POINT('',(0.465,-0.25,3.5E-02));
#2388 = LINE('',#2389,#2390);
#2389 = CARTESIAN_POINT('',(0.465,-0.25,3.5E-02));
#2390 = VECTOR('',#2391,1.);
#2391 = DIRECTION('',(0.,0.,1.));
#2392 = ORIENTED_EDGE('',*,*,#2393,.F.);
#2393 = EDGE_CURVE('',#2394,#2386,#2396,.T.);
#2394 = VERTEX_POINT('',#2395);
#2395 = CARTESIAN_POINT('',(0.3,-0.25,3.5E-02));
#2396 = LINE('',#2397,#2398);
#2397 = CARTESIAN_POINT('',(-0.465,-0.25,3.5E-02));
#2398 = VECTOR('',#2399,1.);
#2399 = DIRECTION('',(1.,0.,0.));
#2400 = ORIENTED_EDGE('',*,*,#2401,.F.);
#2401 = EDGE_CURVE('',#2193,#2394,#2402,.T.);
#2402 = LINE('',#2403,#2404);
#2403 = CARTESIAN_POINT('',(-0.465,-0.25,3.5E-02));
#2404 = VECTOR('',#2405,1.);
#2405 = DIRECTION('',(1.,0.,0.));
#2406 = PLANE('',#2407);
#2407 = AXIS2_PLACEMENT_3D('',#2408,#2409,#2410);
#2408 = CARTESIAN_POINT('',(-0.465,-0.25,3.5E-02));
#2409 = DIRECTION('',(0.,1.,0.));
#2410 = DIRECTION('',(0.,-0.,1.));
#2411 = ADVANCED_FACE('',(#2412),#2423,.T.);
#2412 = FACE_BOUND('',#2413,.T.);
#2413 = EDGE_LOOP('',(#2414,#2415,#2416,#2417));
#2414 = ORIENTED_EDGE('',*,*,#2276,.F.);
#2415 = ORIENTED_EDGE('',*,*,#2241,.F.);
#2416 = ORIENTED_EDGE('',*,*,#2159,.T.);
#2417 = ORIENTED_EDGE('',*,*,#2418,.T.);
#2418 = EDGE_CURVE('',#2160,#2277,#2419,.T.);
#2419 = LINE('',#2420,#2421);
#2420 = CARTESIAN_POINT('',(-0.335,-0.25,0.35));
#2421 = VECTOR('',#2422,1.);
#2422 = DIRECTION('',(0.,1.,0.));
#2423 = PLANE('',#2424);
#2424 = AXIS2_PLACEMENT_3D('',#2425,#2426,#2427);
#2425 = CARTESIAN_POINT('',(-0.5,-0.25,0.35));
#2426 = DIRECTION('',(0.,0.,1.));
#2427 = DIRECTION('',(1.,0.,-0.));
#2428 = ADVANCED_FACE('',(#2429),#2440,.T.);
#2429 = FACE_BOUND('',#2430,.T.);
#2430 = EDGE_LOOP('',(#2431,#2437,#2438,#2439));
#2431 = ORIENTED_EDGE('',*,*,#2432,.T.);
#2432 = EDGE_CURVE('',#2168,#2285,#2433,.T.);
#2433 = LINE('',#2434,#2435);
#2434 = CARTESIAN_POINT('',(-0.3,-0.25,0.315));
#2435 = VECTOR('',#2436,1.);
#2436 = DIRECTION('',(0.,1.,0.));
#2437 = ORIENTED_EDGE('',*,*,#2284,.T.);
#2438 = ORIENTED_EDGE('',*,*,#2418,.F.);
#2439 = ORIENTED_EDGE('',*,*,#2167,.F.);
#2440 = CYLINDRICAL_SURFACE('',#2441,3.5E-02);
#2441 = AXIS2_PLACEMENT_3D('',#2442,#2443,#2444);
#2442 = CARTESIAN_POINT('',(-0.335,-0.25,0.315));
#2443 = DIRECTION('',(0.,1.,0.));
#2444 = DIRECTION('',(1.,0.,0.));
#2445 = ADVANCED_FACE('',(#2446),#2489,.T.);
#2446 = FACE_BOUND('',#2447,.T.);
#2447 = EDGE_LOOP('',(#2448,#2449,#2450,#2451,#2459,#2467,#2475,#2483));
#2448 = ORIENTED_EDGE('',*,*,#2309,.F.);
#2449 = ORIENTED_EDGE('',*,*,#2301,.T.);
#2450 = ORIENTED_EDGE('',*,*,#2293,.T.);
#2451 = ORIENTED_EDGE('',*,*,#2452,.T.);
#2452 = EDGE_CURVE('',#2285,#2453,#2455,.T.);
#2453 = VERTEX_POINT('',#2454);
#2454 = CARTESIAN_POINT('',(0.3,0.25,0.315));
#2455 = LINE('',#2456,#2457);
#2456 = CARTESIAN_POINT('',(-0.3,0.25,0.315));
#2457 = VECTOR('',#2458,1.);
#2458 = DIRECTION('',(1.,0.,0.));
#2459 = ORIENTED_EDGE('',*,*,#2460,.T.);
#2460 = EDGE_CURVE('',#2453,#2461,#2463,.T.);
#2461 = VERTEX_POINT('',#2462);
#2462 = CARTESIAN_POINT('',(0.465,0.25,0.315));
#2463 = LINE('',#2464,#2465);
#2464 = CARTESIAN_POINT('',(-0.465,0.25,0.315));
#2465 = VECTOR('',#2466,1.);
#2466 = DIRECTION('',(1.,0.,0.));
#2467 = ORIENTED_EDGE('',*,*,#2468,.F.);
#2468 = EDGE_CURVE('',#2469,#2461,#2471,.T.);
#2469 = VERTEX_POINT('',#2470);
#2470 = CARTESIAN_POINT('',(0.465,0.25,3.5E-02));
#2471 = LINE('',#2472,#2473);
#2472 = CARTESIAN_POINT('',(0.465,0.25,3.5E-02));
#2473 = VECTOR('',#2474,1.);
#2474 = DIRECTION('',(0.,0.,1.));
#2475 = ORIENTED_EDGE('',*,*,#2476,.F.);
#2476 = EDGE_CURVE('',#2477,#2469,#2479,.T.);
#2477 = VERTEX_POINT('',#2478);
#2478 = CARTESIAN_POINT('',(0.3,0.25,3.5E-02));
#2479 = LINE('',#2480,#2481);
#2480 = CARTESIAN_POINT('',(-0.465,0.25,3.5E-02));
#2481 = VECTOR('',#2482,1.);
#2482 = DIRECTION('',(1.,0.,0.));
#2483 = ORIENTED_EDGE('',*,*,#2484,.F.);
#2484 = EDGE_CURVE('',#2310,#2477,#2485,.T.);
#2485 = LINE('',#2486,#2487);
#2486 = CARTESIAN_POINT('',(-0.465,0.25,3.5E-02));
#2487 = VECTOR('',#2488,1.);
#2488 = DIRECTION('',(1.,0.,0.));
#2489 = PLANE('',#2490);
#2490 = AXIS2_PLACEMENT_3D('',#2491,#2492,#2493);
#2491 = CARTESIAN_POINT('',(-0.465,0.25,3.5E-02));
#2492 = DIRECTION('',(0.,1.,0.));
#2493 = DIRECTION('',(0.,-0.,1.));
#2494 = ADVANCED_FACE('',(#2495),#2506,.F.);
#2495 = FACE_BOUND('',#2496,.F.);
#2496 = EDGE_LOOP('',(#2497,#2498,#2499,#2505));
#2497 = ORIENTED_EDGE('',*,*,#2352,.F.);
#2498 = ORIENTED_EDGE('',*,*,#2401,.T.);
#2499 = ORIENTED_EDGE('',*,*,#2500,.T.);
#2500 = EDGE_CURVE('',#2394,#2477,#2501,.T.);
#2501 = LINE('',#2502,#2503);
#2502 = CARTESIAN_POINT('',(0.3,-0.25,3.5E-02));
#2503 = VECTOR('',#2504,1.);
#2504 = DIRECTION('',(0.,1.,0.));
#2505 = ORIENTED_EDGE('',*,*,#2484,.F.);
#2506 = PLANE('',#2507);
#2507 = AXIS2_PLACEMENT_3D('',#2508,#2509,#2510);
#2508 = CARTESIAN_POINT('',(-0.465,-0.25,3.5E-02));
#2509 = DIRECTION('',(0.,0.,1.));
#2510 = DIRECTION('',(1.,0.,-0.));
#2511 = ADVANCED_FACE('',(#2512),#2575,.F.);
#2512 = FACE_BOUND('',#2513,.F.);
#2513 = EDGE_LOOP('',(#2514,#2524,#2531,#2532,#2533,#2534,#2543,#2551,
    #2560,#2568));
#2514 = ORIENTED_EDGE('',*,*,#2515,.F.);
#2515 = EDGE_CURVE('',#2516,#2518,#2520,.T.);
#2516 = VERTEX_POINT('',#2517);
#2517 = CARTESIAN_POINT('',(0.335,-0.25,-2.775557561563E-17));
#2518 = VERTEX_POINT('',#2519);
#2519 = CARTESIAN_POINT('',(0.465,-0.25,-2.775557561563E-17));
#2520 = LINE('',#2521,#2522);
#2521 = CARTESIAN_POINT('',(0.3,-0.25,0.));
#2522 = VECTOR('',#2523,1.);
#2523 = DIRECTION('',(1.,0.,0.));
#2524 = ORIENTED_EDGE('',*,*,#2525,.F.);
#2525 = EDGE_CURVE('',#2394,#2516,#2526,.T.);
#2526 = CIRCLE('',#2527,3.5E-02);
#2527 = AXIS2_PLACEMENT_3D('',#2528,#2529,#2530);
#2528 = CARTESIAN_POINT('',(0.335,-0.25,3.5E-02));
#2529 = DIRECTION('',(0.,-1.,0.));
#2530 = DIRECTION('',(0.,0.,1.));
#2531 = ORIENTED_EDGE('',*,*,#2393,.T.);
#2532 = ORIENTED_EDGE('',*,*,#2385,.T.);
#2533 = ORIENTED_EDGE('',*,*,#2377,.F.);
#2534 = ORIENTED_EDGE('',*,*,#2535,.T.);
#2535 = EDGE_CURVE('',#2370,#2536,#2538,.T.);
#2536 = VERTEX_POINT('',#2537);
#2537 = CARTESIAN_POINT('',(0.335,-0.25,0.35));
#2538 = CIRCLE('',#2539,3.5E-02);
#2539 = AXIS2_PLACEMENT_3D('',#2540,#2541,#2542);
#2540 = CARTESIAN_POINT('',(0.335,-0.25,0.315));
#2541 = DIRECTION('',(0.,1.,0.));
#2542 = DIRECTION('',(0.,-0.,1.));
#2543 = ORIENTED_EDGE('',*,*,#2544,.T.);
#2544 = EDGE_CURVE('',#2536,#2545,#2547,.T.);
#2545 = VERTEX_POINT('',#2546);
#2546 = CARTESIAN_POINT('',(0.465,-0.25,0.35));
#2547 = LINE('',#2548,#2549);
#2548 = CARTESIAN_POINT('',(0.3,-0.25,0.35));
#2549 = VECTOR('',#2550,1.);
#2550 = DIRECTION('',(1.,0.,0.));
#2551 = ORIENTED_EDGE('',*,*,#2552,.F.);
#2552 = EDGE_CURVE('',#2553,#2545,#2555,.T.);
#2553 = VERTEX_POINT('',#2554);
#2554 = CARTESIAN_POINT('',(0.5,-0.25,0.315));
#2555 = CIRCLE('',#2556,3.5E-02);
#2556 = AXIS2_PLACEMENT_3D('',#2557,#2558,#2559);
#2557 = CARTESIAN_POINT('',(0.465,-0.25,0.315));
#2558 = DIRECTION('',(0.,-1.,0.));
#2559 = DIRECTION('',(0.,0.,1.));
#2560 = ORIENTED_EDGE('',*,*,#2561,.F.);
#2561 = EDGE_CURVE('',#2562,#2553,#2564,.T.);
#2562 = VERTEX_POINT('',#2563);
#2563 = CARTESIAN_POINT('',(0.5,-0.25,3.5E-02));
#2564 = LINE('',#2565,#2566);
#2565 = CARTESIAN_POINT('',(0.5,-0.25,0.));
#2566 = VECTOR('',#2567,1.);
#2567 = DIRECTION('',(0.,0.,1.));
#2568 = ORIENTED_EDGE('',*,*,#2569,.T.);
#2569 = EDGE_CURVE('',#2562,#2518,#2570,.T.);
#2570 = CIRCLE('',#2571,3.5E-02);
#2571 = AXIS2_PLACEMENT_3D('',#2572,#2573,#2574);
#2572 = CARTESIAN_POINT('',(0.465,-0.25,3.5E-02));
#2573 = DIRECTION('',(0.,1.,0.));
#2574 = DIRECTION('',(0.,-0.,1.));
#2575 = PLANE('',#2576);
#2576 = AXIS2_PLACEMENT_3D('',#2577,#2578,#2579);
#2577 = CARTESIAN_POINT('',(0.3,-0.25,0.));
#2578 = DIRECTION('',(0.,1.,0.));
#2579 = DIRECTION('',(0.,-0.,1.));
#2580 = ADVANCED_FACE('',(#2581),#2606,.F.);
#2581 = FACE_BOUND('',#2582,.F.);
#2582 = EDGE_LOOP('',(#2583,#2584,#2592,#2600));
#2583 = ORIENTED_EDGE('',*,*,#2369,.F.);
#2584 = ORIENTED_EDGE('',*,*,#2585,.T.);
#2585 = EDGE_CURVE('',#2168,#2586,#2588,.T.);
#2586 = VERTEX_POINT('',#2587);
#2587 = CARTESIAN_POINT('',(-0.3,-0.25,0.35));
#2588 = LINE('',#2589,#2590);
#2589 = CARTESIAN_POINT('',(-0.3,-0.25,0.315));
#2590 = VECTOR('',#2591,1.);
#2591 = DIRECTION('',(0.,0.,1.));
#2592 = ORIENTED_EDGE('',*,*,#2593,.T.);
#2593 = EDGE_CURVE('',#2586,#2594,#2596,.T.);
#2594 = VERTEX_POINT('',#2595);
#2595 = CARTESIAN_POINT('',(0.3,-0.25,0.35));
#2596 = LINE('',#2597,#2598);
#2597 = CARTESIAN_POINT('',(-0.3,-0.25,0.35));
#2598 = VECTOR('',#2599,1.);
#2599 = DIRECTION('',(1.,0.,0.));
#2600 = ORIENTED_EDGE('',*,*,#2601,.F.);
#2601 = EDGE_CURVE('',#2370,#2594,#2602,.T.);
#2602 = LINE('',#2603,#2604);
#2603 = CARTESIAN_POINT('',(0.3,-0.25,0.315));
#2604 = VECTOR('',#2605,1.);
#2605 = DIRECTION('',(0.,0.,1.));
#2606 = PLANE('',#2607);
#2607 = AXIS2_PLACEMENT_3D('',#2608,#2609,#2610);
#2608 = CARTESIAN_POINT('',(-0.3,-0.25,0.315));
#2609 = DIRECTION('',(0.,1.,0.));
#2610 = DIRECTION('',(0.,-0.,1.));
#2611 = ADVANCED_FACE('',(#2612),#2630,.F.);
#2612 = FACE_BOUND('',#2613,.F.);
#2613 = EDGE_LOOP('',(#2614,#2615,#2616,#2624));
#2614 = ORIENTED_EDGE('',*,*,#2585,.F.);
#2615 = ORIENTED_EDGE('',*,*,#2432,.T.);
#2616 = ORIENTED_EDGE('',*,*,#2617,.T.);
#2617 = EDGE_CURVE('',#2285,#2618,#2620,.T.);
#2618 = VERTEX_POINT('',#2619);
#2619 = CARTESIAN_POINT('',(-0.3,0.25,0.35));
#2620 = LINE('',#2621,#2622);
#2621 = CARTESIAN_POINT('',(-0.3,0.25,0.315));
#2622 = VECTOR('',#2623,1.);
#2623 = DIRECTION('',(0.,0.,1.));
#2624 = ORIENTED_EDGE('',*,*,#2625,.F.);
#2625 = EDGE_CURVE('',#2586,#2618,#2626,.T.);
#2626 = LINE('',#2627,#2628);
#2627 = CARTESIAN_POINT('',(-0.3,-0.25,0.35));
#2628 = VECTOR('',#2629,1.);
#2629 = DIRECTION('',(0.,1.,0.));
#2630 = PLANE('',#2631);
#2631 = AXIS2_PLACEMENT_3D('',#2632,#2633,#2634);
#2632 = CARTESIAN_POINT('',(-0.3,-0.25,0.315));
#2633 = DIRECTION('',(1.,0.,0.));
#2634 = DIRECTION('',(0.,0.,1.));
#2635 = ADVANCED_FACE('',(#2636),#2699,.T.);
#2636 = FACE_BOUND('',#2637,.T.);
#2637 = EDGE_LOOP('',(#2638,#2648,#2655,#2656,#2657,#2658,#2667,#2675,
    #2684,#2692));
#2638 = ORIENTED_EDGE('',*,*,#2639,.F.);
#2639 = EDGE_CURVE('',#2640,#2642,#2644,.T.);
#2640 = VERTEX_POINT('',#2641);
#2641 = CARTESIAN_POINT('',(0.335,0.25,-2.775557561563E-17));
#2642 = VERTEX_POINT('',#2643);
#2643 = CARTESIAN_POINT('',(0.465,0.25,-2.775557561563E-17));
#2644 = LINE('',#2645,#2646);
#2645 = CARTESIAN_POINT('',(0.3,0.25,0.));
#2646 = VECTOR('',#2647,1.);
#2647 = DIRECTION('',(1.,0.,0.));
#2648 = ORIENTED_EDGE('',*,*,#2649,.F.);
#2649 = EDGE_CURVE('',#2477,#2640,#2650,.T.);
#2650 = CIRCLE('',#2651,3.5E-02);
#2651 = AXIS2_PLACEMENT_3D('',#2652,#2653,#2654);
#2652 = CARTESIAN_POINT('',(0.335,0.25,3.5E-02));
#2653 = DIRECTION('',(0.,-1.,0.));
#2654 = DIRECTION('',(0.,0.,1.));
#2655 = ORIENTED_EDGE('',*,*,#2476,.T.);
#2656 = ORIENTED_EDGE('',*,*,#2468,.T.);
#2657 = ORIENTED_EDGE('',*,*,#2460,.F.);
#2658 = ORIENTED_EDGE('',*,*,#2659,.T.);
#2659 = EDGE_CURVE('',#2453,#2660,#2662,.T.);
#2660 = VERTEX_POINT('',#2661);
#2661 = CARTESIAN_POINT('',(0.335,0.25,0.35));
#2662 = CIRCLE('',#2663,3.5E-02);
#2663 = AXIS2_PLACEMENT_3D('',#2664,#2665,#2666);
#2664 = CARTESIAN_POINT('',(0.335,0.25,0.315));
#2665 = DIRECTION('',(0.,1.,0.));
#2666 = DIRECTION('',(0.,-0.,1.));
#2667 = ORIENTED_EDGE('',*,*,#2668,.T.);
#2668 = EDGE_CURVE('',#2660,#2669,#2671,.T.);
#2669 = VERTEX_POINT('',#2670);
#2670 = CARTESIAN_POINT('',(0.465,0.25,0.35));
#2671 = LINE('',#2672,#2673);
#2672 = CARTESIAN_POINT('',(0.3,0.25,0.35));
#2673 = VECTOR('',#2674,1.);
#2674 = DIRECTION('',(1.,0.,0.));
#2675 = ORIENTED_EDGE('',*,*,#2676,.F.);
#2676 = EDGE_CURVE('',#2677,#2669,#2679,.T.);
#2677 = VERTEX_POINT('',#2678);
#2678 = CARTESIAN_POINT('',(0.5,0.25,0.315));
#2679 = CIRCLE('',#2680,3.5E-02);
#2680 = AXIS2_PLACEMENT_3D('',#2681,#2682,#2683);
#2681 = CARTESIAN_POINT('',(0.465,0.25,0.315));
#2682 = DIRECTION('',(0.,-1.,0.));
#2683 = DIRECTION('',(0.,0.,1.));
#2684 = ORIENTED_EDGE('',*,*,#2685,.F.);
#2685 = EDGE_CURVE('',#2686,#2677,#2688,.T.);
#2686 = VERTEX_POINT('',#2687);
#2687 = CARTESIAN_POINT('',(0.5,0.25,3.5E-02));
#2688 = LINE('',#2689,#2690);
#2689 = CARTESIAN_POINT('',(0.5,0.25,0.));
#2690 = VECTOR('',#2691,1.);
#2691 = DIRECTION('',(0.,0.,1.));
#2692 = ORIENTED_EDGE('',*,*,#2693,.T.);
#2693 = EDGE_CURVE('',#2686,#2642,#2694,.T.);
#2694 = CIRCLE('',#2695,3.5E-02);
#2695 = AXIS2_PLACEMENT_3D('',#2696,#2697,#2698);
#2696 = CARTESIAN_POINT('',(0.465,0.25,3.5E-02));
#2697 = DIRECTION('',(0.,1.,0.));
#2698 = DIRECTION('',(0.,-0.,1.));
#2699 = PLANE('',#2700);
#2700 = AXIS2_PLACEMENT_3D('',#2701,#2702,#2703);
#2701 = CARTESIAN_POINT('',(0.3,0.25,0.));
#2702 = DIRECTION('',(0.,1.,0.));
#2703 = DIRECTION('',(0.,-0.,1.));
#2704 = ADVANCED_FACE('',(#2705),#2723,.T.);
#2705 = FACE_BOUND('',#2706,.T.);
#2706 = EDGE_LOOP('',(#2707,#2708,#2709,#2717));
#2707 = ORIENTED_EDGE('',*,*,#2452,.F.);
#2708 = ORIENTED_EDGE('',*,*,#2617,.T.);
#2709 = ORIENTED_EDGE('',*,*,#2710,.T.);
#2710 = EDGE_CURVE('',#2618,#2711,#2713,.T.);
#2711 = VERTEX_POINT('',#2712);
#2712 = CARTESIAN_POINT('',(0.3,0.25,0.35));
#2713 = LINE('',#2714,#2715);
#2714 = CARTESIAN_POINT('',(-0.3,0.25,0.35));
#2715 = VECTOR('',#2716,1.);
#2716 = DIRECTION('',(1.,0.,0.));
#2717 = ORIENTED_EDGE('',*,*,#2718,.F.);
#2718 = EDGE_CURVE('',#2453,#2711,#2719,.T.);
#2719 = LINE('',#2720,#2721);
#2720 = CARTESIAN_POINT('',(0.3,0.25,0.315));
#2721 = VECTOR('',#2722,1.);
#2722 = DIRECTION('',(0.,0.,1.));
#2723 = PLANE('',#2724);
#2724 = AXIS2_PLACEMENT_3D('',#2725,#2726,#2727);
#2725 = CARTESIAN_POINT('',(-0.3,0.25,0.315));
#2726 = DIRECTION('',(0.,1.,0.));
#2727 = DIRECTION('',(0.,-0.,1.));
#2728 = ADVANCED_FACE('',(#2729),#2740,.T.);
#2729 = FACE_BOUND('',#2730,.T.);
#2730 = EDGE_LOOP('',(#2731,#2732,#2733,#2739));
#2731 = ORIENTED_EDGE('',*,*,#2500,.T.);
#2732 = ORIENTED_EDGE('',*,*,#2649,.T.);
#2733 = ORIENTED_EDGE('',*,*,#2734,.F.);
#2734 = EDGE_CURVE('',#2516,#2640,#2735,.T.);
#2735 = LINE('',#2736,#2737);
#2736 = CARTESIAN_POINT('',(0.335,-0.25,-2.775557561563E-17));
#2737 = VECTOR('',#2738,1.);
#2738 = DIRECTION('',(0.,1.,0.));
#2739 = ORIENTED_EDGE('',*,*,#2525,.F.);
#2740 = CYLINDRICAL_SURFACE('',#2741,3.5E-02);
#2741 = AXIS2_PLACEMENT_3D('',#2742,#2743,#2744);
#2742 = CARTESIAN_POINT('',(0.335,-0.25,3.5E-02));
#2743 = DIRECTION('',(0.,1.,0.));
#2744 = DIRECTION('',(-1.,0.,0.));
#2745 = ADVANCED_FACE('',(#2746),#2757,.F.);
#2746 = FACE_BOUND('',#2747,.F.);
#2747 = EDGE_LOOP('',(#2748,#2749,#2750,#2751));
#2748 = ORIENTED_EDGE('',*,*,#2639,.F.);
#2749 = ORIENTED_EDGE('',*,*,#2734,.F.);
#2750 = ORIENTED_EDGE('',*,*,#2515,.T.);
#2751 = ORIENTED_EDGE('',*,*,#2752,.T.);
#2752 = EDGE_CURVE('',#2518,#2642,#2753,.T.);
#2753 = LINE('',#2754,#2755);
#2754 = CARTESIAN_POINT('',(0.465,-0.25,-2.775557561563E-17));
#2755 = VECTOR('',#2756,1.);
#2756 = DIRECTION('',(0.,1.,0.));
#2757 = PLANE('',#2758);
#2758 = AXIS2_PLACEMENT_3D('',#2759,#2760,#2761);
#2759 = CARTESIAN_POINT('',(0.3,-0.25,0.));
#2760 = DIRECTION('',(0.,0.,1.));
#2761 = DIRECTION('',(1.,0.,-0.));
#2762 = ADVANCED_FACE('',(#2763),#2774,.T.);
#2763 = FACE_BOUND('',#2764,.T.);
#2764 = EDGE_LOOP('',(#2765,#2766,#2767,#2768));
#2765 = ORIENTED_EDGE('',*,*,#2569,.T.);
#2766 = ORIENTED_EDGE('',*,*,#2752,.T.);
#2767 = ORIENTED_EDGE('',*,*,#2693,.F.);
#2768 = ORIENTED_EDGE('',*,*,#2769,.F.);
#2769 = EDGE_CURVE('',#2562,#2686,#2770,.T.);
#2770 = LINE('',#2771,#2772);
#2771 = CARTESIAN_POINT('',(0.5,-0.25,3.5E-02));
#2772 = VECTOR('',#2773,1.);
#2773 = DIRECTION('',(0.,1.,0.));
#2774 = CYLINDRICAL_SURFACE('',#2775,3.5E-02);
#2775 = AXIS2_PLACEMENT_3D('',#2776,#2777,#2778);
#2776 = CARTESIAN_POINT('',(0.465,-0.25,3.5E-02));
#2777 = DIRECTION('',(0.,1.,0.));
#2778 = DIRECTION('',(1.,0.,0.));
#2779 = ADVANCED_FACE('',(#2780),#2791,.T.);
#2780 = FACE_BOUND('',#2781,.T.);
#2781 = EDGE_LOOP('',(#2782,#2783,#2784,#2785));
#2782 = ORIENTED_EDGE('',*,*,#2561,.F.);
#2783 = ORIENTED_EDGE('',*,*,#2769,.T.);
#2784 = ORIENTED_EDGE('',*,*,#2685,.T.);
#2785 = ORIENTED_EDGE('',*,*,#2786,.F.);
#2786 = EDGE_CURVE('',#2553,#2677,#2787,.T.);
#2787 = LINE('',#2788,#2789);
#2788 = CARTESIAN_POINT('',(0.5,-0.25,0.315));
#2789 = VECTOR('',#2790,1.);
#2790 = DIRECTION('',(0.,1.,0.));
#2791 = PLANE('',#2792);
#2792 = AXIS2_PLACEMENT_3D('',#2793,#2794,#2795);
#2793 = CARTESIAN_POINT('',(0.5,-0.25,0.));
#2794 = DIRECTION('',(1.,0.,0.));
#2795 = DIRECTION('',(0.,0.,1.));
#2796 = ADVANCED_FACE('',(#2797),#2808,.T.);
#2797 = FACE_BOUND('',#2798,.T.);
#2798 = EDGE_LOOP('',(#2799,#2800,#2801,#2807));
#2799 = ORIENTED_EDGE('',*,*,#2786,.T.);
#2800 = ORIENTED_EDGE('',*,*,#2676,.T.);
#2801 = ORIENTED_EDGE('',*,*,#2802,.F.);
#2802 = EDGE_CURVE('',#2545,#2669,#2803,.T.);
#2803 = LINE('',#2804,#2805);
#2804 = CARTESIAN_POINT('',(0.465,-0.25,0.35));
#2805 = VECTOR('',#2806,1.);
#2806 = DIRECTION('',(0.,1.,0.));
#2807 = ORIENTED_EDGE('',*,*,#2552,.F.);
#2808 = CYLINDRICAL_SURFACE('',#2809,3.5E-02);
#2809 = AXIS2_PLACEMENT_3D('',#2810,#2811,#2812);
#2810 = CARTESIAN_POINT('',(0.465,-0.25,0.315));
#2811 = DIRECTION('',(0.,1.,0.));
#2812 = DIRECTION('',(1.,0.,0.));
#2813 = ADVANCED_FACE('',(#2814),#2825,.T.);
#2814 = FACE_BOUND('',#2815,.T.);
#2815 = EDGE_LOOP('',(#2816,#2817,#2823,#2824));
#2816 = ORIENTED_EDGE('',*,*,#2668,.F.);
#2817 = ORIENTED_EDGE('',*,*,#2818,.F.);
#2818 = EDGE_CURVE('',#2536,#2660,#2819,.T.);
#2819 = LINE('',#2820,#2821);
#2820 = CARTESIAN_POINT('',(0.335,-0.25,0.35));
#2821 = VECTOR('',#2822,1.);
#2822 = DIRECTION('',(0.,1.,0.));
#2823 = ORIENTED_EDGE('',*,*,#2544,.T.);
#2824 = ORIENTED_EDGE('',*,*,#2802,.T.);
#2825 = PLANE('',#2826);
#2826 = AXIS2_PLACEMENT_3D('',#2827,#2828,#2829);
#2827 = CARTESIAN_POINT('',(0.3,-0.25,0.35));
#2828 = DIRECTION('',(0.,0.,1.));
#2829 = DIRECTION('',(1.,0.,-0.));
#2830 = ADVANCED_FACE('',(#2831),#2842,.T.);
#2831 = FACE_BOUND('',#2832,.T.);
#2832 = EDGE_LOOP('',(#2833,#2834,#2835,#2836));
#2833 = ORIENTED_EDGE('',*,*,#2535,.T.);
#2834 = ORIENTED_EDGE('',*,*,#2818,.T.);
#2835 = ORIENTED_EDGE('',*,*,#2659,.F.);
#2836 = ORIENTED_EDGE('',*,*,#2837,.F.);
#2837 = EDGE_CURVE('',#2370,#2453,#2838,.T.);
#2838 = LINE('',#2839,#2840);
#2839 = CARTESIAN_POINT('',(0.3,-0.25,0.315));
#2840 = VECTOR('',#2841,1.);
#2841 = DIRECTION('',(0.,1.,0.));
#2842 = CYLINDRICAL_SURFACE('',#2843,3.5E-02);
#2843 = AXIS2_PLACEMENT_3D('',#2844,#2845,#2846);
#2844 = CARTESIAN_POINT('',(0.335,-0.25,0.315));
#2845 = DIRECTION('',(0.,1.,0.));
#2846 = DIRECTION('',(-1.,0.,0.));
#2847 = ADVANCED_FACE('',(#2848),#2859,.T.);
#2848 = FACE_BOUND('',#2849,.T.);
#2849 = EDGE_LOOP('',(#2850,#2851,#2852,#2853));
#2850 = ORIENTED_EDGE('',*,*,#2601,.F.);
#2851 = ORIENTED_EDGE('',*,*,#2837,.T.);
#2852 = ORIENTED_EDGE('',*,*,#2718,.T.);
#2853 = ORIENTED_EDGE('',*,*,#2854,.F.);
#2854 = EDGE_CURVE('',#2594,#2711,#2855,.T.);
#2855 = LINE('',#2856,#2857);
#2856 = CARTESIAN_POINT('',(0.3,-0.25,0.35));
#2857 = VECTOR('',#2858,1.);
#2858 = DIRECTION('',(0.,1.,0.));
#2859 = PLANE('',#2860);
#2860 = AXIS2_PLACEMENT_3D('',#2861,#2862,#2863);
#2861 = CARTESIAN_POINT('',(0.3,-0.25,0.315));
#2862 = DIRECTION('',(1.,0.,0.));
#2863 = DIRECTION('',(0.,0.,1.));
#2864 = ADVANCED_FACE('',(#2865),#2871,.T.);
#2865 = FACE_BOUND('',#2866,.T.);
#2866 = EDGE_LOOP('',(#2867,#2868,#2869,#2870));
#2867 = ORIENTED_EDGE('',*,*,#2625,.F.);
#2868 = ORIENTED_EDGE('',*,*,#2593,.T.);
#2869 = ORIENTED_EDGE('',*,*,#2854,.T.);
#2870 = ORIENTED_EDGE('',*,*,#2710,.F.);
#2871 = PLANE('',#2872);
#2872 = AXIS2_PLACEMENT_3D('',#2873,#2874,#2875);
#2873 = CARTESIAN_POINT('',(-0.3,-0.25,0.35));
#2874 = DIRECTION('',(0.,0.,1.));
#2875 = DIRECTION('',(1.,0.,-0.));
#2876 = ( GEOMETRIC_REPRESENTATION_CONTEXT(3) 
GLOBAL_UNCERTAINTY_ASSIGNED_CONTEXT((#2880)) 
GLOBAL_UNIT_ASSIGNED_CONTEXT((#2877,#2878,#2879)) REPRESENTATION_CONTEXT
('Context #1','3D Context with UNIT and UNCERTAINTY') );
#2877 = ( LENGTH_UNIT() NAMED_UNIT(*) SI_UNIT(.MILLI.,.METRE.) );
#2878 = ( NAMED_UNIT(*) PLANE_ANGLE_UNIT() SI_UNIT($,.RADIAN.) );
#2879 = ( NAMED_UNIT(*) SI_UNIT($,.STERADIAN.) SOLID_ANGLE_UNIT() );
#2880 = UNCERTAINTY_MEASURE_WITH_UNIT(LENGTH_MEASURE(1.E-07),#2877,
  'distance_accuracy_value','confusion accuracy');
#2881 = CONTEXT_DEPENDENT_SHAPE_REPRESENTATION(#2882,#2884);
#2882 = ( REPRESENTATION_RELATIONSHIP('','',#2085,#2062) 
REPRESENTATION_RELATIONSHIP_WITH_TRANSFORMATION(#2883) 
SHAPE_REPRESENTATION_RELATIONSHIP() );
#2883 = ITEM_DEFINED_TRANSFORMATION('','',#11,#2063);
#2884 = PRODUCT_DEFINITION_SHAPE('Placement','Placement of an item',
  #2885);
#2885 = NEXT_ASSEMBLY_USAGE_OCCURRENCE('9','=>[0:1:1:7]','',#2057,#2080,
  $);
#2886 = PRODUCT_RELATED_PRODUCT_CATEGORY('part',$,(#2082));
#2887 = CONTEXT_DEPENDENT_SHAPE_REPRESENTATION(#2888,#2890);
#2888 = ( REPRESENTATION_RELATIONSHIP('','',#112,#10) 
REPRESENTATION_RELATIONSHIP_WITH_TRANSFORMATION(#2889) 
SHAPE_REPRESENTATION_RELATIONSHIP() );
#2889 = ITEM_DEFINED_TRANSFORMATION('','',#11,#43);
#2890 = PRODUCT_DEFINITION_SHAPE('Placement','Placement of an item',
  #2891);
#2891 = NEXT_ASSEMBLY_USAGE_OCCURRENCE('11','C7','',#5,#107,$);
#2892 = SHAPE_DEFINITION_REPRESENTATION(#2893,#2899);
#2893 = PRODUCT_DEFINITION_SHAPE('','',#2894);
#2894 = PRODUCT_DEFINITION('design','',#2895,#2898);
#2895 = PRODUCT_DEFINITION_FORMATION('','',#2896);
#2896 = PRODUCT('QFN-32-1EP_5x5mm_P0.5mm_EP3.3x3.3mm',
  'QFN-32-1EP_5x5mm_P0.5mm_EP3.3x3.3mm','',(#2897));
#2897 = PRODUCT_CONTEXT('',#2,'mechanical');
#2898 = PRODUCT_DEFINITION_CONTEXT('part definition',#2,'design');
#2899 = SHAPE_REPRESENTATION('',(#11,#2900),#2904);
#2900 = AXIS2_PLACEMENT_3D('',#2901,#2902,#2903);
#2901 = CARTESIAN_POINT('',(0.,0.,0.));
#2902 = DIRECTION('',(0.,0.,1.));
#2903 = DIRECTION('',(1.,0.,-0.));
#2904 = ( GEOMETRIC_REPRESENTATION_CONTEXT(3) 
GLOBAL_UNCERTAINTY_ASSIGNED_CONTEXT((#2908)) 
GLOBAL_UNIT_ASSIGNED_CONTEXT((#2905,#2906,#2907)) REPRESENTATION_CONTEXT
('Context #1','3D Context with UNIT and UNCERTAINTY') );
#2905 = ( LENGTH_UNIT() NAMED_UNIT(*) SI_UNIT(.MILLI.,.METRE.) );
#2906 = ( NAMED_UNIT(*) PLANE_ANGLE_UNIT() SI_UNIT($,.RADIAN.) );
#2907 = ( NAMED_UNIT(*) SI_UNIT($,.STERADIAN.) SOLID_ANGLE_UNIT() );
#2908 = UNCERTAINTY_MEASURE_WITH_UNIT(LENGTH_MEASURE(1.E-07),#2905,
  'distance_accuracy_value','confusion accuracy');
#2909 = CONTEXT_DEPENDENT_SHAPE_REPRESENTATION(#2910,#2912);
#2910 = ( REPRESENTATION_RELATIONSHIP('','',#2899,#10) 
REPRESENTATION_RELATIONSHIP_WITH_TRANSFORMATION(#2911) 
SHAPE_REPRESENTATION_RELATIONSHIP() );
#2911 = ITEM_DEFINED_TRANSFORMATION('','',#11,#47);
#2912 = PRODUCT_DEFINITION_SHAPE('Placement','Placement of an item',
  #2913);
#2913 = NEXT_ASSEMBLY_USAGE_OCCURRENCE('13','U1','',#5,#2894,$);
#2914 = PRODUCT_RELATED_PRODUCT_CATEGORY('part',$,(#2896));
#2915 = SHAPE_DEFINITION_REPRESENTATION(#2916,#2922);
#2916 = PRODUCT_DEFINITION_SHAPE('','',#2917);
#2917 = PRODUCT_DEFINITION('design','',#2918,#2921);
#2918 = PRODUCT_DEFINITION_FORMATION('','',#2919);
#2919 = PRODUCT('QFN_32_1EP_5x5mm_P05mm_EP33x33mm',
  'QFN_32_1EP_5x5mm_P05mm_EP33x33mm','',(#2920));
#2920 = PRODUCT_CONTEXT('',#2,'mechanical');
#2921 = PRODUCT_DEFINITION_CONTEXT('part definition',#2,'design');
#2922 = ADVANCED_BREP_SHAPE_REPRESENTATION('',(#11,#2923),#9693);
#2923 = MANIFOLD_SOLID_BREP('',#2924);
#2924 = CLOSED_SHELL('',(#2925,#2965,#3004,#3028,#4150,#4167,#4184,#4196
    ,#4411,#4451,#4476,#4509,#4549,#4574,#4607,#4647,#4672,#4705,#4745,
    #4770,#4803,#4843,#4868,#4901,#4941,#4966,#4999,#5039,#5064,#5097,
    #5137,#5162,#5195,#5403,#5443,#5468,#5501,#5541,#5566,#5599,#5639,
    #5664,#5697,#5737,#5762,#5795,#5835,#5860,#5893,#5933,#5958,#5991,
    #6031,#6056,#6089,#6129,#6154,#6187,#6395,#6435,#6460,#6493,#6533,
    #6558,#6591,#6631,#6656,#6689,#6729,#6754,#6787,#6827,#6852,#6885,
    #6925,#6950,#6983,#7023,#7048,#7081,#7121,#7146,#7179,#7380,#7420,
    #7445,#7478,#7518,#7543,#7576,#7616,#7641,#7674,#7714,#7739,#7772,
    #7812,#7837,#7870,#7910,#7935,#7968,#8008,#8033,#8066,#8106,#8131,
    #8164,#8187,#8204,#8221,#8238,#8255,#8272,#8289,#8306,#8323,#8340,
    #8352,#8369,#8381,#8398,#8410,#8427,#8439,#8456,#8468,#8485,#8497,
    #8514,#8526,#8543,#8555,#8572,#8589,#8606,#8623,#8640,#8657,#8674,
    #8691,#8708,#8720,#8737,#8749,#8766,#8778,#8795,#8807,#8824,#8836,
    #8853,#8865,#8882,#8894,#8911,#8923,#8940,#8957,#8974,#8991,#9008,
    #9025,#9042,#9059,#9076,#9088,#9105,#9117,#9134,#9146,#9163,#9175,
    #9192,#9204,#9221,#9233,#9250,#9262,#9279,#9291,#9308,#9325,#9342,
    #9359,#9376,#9393,#9410,#9427,#9444,#9456,#9473,#9485,#9502,#9514,
    #9531,#9543,#9560,#9572,#9589,#9601,#9618,#9630,#9647,#9659,#9684));
#2925 = ADVANCED_FACE('',(#2926),#2960,.F.);
#2926 = FACE_BOUND('',#2927,.F.);
#2927 = EDGE_LOOP('',(#2928,#2938,#2946,#2954));
#2928 = ORIENTED_EDGE('',*,*,#2929,.F.);
#2929 = EDGE_CURVE('',#2930,#2932,#2934,.T.);
#2930 = VERTEX_POINT('',#2931);
#2931 = CARTESIAN_POINT('',(-1.65,1.45,0.));
#2932 = VERTEX_POINT('',#2933);
#2933 = CARTESIAN_POINT('',(-1.65,-1.65,0.));
#2934 = LINE('',#2935,#2936);
#2935 = CARTESIAN_POINT('',(-1.65,1.45,0.));
#2936 = VECTOR('',#2937,1.);
#2937 = DIRECTION('',(-2.22044604925E-16,-1.,0.));
#2938 = ORIENTED_EDGE('',*,*,#2939,.T.);
#2939 = EDGE_CURVE('',#2930,#2940,#2942,.T.);
#2940 = VERTEX_POINT('',#2941);
#2941 = CARTESIAN_POINT('',(-1.65,1.45,2.5E-02));
#2942 = LINE('',#2943,#2944);
#2943 = CARTESIAN_POINT('',(-1.65,1.45,0.));
#2944 = VECTOR('',#2945,1.);
#2945 = DIRECTION('',(0.,0.,1.));
#2946 = ORIENTED_EDGE('',*,*,#2947,.F.);
#2947 = EDGE_CURVE('',#2948,#2940,#2950,.T.);
#2948 = VERTEX_POINT('',#2949);
#2949 = CARTESIAN_POINT('',(-1.65,-1.65,2.5E-02));
#2950 = LINE('',#2951,#2952);
#2951 = CARTESIAN_POINT('',(-1.65,1.96875,2.5E-02));
#2952 = VECTOR('',#2953,1.);
#2953 = DIRECTION('',(2.22044604925E-16,1.,0.));
#2954 = ORIENTED_EDGE('',*,*,#2955,.F.);
#2955 = EDGE_CURVE('',#2932,#2948,#2956,.T.);
#2956 = LINE('',#2957,#2958);
#2957 = CARTESIAN_POINT('',(-1.65,-1.65,0.));
#2958 = VECTOR('',#2959,1.);
#2959 = DIRECTION('',(0.,0.,1.));
#2960 = PLANE('',#2961);
#2961 = AXIS2_PLACEMENT_3D('',#2962,#2963,#2964);
#2962 = CARTESIAN_POINT('',(-1.65,1.45,0.));
#2963 = DIRECTION('',(1.,-2.22044604925E-16,0.));
#2964 = DIRECTION('',(-2.22044604925E-16,-1.,0.));
#2965 = ADVANCED_FACE('',(#2966),#2999,.F.);
#2966 = FACE_BOUND('',#2967,.F.);
#2967 = EDGE_LOOP('',(#2968,#2969,#2977,#2985,#2993));
#2968 = ORIENTED_EDGE('',*,*,#2929,.T.);
#2969 = ORIENTED_EDGE('',*,*,#2970,.T.);
#2970 = EDGE_CURVE('',#2932,#2971,#2973,.T.);
#2971 = VERTEX_POINT('',#2972);
#2972 = CARTESIAN_POINT('',(1.65,-1.65,0.));
#2973 = LINE('',#2974,#2975);
#2974 = CARTESIAN_POINT('',(-1.65,-1.65,0.));
#2975 = VECTOR('',#2976,1.);
#2976 = DIRECTION('',(1.,-2.893308488417E-16,0.));
#2977 = ORIENTED_EDGE('',*,*,#2978,.T.);
#2978 = EDGE_CURVE('',#2971,#2979,#2981,.T.);
#2979 = VERTEX_POINT('',#2980);
#2980 = CARTESIAN_POINT('',(1.65,1.65,0.));
#2981 = LINE('',#2982,#2983);
#2982 = CARTESIAN_POINT('',(1.65,-1.65,0.));
#2983 = VECTOR('',#2984,1.);
#2984 = DIRECTION('',(2.22044604925E-16,1.,0.));
#2985 = ORIENTED_EDGE('',*,*,#2986,.T.);
#2986 = EDGE_CURVE('',#2979,#2987,#2989,.T.);
#2987 = VERTEX_POINT('',#2988);
#2988 = CARTESIAN_POINT('',(-1.45,1.65,0.));
#2989 = LINE('',#2990,#2991);
#2990 = CARTESIAN_POINT('',(1.65,1.65,0.));
#2991 = VECTOR('',#2992,1.);
#2992 = DIRECTION('',(-1.,2.22044604925E-16,0.));
#2993 = ORIENTED_EDGE('',*,*,#2994,.T.);
#2994 = EDGE_CURVE('',#2987,#2930,#2995,.T.);
#2995 = LINE('',#2996,#2997);
#2996 = CARTESIAN_POINT('',(-1.45,1.65,0.));
#2997 = VECTOR('',#2998,1.);
#2998 = DIRECTION('',(-0.707106781187,-0.707106781187,0.));
#2999 = PLANE('',#3000);
#3000 = AXIS2_PLACEMENT_3D('',#3001,#3002,#3003);
#3001 = CARTESIAN_POINT('',(1.540902081412E-02,-1.540902081412E-02,0.));
#3002 = DIRECTION('',(0.,0.,1.));
#3003 = DIRECTION('',(-2.22044604925E-16,-1.,0.));
#3004 = ADVANCED_FACE('',(#3005),#3023,.F.);
#3005 = FACE_BOUND('',#3006,.F.);
#3006 = EDGE_LOOP('',(#3007,#3008,#3009,#3017));
#3007 = ORIENTED_EDGE('',*,*,#2970,.F.);
#3008 = ORIENTED_EDGE('',*,*,#2955,.T.);
#3009 = ORIENTED_EDGE('',*,*,#3010,.F.);
#3010 = EDGE_CURVE('',#3011,#2948,#3013,.T.);
#3011 = VERTEX_POINT('',#3012);
#3012 = CARTESIAN_POINT('',(1.65,-1.65,2.5E-02));
#3013 = LINE('',#3014,#3015);
#3014 = CARTESIAN_POINT('',(-2.06875,-1.65,2.5E-02));
#3015 = VECTOR('',#3016,1.);
#3016 = DIRECTION('',(-1.,2.893308488417E-16,0.));
#3017 = ORIENTED_EDGE('',*,*,#3018,.F.);
#3018 = EDGE_CURVE('',#2971,#3011,#3019,.T.);
#3019 = LINE('',#3020,#3021);
#3020 = CARTESIAN_POINT('',(1.65,-1.65,0.));
#3021 = VECTOR('',#3022,1.);
#3022 = DIRECTION('',(0.,0.,1.));
#3023 = PLANE('',#3024);
#3024 = AXIS2_PLACEMENT_3D('',#3025,#3026,#3027);
#3025 = CARTESIAN_POINT('',(-1.65,-1.65,0.));
#3026 = DIRECTION('',(2.893308488417E-16,1.,0.));
#3027 = DIRECTION('',(1.,-2.893308488417E-16,0.));
#3028 = ADVANCED_FACE('',(#3029,#4119),#4145,.F.);
#3029 = FACE_BOUND('',#3030,.F.);
#3030 = EDGE_LOOP('',(#3031,#3041,#3049,#3057,#3066,#3074,#3082,#3090,
    #3099,#3107,#3115,#3123,#3132,#3140,#3148,#3156,#3165,#3173,#3181,
    #3189,#3198,#3206,#3214,#3222,#3231,#3239,#3247,#3255,#3264,#3272,
    #3280,#3288,#3297,#3305,#3313,#3321,#3329,#3338,#3346,#3354,#3362,
    #3371,#3379,#3387,#3395,#3404,#3412,#3420,#3428,#3437,#3445,#3453,
    #3461,#3470,#3478,#3486,#3494,#3503,#3511,#3519,#3527,#3536,#3544,
    #3552,#3560,#3569,#3577,#3585,#3593,#3601,#3610,#3618,#3626,#3634,
    #3643,#3651,#3659,#3667,#3676,#3684,#3692,#3700,#3709,#3717,#3725,
    #3733,#3742,#3750,#3758,#3766,#3775,#3783,#3791,#3799,#3808,#3816,
    #3824,#3832,#3841,#3849,#3857,#3865,#3873,#3882,#3890,#3898,#3906,
    #3915,#3923,#3931,#3939,#3948,#3956,#3964,#3972,#3981,#3989,#3997,
    #4005,#4014,#4022,#4030,#4038,#4047,#4055,#4063,#4071,#4080,#4088,
    #4096,#4104,#4113));
#3031 = ORIENTED_EDGE('',*,*,#3032,.F.);
#3032 = EDGE_CURVE('',#3033,#3035,#3037,.T.);
#3033 = VERTEX_POINT('',#3034);
#3034 = CARTESIAN_POINT('',(-2.4875,2.4875,2.5E-02));
#3035 = VERTEX_POINT('',#3036);
#3036 = CARTESIAN_POINT('',(-1.875,2.4875,2.5E-02));
#3037 = LINE('',#3038,#3039);
#3038 = CARTESIAN_POINT('',(-2.4875,2.4875,2.5E-02));
#3039 = VECTOR('',#3040,1.);
#3040 = DIRECTION('',(1.,-2.22044604925E-16,0.));
#3041 = ORIENTED_EDGE('',*,*,#3042,.T.);
#3042 = EDGE_CURVE('',#3033,#3043,#3045,.T.);
#3043 = VERTEX_POINT('',#3044);
#3044 = CARTESIAN_POINT('',(-2.4875,1.875,2.5E-02));
#3045 = LINE('',#3046,#3047);
#3046 = CARTESIAN_POINT('',(-2.4875,2.4875,2.5E-02));
#3047 = VECTOR('',#3048,1.);
#3048 = DIRECTION('',(-2.22044604925E-16,-1.,0.));
#3049 = ORIENTED_EDGE('',*,*,#3050,.T.);
#3050 = EDGE_CURVE('',#3043,#3051,#3053,.T.);
#3051 = VERTEX_POINT('',#3052);
#3052 = CARTESIAN_POINT('',(-2.225,1.875,2.5E-02));
#3053 = LINE('',#3054,#3055);
#3054 = CARTESIAN_POINT('',(-2.35625,1.875,2.5E-02));
#3055 = VECTOR('',#3056,1.);
#3056 = DIRECTION('',(1.,-4.669739647545E-16,0.));
#3057 = ORIENTED_EDGE('',*,*,#3058,.T.);
#3058 = EDGE_CURVE('',#3051,#3059,#3061,.T.);
#3059 = VERTEX_POINT('',#3060);
#3060 = CARTESIAN_POINT('',(-2.225,1.625,2.5E-02));
#3061 = CIRCLE('',#3062,0.125);
#3062 = AXIS2_PLACEMENT_3D('',#3063,#3064,#3065);
#3063 = CARTESIAN_POINT('',(-2.225,1.75,2.5E-02));
#3064 = DIRECTION('',(-0.,0.,-1.));
#3065 = DIRECTION('',(-4.669739647545E-16,-1.,0.));
#3066 = ORIENTED_EDGE('',*,*,#3067,.T.);
#3067 = EDGE_CURVE('',#3059,#3068,#3070,.T.);
#3068 = VERTEX_POINT('',#3069);
#3069 = CARTESIAN_POINT('',(-2.4875,1.625,2.5E-02));
#3070 = LINE('',#3071,#3072);
#3071 = CARTESIAN_POINT('',(-2.49375,1.625,2.5E-02));
#3072 = VECTOR('',#3073,1.);
#3073 = DIRECTION('',(-1.,4.669739647545E-16,0.));
#3074 = ORIENTED_EDGE('',*,*,#3075,.T.);
#3075 = EDGE_CURVE('',#3068,#3076,#3078,.T.);
#3076 = VERTEX_POINT('',#3077);
#3077 = CARTESIAN_POINT('',(-2.4875,1.375,2.5E-02));
#3078 = LINE('',#3079,#3080);
#3079 = CARTESIAN_POINT('',(-2.4875,2.4875,2.5E-02));
#3080 = VECTOR('',#3081,1.);
#3081 = DIRECTION('',(-2.22044604925E-16,-1.,0.));
#3082 = ORIENTED_EDGE('',*,*,#3083,.T.);
#3083 = EDGE_CURVE('',#3076,#3084,#3086,.T.);
#3084 = VERTEX_POINT('',#3085);
#3085 = CARTESIAN_POINT('',(-2.225,1.375,2.5E-02));
#3086 = LINE('',#3087,#3088);
#3087 = CARTESIAN_POINT('',(-2.35625,1.375,2.5E-02));
#3088 = VECTOR('',#3089,1.);
#3089 = DIRECTION('',(1.,-4.669739647545E-16,0.));
#3090 = ORIENTED_EDGE('',*,*,#3091,.T.);
#3091 = EDGE_CURVE('',#3084,#3092,#3094,.T.);
#3092 = VERTEX_POINT('',#3093);
#3093 = CARTESIAN_POINT('',(-2.225,1.125,2.5E-02));
#3094 = CIRCLE('',#3095,0.125);
#3095 = AXIS2_PLACEMENT_3D('',#3096,#3097,#3098);
#3096 = CARTESIAN_POINT('',(-2.225,1.25,2.5E-02));
#3097 = DIRECTION('',(-0.,0.,-1.));
#3098 = DIRECTION('',(-4.669739647545E-16,-1.,0.));
#3099 = ORIENTED_EDGE('',*,*,#3100,.T.);
#3100 = EDGE_CURVE('',#3092,#3101,#3103,.T.);
#3101 = VERTEX_POINT('',#3102);
#3102 = CARTESIAN_POINT('',(-2.4875,1.125,2.5E-02));
#3103 = LINE('',#3104,#3105);
#3104 = CARTESIAN_POINT('',(-2.49375,1.125,2.5E-02));
#3105 = VECTOR('',#3106,1.);
#3106 = DIRECTION('',(-1.,4.669739647545E-16,0.));
#3107 = ORIENTED_EDGE('',*,*,#3108,.T.);
#3108 = EDGE_CURVE('',#3101,#3109,#3111,.T.);
#3109 = VERTEX_POINT('',#3110);
#3110 = CARTESIAN_POINT('',(-2.4875,0.875,2.5E-02));
#3111 = LINE('',#3112,#3113);
#3112 = CARTESIAN_POINT('',(-2.4875,2.4875,2.5E-02));
#3113 = VECTOR('',#3114,1.);
#3114 = DIRECTION('',(-2.22044604925E-16,-1.,0.));
#3115 = ORIENTED_EDGE('',*,*,#3116,.T.);
#3116 = EDGE_CURVE('',#3109,#3117,#3119,.T.);
#3117 = VERTEX_POINT('',#3118);
#3118 = CARTESIAN_POINT('',(-2.225,0.875,2.5E-02));
#3119 = LINE('',#3120,#3121);
#3120 = CARTESIAN_POINT('',(-2.35625,0.875,2.5E-02));
#3121 = VECTOR('',#3122,1.);
#3122 = DIRECTION('',(1.,-4.669739647545E-16,0.));
#3123 = ORIENTED_EDGE('',*,*,#3124,.T.);
#3124 = EDGE_CURVE('',#3117,#3125,#3127,.T.);
#3125 = VERTEX_POINT('',#3126);
#3126 = CARTESIAN_POINT('',(-2.225,0.625,2.5E-02));
#3127 = CIRCLE('',#3128,0.125);
#3128 = AXIS2_PLACEMENT_3D('',#3129,#3130,#3131);
#3129 = CARTESIAN_POINT('',(-2.225,0.75,2.5E-02));
#3130 = DIRECTION('',(-0.,0.,-1.));
#3131 = DIRECTION('',(-4.669739647545E-16,-1.,0.));
#3132 = ORIENTED_EDGE('',*,*,#3133,.T.);
#3133 = EDGE_CURVE('',#3125,#3134,#3136,.T.);
#3134 = VERTEX_POINT('',#3135);
#3135 = CARTESIAN_POINT('',(-2.4875,0.625,2.5E-02));
#3136 = LINE('',#3137,#3138);
#3137 = CARTESIAN_POINT('',(-2.49375,0.625,2.5E-02));
#3138 = VECTOR('',#3139,1.);
#3139 = DIRECTION('',(-1.,4.669739647545E-16,0.));
#3140 = ORIENTED_EDGE('',*,*,#3141,.T.);
#3141 = EDGE_CURVE('',#3134,#3142,#3144,.T.);
#3142 = VERTEX_POINT('',#3143);
#3143 = CARTESIAN_POINT('',(-2.4875,0.375,2.5E-02));
#3144 = LINE('',#3145,#3146);
#3145 = CARTESIAN_POINT('',(-2.4875,2.4875,2.5E-02));
#3146 = VECTOR('',#3147,1.);
#3147 = DIRECTION('',(-2.22044604925E-16,-1.,0.));
#3148 = ORIENTED_EDGE('',*,*,#3149,.T.);
#3149 = EDGE_CURVE('',#3142,#3150,#3152,.T.);
#3150 = VERTEX_POINT('',#3151);
#3151 = CARTESIAN_POINT('',(-2.225,0.375,2.5E-02));
#3152 = LINE('',#3153,#3154);
#3153 = CARTESIAN_POINT('',(-2.35625,0.375,2.5E-02));
#3154 = VECTOR('',#3155,1.);
#3155 = DIRECTION('',(1.,-4.669739647545E-16,0.));
#3156 = ORIENTED_EDGE('',*,*,#3157,.T.);
#3157 = EDGE_CURVE('',#3150,#3158,#3160,.T.);
#3158 = VERTEX_POINT('',#3159);
#3159 = CARTESIAN_POINT('',(-2.225,0.125,2.5E-02));
#3160 = CIRCLE('',#3161,0.125);
#3161 = AXIS2_PLACEMENT_3D('',#3162,#3163,#3164);
#3162 = CARTESIAN_POINT('',(-2.225,0.25,2.5E-02));
#3163 = DIRECTION('',(-0.,0.,-1.));
#3164 = DIRECTION('',(-4.669739647545E-16,-1.,0.));
#3165 = ORIENTED_EDGE('',*,*,#3166,.T.);
#3166 = EDGE_CURVE('',#3158,#3167,#3169,.T.);
#3167 = VERTEX_POINT('',#3168);
#3168 = CARTESIAN_POINT('',(-2.4875,0.125,2.5E-02));
#3169 = LINE('',#3170,#3171);
#3170 = CARTESIAN_POINT('',(-2.49375,0.125,2.5E-02));
#3171 = VECTOR('',#3172,1.);
#3172 = DIRECTION('',(-1.,4.669739647545E-16,0.));
#3173 = ORIENTED_EDGE('',*,*,#3174,.T.);
#3174 = EDGE_CURVE('',#3167,#3175,#3177,.T.);
#3175 = VERTEX_POINT('',#3176);
#3176 = CARTESIAN_POINT('',(-2.4875,-0.125,2.5E-02));
#3177 = LINE('',#3178,#3179);
#3178 = CARTESIAN_POINT('',(-2.4875,2.4875,2.5E-02));
#3179 = VECTOR('',#3180,1.);
#3180 = DIRECTION('',(-2.22044604925E-16,-1.,0.));
#3181 = ORIENTED_EDGE('',*,*,#3182,.T.);
#3182 = EDGE_CURVE('',#3175,#3183,#3185,.T.);
#3183 = VERTEX_POINT('',#3184);
#3184 = CARTESIAN_POINT('',(-2.225,-0.125,2.5E-02));
#3185 = LINE('',#3186,#3187);
#3186 = CARTESIAN_POINT('',(-2.35625,-0.125,2.5E-02));
#3187 = VECTOR('',#3188,1.);
#3188 = DIRECTION('',(1.,-4.669739647545E-16,0.));
#3189 = ORIENTED_EDGE('',*,*,#3190,.T.);
#3190 = EDGE_CURVE('',#3183,#3191,#3193,.T.);
#3191 = VERTEX_POINT('',#3192);
#3192 = CARTESIAN_POINT('',(-2.225,-0.375,2.5E-02));
#3193 = CIRCLE('',#3194,0.125);
#3194 = AXIS2_PLACEMENT_3D('',#3195,#3196,#3197);
#3195 = CARTESIAN_POINT('',(-2.225,-0.25,2.5E-02));
#3196 = DIRECTION('',(-0.,0.,-1.));
#3197 = DIRECTION('',(-4.669739647545E-16,-1.,0.));
#3198 = ORIENTED_EDGE('',*,*,#3199,.T.);
#3199 = EDGE_CURVE('',#3191,#3200,#3202,.T.);
#3200 = VERTEX_POINT('',#3201);
#3201 = CARTESIAN_POINT('',(-2.4875,-0.375,2.5E-02));
#3202 = LINE('',#3203,#3204);
#3203 = CARTESIAN_POINT('',(-2.49375,-0.375,2.5E-02));
#3204 = VECTOR('',#3205,1.);
#3205 = DIRECTION('',(-1.,4.669739647545E-16,0.));
#3206 = ORIENTED_EDGE('',*,*,#3207,.T.);
#3207 = EDGE_CURVE('',#3200,#3208,#3210,.T.);
#3208 = VERTEX_POINT('',#3209);
#3209 = CARTESIAN_POINT('',(-2.4875,-0.625,2.5E-02));
#3210 = LINE('',#3211,#3212);
#3211 = CARTESIAN_POINT('',(-2.4875,2.4875,2.5E-02));
#3212 = VECTOR('',#3213,1.);
#3213 = DIRECTION('',(-2.22044604925E-16,-1.,0.));
#3214 = ORIENTED_EDGE('',*,*,#3215,.T.);
#3215 = EDGE_CURVE('',#3208,#3216,#3218,.T.);
#3216 = VERTEX_POINT('',#3217);
#3217 = CARTESIAN_POINT('',(-2.225,-0.625,2.5E-02));
#3218 = LINE('',#3219,#3220);
#3219 = CARTESIAN_POINT('',(-2.35625,-0.625,2.5E-02));
#3220 = VECTOR('',#3221,1.);
#3221 = DIRECTION('',(1.,-4.669739647545E-16,0.));
#3222 = ORIENTED_EDGE('',*,*,#3223,.T.);
#3223 = EDGE_CURVE('',#3216,#3224,#3226,.T.);
#3224 = VERTEX_POINT('',#3225);
#3225 = CARTESIAN_POINT('',(-2.225,-0.875,2.5E-02));
#3226 = CIRCLE('',#3227,0.125);
#3227 = AXIS2_PLACEMENT_3D('',#3228,#3229,#3230);
#3228 = CARTESIAN_POINT('',(-2.225,-0.75,2.5E-02));
#3229 = DIRECTION('',(-0.,0.,-1.));
#3230 = DIRECTION('',(-4.669739647545E-16,-1.,0.));
#3231 = ORIENTED_EDGE('',*,*,#3232,.T.);
#3232 = EDGE_CURVE('',#3224,#3233,#3235,.T.);
#3233 = VERTEX_POINT('',#3234);
#3234 = CARTESIAN_POINT('',(-2.4875,-0.875,2.5E-02));
#3235 = LINE('',#3236,#3237);
#3236 = CARTESIAN_POINT('',(-2.49375,-0.875,2.5E-02));
#3237 = VECTOR('',#3238,1.);
#3238 = DIRECTION('',(-1.,4.669739647545E-16,0.));
#3239 = ORIENTED_EDGE('',*,*,#3240,.T.);
#3240 = EDGE_CURVE('',#3233,#3241,#3243,.T.);
#3241 = VERTEX_POINT('',#3242);
#3242 = CARTESIAN_POINT('',(-2.4875,-1.125,2.5E-02));
#3243 = LINE('',#3244,#3245);
#3244 = CARTESIAN_POINT('',(-2.4875,2.4875,2.5E-02));
#3245 = VECTOR('',#3246,1.);
#3246 = DIRECTION('',(-2.22044604925E-16,-1.,0.));
#3247 = ORIENTED_EDGE('',*,*,#3248,.T.);
#3248 = EDGE_CURVE('',#3241,#3249,#3251,.T.);
#3249 = VERTEX_POINT('',#3250);
#3250 = CARTESIAN_POINT('',(-2.225,-1.125,2.5E-02));
#3251 = LINE('',#3252,#3253);
#3252 = CARTESIAN_POINT('',(-2.35625,-1.125,2.5E-02));
#3253 = VECTOR('',#3254,1.);
#3254 = DIRECTION('',(1.,-4.669739647545E-16,0.));
#3255 = ORIENTED_EDGE('',*,*,#3256,.T.);
#3256 = EDGE_CURVE('',#3249,#3257,#3259,.T.);
#3257 = VERTEX_POINT('',#3258);
#3258 = CARTESIAN_POINT('',(-2.225,-1.375,2.5E-02));
#3259 = CIRCLE('',#3260,0.125);
#3260 = AXIS2_PLACEMENT_3D('',#3261,#3262,#3263);
#3261 = CARTESIAN_POINT('',(-2.225,-1.25,2.5E-02));
#3262 = DIRECTION('',(-0.,0.,-1.));
#3263 = DIRECTION('',(-4.669739647545E-16,-1.,0.));
#3264 = ORIENTED_EDGE('',*,*,#3265,.T.);
#3265 = EDGE_CURVE('',#3257,#3266,#3268,.T.);
#3266 = VERTEX_POINT('',#3267);
#3267 = CARTESIAN_POINT('',(-2.4875,-1.375,2.5E-02));
#3268 = LINE('',#3269,#3270);
#3269 = CARTESIAN_POINT('',(-2.49375,-1.375,2.5E-02));
#3270 = VECTOR('',#3271,1.);
#3271 = DIRECTION('',(-1.,4.669739647545E-16,0.));
#3272 = ORIENTED_EDGE('',*,*,#3273,.T.);
#3273 = EDGE_CURVE('',#3266,#3274,#3276,.T.);
#3274 = VERTEX_POINT('',#3275);
#3275 = CARTESIAN_POINT('',(-2.4875,-1.625,2.5E-02));
#3276 = LINE('',#3277,#3278);
#3277 = CARTESIAN_POINT('',(-2.4875,2.4875,2.5E-02));
#3278 = VECTOR('',#3279,1.);
#3279 = DIRECTION('',(-2.22044604925E-16,-1.,0.));
#3280 = ORIENTED_EDGE('',*,*,#3281,.T.);
#3281 = EDGE_CURVE('',#3274,#3282,#3284,.T.);
#3282 = VERTEX_POINT('',#3283);
#3283 = CARTESIAN_POINT('',(-2.225,-1.625,2.5E-02));
#3284 = LINE('',#3285,#3286);
#3285 = CARTESIAN_POINT('',(-2.35625,-1.625,2.5E-02));
#3286 = VECTOR('',#3287,1.);
#3287 = DIRECTION('',(1.,-4.669739647545E-16,0.));
#3288 = ORIENTED_EDGE('',*,*,#3289,.T.);
#3289 = EDGE_CURVE('',#3282,#3290,#3292,.T.);
#3290 = VERTEX_POINT('',#3291);
#3291 = CARTESIAN_POINT('',(-2.225,-1.875,2.5E-02));
#3292 = CIRCLE('',#3293,0.125);
#3293 = AXIS2_PLACEMENT_3D('',#3294,#3295,#3296);
#3294 = CARTESIAN_POINT('',(-2.225,-1.75,2.5E-02));
#3295 = DIRECTION('',(-0.,0.,-1.));
#3296 = DIRECTION('',(-4.669739647545E-16,-1.,0.));
#3297 = ORIENTED_EDGE('',*,*,#3298,.T.);
#3298 = EDGE_CURVE('',#3290,#3299,#3301,.T.);
#3299 = VERTEX_POINT('',#3300);
#3300 = CARTESIAN_POINT('',(-2.4875,-1.875,2.5E-02));
#3301 = LINE('',#3302,#3303);
#3302 = CARTESIAN_POINT('',(-2.49375,-1.875,2.5E-02));
#3303 = VECTOR('',#3304,1.);
#3304 = DIRECTION('',(-1.,4.669739647545E-16,0.));
#3305 = ORIENTED_EDGE('',*,*,#3306,.T.);
#3306 = EDGE_CURVE('',#3299,#3307,#3309,.T.);
#3307 = VERTEX_POINT('',#3308);
#3308 = CARTESIAN_POINT('',(-2.4875,-2.4875,2.5E-02));
#3309 = LINE('',#3310,#3311);
#3310 = CARTESIAN_POINT('',(-2.4875,2.4875,2.5E-02));
#3311 = VECTOR('',#3312,1.);
#3312 = DIRECTION('',(-2.22044604925E-16,-1.,0.));
#3313 = ORIENTED_EDGE('',*,*,#3314,.T.);
#3314 = EDGE_CURVE('',#3307,#3315,#3317,.T.);
#3315 = VERTEX_POINT('',#3316);
#3316 = CARTESIAN_POINT('',(-1.875,-2.4875,2.5E-02));
#3317 = LINE('',#3318,#3319);
#3318 = CARTESIAN_POINT('',(-2.4875,-2.4875,2.5E-02));
#3319 = VECTOR('',#3320,1.);
#3320 = DIRECTION('',(1.,-2.22044604925E-16,0.));
#3321 = ORIENTED_EDGE('',*,*,#3322,.T.);
#3322 = EDGE_CURVE('',#3315,#3323,#3325,.T.);
#3323 = VERTEX_POINT('',#3324);
#3324 = CARTESIAN_POINT('',(-1.875,-2.225,2.5E-02));
#3325 = LINE('',#3326,#3327);
#3326 = CARTESIAN_POINT('',(-1.875,0.13125,2.5E-02));
#3327 = VECTOR('',#3328,1.);
#3328 = DIRECTION('',(5.665538897648E-16,1.,0.));
#3329 = ORIENTED_EDGE('',*,*,#3330,.T.);
#3330 = EDGE_CURVE('',#3323,#3331,#3333,.T.);
#3331 = VERTEX_POINT('',#3332);
#3332 = CARTESIAN_POINT('',(-1.625,-2.225,2.5E-02));
#3333 = CIRCLE('',#3334,0.125);
#3334 = AXIS2_PLACEMENT_3D('',#3335,#3336,#3337);
#3335 = CARTESIAN_POINT('',(-1.75,-2.225,2.5E-02));
#3336 = DIRECTION('',(0.,-0.,-1.));
#3337 = DIRECTION('',(1.,-5.665538897648E-16,0.));
#3338 = ORIENTED_EDGE('',*,*,#3339,.T.);
#3339 = EDGE_CURVE('',#3331,#3340,#3342,.T.);
#3340 = VERTEX_POINT('',#3341);
#3341 = CARTESIAN_POINT('',(-1.625,-2.4875,2.5E-02));
#3342 = LINE('',#3343,#3344);
#3343 = CARTESIAN_POINT('',(-1.625,-6.25E-03,2.5E-02));
#3344 = VECTOR('',#3345,1.);
#3345 = DIRECTION('',(-5.665538897648E-16,-1.,0.));
#3346 = ORIENTED_EDGE('',*,*,#3347,.T.);
#3347 = EDGE_CURVE('',#3340,#3348,#3350,.T.);
#3348 = VERTEX_POINT('',#3349);
#3349 = CARTESIAN_POINT('',(-1.375,-2.4875,2.5E-02));
#3350 = LINE('',#3351,#3352);
#3351 = CARTESIAN_POINT('',(-2.4875,-2.4875,2.5E-02));
#3352 = VECTOR('',#3353,1.);
#3353 = DIRECTION('',(1.,-2.22044604925E-16,0.));
#3354 = ORIENTED_EDGE('',*,*,#3355,.T.);
#3355 = EDGE_CURVE('',#3348,#3356,#3358,.T.);
#3356 = VERTEX_POINT('',#3357);
#3357 = CARTESIAN_POINT('',(-1.375,-2.225,2.5E-02));
#3358 = LINE('',#3359,#3360);
#3359 = CARTESIAN_POINT('',(-1.375,0.13125,2.5E-02));
#3360 = VECTOR('',#3361,1.);
#3361 = DIRECTION('',(5.665538897648E-16,1.,0.));
#3362 = ORIENTED_EDGE('',*,*,#3363,.T.);
#3363 = EDGE_CURVE('',#3356,#3364,#3366,.T.);
#3364 = VERTEX_POINT('',#3365);
#3365 = CARTESIAN_POINT('',(-1.125,-2.225,2.5E-02));
#3366 = CIRCLE('',#3367,0.125);
#3367 = AXIS2_PLACEMENT_3D('',#3368,#3369,#3370);
#3368 = CARTESIAN_POINT('',(-1.25,-2.225,2.5E-02));
#3369 = DIRECTION('',(0.,-0.,-1.));
#3370 = DIRECTION('',(1.,-5.665538897648E-16,0.));
#3371 = ORIENTED_EDGE('',*,*,#3372,.T.);
#3372 = EDGE_CURVE('',#3364,#3373,#3375,.T.);
#3373 = VERTEX_POINT('',#3374);
#3374 = CARTESIAN_POINT('',(-1.125,-2.4875,2.5E-02));
#3375 = LINE('',#3376,#3377);
#3376 = CARTESIAN_POINT('',(-1.125,-6.25E-03,2.5E-02));
#3377 = VECTOR('',#3378,1.);
#3378 = DIRECTION('',(-5.665538897648E-16,-1.,0.));
#3379 = ORIENTED_EDGE('',*,*,#3380,.T.);
#3380 = EDGE_CURVE('',#3373,#3381,#3383,.T.);
#3381 = VERTEX_POINT('',#3382);
#3382 = CARTESIAN_POINT('',(-0.875,-2.4875,2.5E-02));
#3383 = LINE('',#3384,#3385);
#3384 = CARTESIAN_POINT('',(-2.4875,-2.4875,2.5E-02));
#3385 = VECTOR('',#3386,1.);
#3386 = DIRECTION('',(1.,-2.22044604925E-16,0.));
#3387 = ORIENTED_EDGE('',*,*,#3388,.T.);
#3388 = EDGE_CURVE('',#3381,#3389,#3391,.T.);
#3389 = VERTEX_POINT('',#3390);
#3390 = CARTESIAN_POINT('',(-0.875,-2.225,2.5E-02));
#3391 = LINE('',#3392,#3393);
#3392 = CARTESIAN_POINT('',(-0.875,0.13125,2.5E-02));
#3393 = VECTOR('',#3394,1.);
#3394 = DIRECTION('',(5.665538897648E-16,1.,0.));
#3395 = ORIENTED_EDGE('',*,*,#3396,.T.);
#3396 = EDGE_CURVE('',#3389,#3397,#3399,.T.);
#3397 = VERTEX_POINT('',#3398);
#3398 = CARTESIAN_POINT('',(-0.625,-2.225,2.5E-02));
#3399 = CIRCLE('',#3400,0.125);
#3400 = AXIS2_PLACEMENT_3D('',#3401,#3402,#3403);
#3401 = CARTESIAN_POINT('',(-0.75,-2.225,2.5E-02));
#3402 = DIRECTION('',(0.,-0.,-1.));
#3403 = DIRECTION('',(1.,-5.665538897648E-16,0.));
#3404 = ORIENTED_EDGE('',*,*,#3405,.T.);
#3405 = EDGE_CURVE('',#3397,#3406,#3408,.T.);
#3406 = VERTEX_POINT('',#3407);
#3407 = CARTESIAN_POINT('',(-0.625,-2.4875,2.5E-02));
#3408 = LINE('',#3409,#3410);
#3409 = CARTESIAN_POINT('',(-0.625,-6.25E-03,2.5E-02));
#3410 = VECTOR('',#3411,1.);
#3411 = DIRECTION('',(-5.665538897648E-16,-1.,0.));
#3412 = ORIENTED_EDGE('',*,*,#3413,.T.);
#3413 = EDGE_CURVE('',#3406,#3414,#3416,.T.);
#3414 = VERTEX_POINT('',#3415);
#3415 = CARTESIAN_POINT('',(-0.375,-2.4875,2.5E-02));
#3416 = LINE('',#3417,#3418);
#3417 = CARTESIAN_POINT('',(-2.4875,-2.4875,2.5E-02));
#3418 = VECTOR('',#3419,1.);
#3419 = DIRECTION('',(1.,-2.22044604925E-16,0.));
#3420 = ORIENTED_EDGE('',*,*,#3421,.T.);
#3421 = EDGE_CURVE('',#3414,#3422,#3424,.T.);
#3422 = VERTEX_POINT('',#3423);
#3423 = CARTESIAN_POINT('',(-0.375,-2.225,2.5E-02));
#3424 = LINE('',#3425,#3426);
#3425 = CARTESIAN_POINT('',(-0.375,0.13125,2.5E-02));
#3426 = VECTOR('',#3427,1.);
#3427 = DIRECTION('',(5.665538897648E-16,1.,0.));
#3428 = ORIENTED_EDGE('',*,*,#3429,.T.);
#3429 = EDGE_CURVE('',#3422,#3430,#3432,.T.);
#3430 = VERTEX_POINT('',#3431);
#3431 = CARTESIAN_POINT('',(-0.125,-2.225,2.5E-02));
#3432 = CIRCLE('',#3433,0.125);
#3433 = AXIS2_PLACEMENT_3D('',#3434,#3435,#3436);
#3434 = CARTESIAN_POINT('',(-0.25,-2.225,2.5E-02));
#3435 = DIRECTION('',(0.,-0.,-1.));
#3436 = DIRECTION('',(1.,-5.665538897648E-16,0.));
#3437 = ORIENTED_EDGE('',*,*,#3438,.T.);
#3438 = EDGE_CURVE('',#3430,#3439,#3441,.T.);
#3439 = VERTEX_POINT('',#3440);
#3440 = CARTESIAN_POINT('',(-0.125,-2.4875,2.5E-02));
#3441 = LINE('',#3442,#3443);
#3442 = CARTESIAN_POINT('',(-0.125,-6.250000000001E-03,2.5E-02));
#3443 = VECTOR('',#3444,1.);
#3444 = DIRECTION('',(-5.665538897648E-16,-1.,0.));
#3445 = ORIENTED_EDGE('',*,*,#3446,.T.);
#3446 = EDGE_CURVE('',#3439,#3447,#3449,.T.);
#3447 = VERTEX_POINT('',#3448);
#3448 = CARTESIAN_POINT('',(0.125,-2.4875,2.5E-02));
#3449 = LINE('',#3450,#3451);
#3450 = CARTESIAN_POINT('',(-2.4875,-2.4875,2.5E-02));
#3451 = VECTOR('',#3452,1.);
#3452 = DIRECTION('',(1.,-2.22044604925E-16,0.));
#3453 = ORIENTED_EDGE('',*,*,#3454,.T.);
#3454 = EDGE_CURVE('',#3447,#3455,#3457,.T.);
#3455 = VERTEX_POINT('',#3456);
#3456 = CARTESIAN_POINT('',(0.125,-2.225,2.5E-02));
#3457 = LINE('',#3458,#3459);
#3458 = CARTESIAN_POINT('',(0.125,0.13125,2.5E-02));
#3459 = VECTOR('',#3460,1.);
#3460 = DIRECTION('',(5.665538897648E-16,1.,0.));
#3461 = ORIENTED_EDGE('',*,*,#3462,.T.);
#3462 = EDGE_CURVE('',#3455,#3463,#3465,.T.);
#3463 = VERTEX_POINT('',#3464);
#3464 = CARTESIAN_POINT('',(0.375,-2.225,2.5E-02));
#3465 = CIRCLE('',#3466,0.125);
#3466 = AXIS2_PLACEMENT_3D('',#3467,#3468,#3469);
#3467 = CARTESIAN_POINT('',(0.25,-2.225,2.5E-02));
#3468 = DIRECTION('',(0.,-0.,-1.));
#3469 = DIRECTION('',(1.,-5.665538897648E-16,0.));
#3470 = ORIENTED_EDGE('',*,*,#3471,.T.);
#3471 = EDGE_CURVE('',#3463,#3472,#3474,.T.);
#3472 = VERTEX_POINT('',#3473);
#3473 = CARTESIAN_POINT('',(0.375,-2.4875,2.5E-02));
#3474 = LINE('',#3475,#3476);
#3475 = CARTESIAN_POINT('',(0.375,-6.250000000001E-03,2.5E-02));
#3476 = VECTOR('',#3477,1.);
#3477 = DIRECTION('',(-5.665538897648E-16,-1.,0.));
#3478 = ORIENTED_EDGE('',*,*,#3479,.T.);
#3479 = EDGE_CURVE('',#3472,#3480,#3482,.T.);
#3480 = VERTEX_POINT('',#3481);
#3481 = CARTESIAN_POINT('',(0.625,-2.4875,2.5E-02));
#3482 = LINE('',#3483,#3484);
#3483 = CARTESIAN_POINT('',(-2.4875,-2.4875,2.5E-02));
#3484 = VECTOR('',#3485,1.);
#3485 = DIRECTION('',(1.,-2.22044604925E-16,0.));
#3486 = ORIENTED_EDGE('',*,*,#3487,.T.);
#3487 = EDGE_CURVE('',#3480,#3488,#3490,.T.);
#3488 = VERTEX_POINT('',#3489);
#3489 = CARTESIAN_POINT('',(0.625,-2.225,2.5E-02));
#3490 = LINE('',#3491,#3492);
#3491 = CARTESIAN_POINT('',(0.625,0.13125,2.5E-02));
#3492 = VECTOR('',#3493,1.);
#3493 = DIRECTION('',(5.665538897648E-16,1.,0.));
#3494 = ORIENTED_EDGE('',*,*,#3495,.T.);
#3495 = EDGE_CURVE('',#3488,#3496,#3498,.T.);
#3496 = VERTEX_POINT('',#3497);
#3497 = CARTESIAN_POINT('',(0.875,-2.225,2.5E-02));
#3498 = CIRCLE('',#3499,0.125);
#3499 = AXIS2_PLACEMENT_3D('',#3500,#3501,#3502);
#3500 = CARTESIAN_POINT('',(0.75,-2.225,2.5E-02));
#3501 = DIRECTION('',(0.,-0.,-1.));
#3502 = DIRECTION('',(1.,-5.665538897648E-16,0.));
#3503 = ORIENTED_EDGE('',*,*,#3504,.T.);
#3504 = EDGE_CURVE('',#3496,#3505,#3507,.T.);
#3505 = VERTEX_POINT('',#3506);
#3506 = CARTESIAN_POINT('',(0.875,-2.4875,2.5E-02));
#3507 = LINE('',#3508,#3509);
#3508 = CARTESIAN_POINT('',(0.875,-6.250000000001E-03,2.5E-02));
#3509 = VECTOR('',#3510,1.);
#3510 = DIRECTION('',(-5.665538897648E-16,-1.,0.));
#3511 = ORIENTED_EDGE('',*,*,#3512,.T.);
#3512 = EDGE_CURVE('',#3505,#3513,#3515,.T.);
#3513 = VERTEX_POINT('',#3514);
#3514 = CARTESIAN_POINT('',(1.125,-2.4875,2.5E-02));
#3515 = LINE('',#3516,#3517);
#3516 = CARTESIAN_POINT('',(-2.4875,-2.4875,2.5E-02));
#3517 = VECTOR('',#3518,1.);
#3518 = DIRECTION('',(1.,-2.22044604925E-16,0.));
#3519 = ORIENTED_EDGE('',*,*,#3520,.T.);
#3520 = EDGE_CURVE('',#3513,#3521,#3523,.T.);
#3521 = VERTEX_POINT('',#3522);
#3522 = CARTESIAN_POINT('',(1.125,-2.225,2.5E-02));
#3523 = LINE('',#3524,#3525);
#3524 = CARTESIAN_POINT('',(1.125,0.13125,2.5E-02));
#3525 = VECTOR('',#3526,1.);
#3526 = DIRECTION('',(5.665538897648E-16,1.,0.));
#3527 = ORIENTED_EDGE('',*,*,#3528,.T.);
#3528 = EDGE_CURVE('',#3521,#3529,#3531,.T.);
#3529 = VERTEX_POINT('',#3530);
#3530 = CARTESIAN_POINT('',(1.375,-2.225,2.5E-02));
#3531 = CIRCLE('',#3532,0.125);
#3532 = AXIS2_PLACEMENT_3D('',#3533,#3534,#3535);
#3533 = CARTESIAN_POINT('',(1.25,-2.225,2.5E-02));
#3534 = DIRECTION('',(0.,-0.,-1.));
#3535 = DIRECTION('',(1.,-5.665538897648E-16,0.));
#3536 = ORIENTED_EDGE('',*,*,#3537,.T.);
#3537 = EDGE_CURVE('',#3529,#3538,#3540,.T.);
#3538 = VERTEX_POINT('',#3539);
#3539 = CARTESIAN_POINT('',(1.375,-2.4875,2.5E-02));
#3540 = LINE('',#3541,#3542);
#3541 = CARTESIAN_POINT('',(1.375,-6.250000000001E-03,2.5E-02));
#3542 = VECTOR('',#3543,1.);
#3543 = DIRECTION('',(-5.665538897648E-16,-1.,0.));
#3544 = ORIENTED_EDGE('',*,*,#3545,.T.);
#3545 = EDGE_CURVE('',#3538,#3546,#3548,.T.);
#3546 = VERTEX_POINT('',#3547);
#3547 = CARTESIAN_POINT('',(1.625,-2.4875,2.5E-02));
#3548 = LINE('',#3549,#3550);
#3549 = CARTESIAN_POINT('',(-2.4875,-2.4875,2.5E-02));
#3550 = VECTOR('',#3551,1.);
#3551 = DIRECTION('',(1.,-2.22044604925E-16,0.));
#3552 = ORIENTED_EDGE('',*,*,#3553,.T.);
#3553 = EDGE_CURVE('',#3546,#3554,#3556,.T.);
#3554 = VERTEX_POINT('',#3555);
#3555 = CARTESIAN_POINT('',(1.625,-2.225,2.5E-02));
#3556 = LINE('',#3557,#3558);
#3557 = CARTESIAN_POINT('',(1.625,0.13125,2.5E-02));
#3558 = VECTOR('',#3559,1.);
#3559 = DIRECTION('',(5.665538897648E-16,1.,0.));
#3560 = ORIENTED_EDGE('',*,*,#3561,.T.);
#3561 = EDGE_CURVE('',#3554,#3562,#3564,.T.);
#3562 = VERTEX_POINT('',#3563);
#3563 = CARTESIAN_POINT('',(1.875,-2.225,2.5E-02));
#3564 = CIRCLE('',#3565,0.125);
#3565 = AXIS2_PLACEMENT_3D('',#3566,#3567,#3568);
#3566 = CARTESIAN_POINT('',(1.75,-2.225,2.5E-02));
#3567 = DIRECTION('',(0.,-0.,-1.));
#3568 = DIRECTION('',(1.,-5.665538897648E-16,0.));
#3569 = ORIENTED_EDGE('',*,*,#3570,.T.);
#3570 = EDGE_CURVE('',#3562,#3571,#3573,.T.);
#3571 = VERTEX_POINT('',#3572);
#3572 = CARTESIAN_POINT('',(1.875,-2.4875,2.5E-02));
#3573 = LINE('',#3574,#3575);
#3574 = CARTESIAN_POINT('',(1.875,-6.250000000001E-03,2.5E-02));
#3575 = VECTOR('',#3576,1.);
#3576 = DIRECTION('',(-5.665538897648E-16,-1.,0.));
#3577 = ORIENTED_EDGE('',*,*,#3578,.T.);
#3578 = EDGE_CURVE('',#3571,#3579,#3581,.T.);
#3579 = VERTEX_POINT('',#3580);
#3580 = CARTESIAN_POINT('',(2.4875,-2.4875,2.5E-02));
#3581 = LINE('',#3582,#3583);
#3582 = CARTESIAN_POINT('',(-2.4875,-2.4875,2.5E-02));
#3583 = VECTOR('',#3584,1.);
#3584 = DIRECTION('',(1.,-2.22044604925E-16,0.));
#3585 = ORIENTED_EDGE('',*,*,#3586,.F.);
#3586 = EDGE_CURVE('',#3587,#3579,#3589,.T.);
#3587 = VERTEX_POINT('',#3588);
#3588 = CARTESIAN_POINT('',(2.4875,-1.875,2.5E-02));
#3589 = LINE('',#3590,#3591);
#3590 = CARTESIAN_POINT('',(2.4875,2.4875,2.5E-02));
#3591 = VECTOR('',#3592,1.);
#3592 = DIRECTION('',(-2.22044604925E-16,-1.,0.));
#3593 = ORIENTED_EDGE('',*,*,#3594,.T.);
#3594 = EDGE_CURVE('',#3587,#3595,#3597,.T.);
#3595 = VERTEX_POINT('',#3596);
#3596 = CARTESIAN_POINT('',(2.225,-1.875,2.5E-02));
#3597 = LINE('',#3598,#3599);
#3598 = CARTESIAN_POINT('',(-0.13125,-1.875,2.5E-02));
#3599 = VECTOR('',#3600,1.);
#3600 = DIRECTION('',(-1.,3.445092848398E-16,0.));
#3601 = ORIENTED_EDGE('',*,*,#3602,.T.);
#3602 = EDGE_CURVE('',#3595,#3603,#3605,.T.);
#3603 = VERTEX_POINT('',#3604);
#3604 = CARTESIAN_POINT('',(2.225,-1.625,2.5E-02));
#3605 = CIRCLE('',#3606,0.125);
#3606 = AXIS2_PLACEMENT_3D('',#3607,#3608,#3609);
#3607 = CARTESIAN_POINT('',(2.225,-1.75,2.5E-02));
#3608 = DIRECTION('',(0.,0.,-1.));
#3609 = DIRECTION('',(3.445092848398E-16,1.,0.));
#3610 = ORIENTED_EDGE('',*,*,#3611,.T.);
#3611 = EDGE_CURVE('',#3603,#3612,#3614,.T.);
#3612 = VERTEX_POINT('',#3613);
#3613 = CARTESIAN_POINT('',(2.4875,-1.625,2.5E-02));
#3614 = LINE('',#3615,#3616);
#3615 = CARTESIAN_POINT('',(6.25E-03,-1.625,2.5E-02));
#3616 = VECTOR('',#3617,1.);
#3617 = DIRECTION('',(1.,-3.445092848398E-16,0.));
#3618 = ORIENTED_EDGE('',*,*,#3619,.F.);
#3619 = EDGE_CURVE('',#3620,#3612,#3622,.T.);
#3620 = VERTEX_POINT('',#3621);
#3621 = CARTESIAN_POINT('',(2.4875,-1.375,2.5E-02));
#3622 = LINE('',#3623,#3624);
#3623 = CARTESIAN_POINT('',(2.4875,2.4875,2.5E-02));
#3624 = VECTOR('',#3625,1.);
#3625 = DIRECTION('',(-2.22044604925E-16,-1.,0.));
#3626 = ORIENTED_EDGE('',*,*,#3627,.T.);
#3627 = EDGE_CURVE('',#3620,#3628,#3630,.T.);
#3628 = VERTEX_POINT('',#3629);
#3629 = CARTESIAN_POINT('',(2.225,-1.375,2.5E-02));
#3630 = LINE('',#3631,#3632);
#3631 = CARTESIAN_POINT('',(-0.13125,-1.375,2.5E-02));
#3632 = VECTOR('',#3633,1.);
#3633 = DIRECTION('',(-1.,3.445092848398E-16,0.));
#3634 = ORIENTED_EDGE('',*,*,#3635,.T.);
#3635 = EDGE_CURVE('',#3628,#3636,#3638,.T.);
#3636 = VERTEX_POINT('',#3637);
#3637 = CARTESIAN_POINT('',(2.225,-1.125,2.5E-02));
#3638 = CIRCLE('',#3639,0.125);
#3639 = AXIS2_PLACEMENT_3D('',#3640,#3641,#3642);
#3640 = CARTESIAN_POINT('',(2.225,-1.25,2.5E-02));
#3641 = DIRECTION('',(0.,0.,-1.));
#3642 = DIRECTION('',(3.445092848398E-16,1.,0.));
#3643 = ORIENTED_EDGE('',*,*,#3644,.T.);
#3644 = EDGE_CURVE('',#3636,#3645,#3647,.T.);
#3645 = VERTEX_POINT('',#3646);
#3646 = CARTESIAN_POINT('',(2.4875,-1.125,2.5E-02));
#3647 = LINE('',#3648,#3649);
#3648 = CARTESIAN_POINT('',(6.25E-03,-1.125,2.5E-02));
#3649 = VECTOR('',#3650,1.);
#3650 = DIRECTION('',(1.,-3.445092848398E-16,0.));
#3651 = ORIENTED_EDGE('',*,*,#3652,.F.);
#3652 = EDGE_CURVE('',#3653,#3645,#3655,.T.);
#3653 = VERTEX_POINT('',#3654);
#3654 = CARTESIAN_POINT('',(2.4875,-0.875,2.5E-02));
#3655 = LINE('',#3656,#3657);
#3656 = CARTESIAN_POINT('',(2.4875,2.4875,2.5E-02));
#3657 = VECTOR('',#3658,1.);
#3658 = DIRECTION('',(-2.22044604925E-16,-1.,0.));
#3659 = ORIENTED_EDGE('',*,*,#3660,.T.);
#3660 = EDGE_CURVE('',#3653,#3661,#3663,.T.);
#3661 = VERTEX_POINT('',#3662);
#3662 = CARTESIAN_POINT('',(2.225,-0.875,2.5E-02));
#3663 = LINE('',#3664,#3665);
#3664 = CARTESIAN_POINT('',(-0.13125,-0.875,2.5E-02));
#3665 = VECTOR('',#3666,1.);
#3666 = DIRECTION('',(-1.,3.445092848398E-16,0.));
#3667 = ORIENTED_EDGE('',*,*,#3668,.T.);
#3668 = EDGE_CURVE('',#3661,#3669,#3671,.T.);
#3669 = VERTEX_POINT('',#3670);
#3670 = CARTESIAN_POINT('',(2.225,-0.625,2.5E-02));
#3671 = CIRCLE('',#3672,0.125);
#3672 = AXIS2_PLACEMENT_3D('',#3673,#3674,#3675);
#3673 = CARTESIAN_POINT('',(2.225,-0.75,2.5E-02));
#3674 = DIRECTION('',(0.,0.,-1.));
#3675 = DIRECTION('',(3.445092848398E-16,1.,0.));
#3676 = ORIENTED_EDGE('',*,*,#3677,.T.);
#3677 = EDGE_CURVE('',#3669,#3678,#3680,.T.);
#3678 = VERTEX_POINT('',#3679);
#3679 = CARTESIAN_POINT('',(2.4875,-0.625,2.5E-02));
#3680 = LINE('',#3681,#3682);
#3681 = CARTESIAN_POINT('',(6.25E-03,-0.625,2.5E-02));
#3682 = VECTOR('',#3683,1.);
#3683 = DIRECTION('',(1.,-3.445092848398E-16,0.));
#3684 = ORIENTED_EDGE('',*,*,#3685,.F.);
#3685 = EDGE_CURVE('',#3686,#3678,#3688,.T.);
#3686 = VERTEX_POINT('',#3687);
#3687 = CARTESIAN_POINT('',(2.4875,-0.375,2.5E-02));
#3688 = LINE('',#3689,#3690);
#3689 = CARTESIAN_POINT('',(2.4875,2.4875,2.5E-02));
#3690 = VECTOR('',#3691,1.);
#3691 = DIRECTION('',(-2.22044604925E-16,-1.,0.));
#3692 = ORIENTED_EDGE('',*,*,#3693,.T.);
#3693 = EDGE_CURVE('',#3686,#3694,#3696,.T.);
#3694 = VERTEX_POINT('',#3695);
#3695 = CARTESIAN_POINT('',(2.225,-0.375,2.5E-02));
#3696 = LINE('',#3697,#3698);
#3697 = CARTESIAN_POINT('',(-0.13125,-0.375,2.5E-02));
#3698 = VECTOR('',#3699,1.);
#3699 = DIRECTION('',(-1.,3.445092848398E-16,0.));
#3700 = ORIENTED_EDGE('',*,*,#3701,.T.);
#3701 = EDGE_CURVE('',#3694,#3702,#3704,.T.);
#3702 = VERTEX_POINT('',#3703);
#3703 = CARTESIAN_POINT('',(2.225,-0.125,2.5E-02));
#3704 = CIRCLE('',#3705,0.125);
#3705 = AXIS2_PLACEMENT_3D('',#3706,#3707,#3708);
#3706 = CARTESIAN_POINT('',(2.225,-0.25,2.5E-02));
#3707 = DIRECTION('',(0.,0.,-1.));
#3708 = DIRECTION('',(3.445092848398E-16,1.,0.));
#3709 = ORIENTED_EDGE('',*,*,#3710,.T.);
#3710 = EDGE_CURVE('',#3702,#3711,#3713,.T.);
#3711 = VERTEX_POINT('',#3712);
#3712 = CARTESIAN_POINT('',(2.4875,-0.125,2.5E-02));
#3713 = LINE('',#3714,#3715);
#3714 = CARTESIAN_POINT('',(6.25E-03,-0.125,2.5E-02));
#3715 = VECTOR('',#3716,1.);
#3716 = DIRECTION('',(1.,-3.445092848398E-16,0.));
#3717 = ORIENTED_EDGE('',*,*,#3718,.F.);
#3718 = EDGE_CURVE('',#3719,#3711,#3721,.T.);
#3719 = VERTEX_POINT('',#3720);
#3720 = CARTESIAN_POINT('',(2.4875,0.125,2.5E-02));
#3721 = LINE('',#3722,#3723);
#3722 = CARTESIAN_POINT('',(2.4875,2.4875,2.5E-02));
#3723 = VECTOR('',#3724,1.);
#3724 = DIRECTION('',(-2.22044604925E-16,-1.,0.));
#3725 = ORIENTED_EDGE('',*,*,#3726,.T.);
#3726 = EDGE_CURVE('',#3719,#3727,#3729,.T.);
#3727 = VERTEX_POINT('',#3728);
#3728 = CARTESIAN_POINT('',(2.225,0.125,2.5E-02));
#3729 = LINE('',#3730,#3731);
#3730 = CARTESIAN_POINT('',(-0.13125,0.125,2.5E-02));
#3731 = VECTOR('',#3732,1.);
#3732 = DIRECTION('',(-1.,3.445092848398E-16,0.));
#3733 = ORIENTED_EDGE('',*,*,#3734,.T.);
#3734 = EDGE_CURVE('',#3727,#3735,#3737,.T.);
#3735 = VERTEX_POINT('',#3736);
#3736 = CARTESIAN_POINT('',(2.225,0.375,2.5E-02));
#3737 = CIRCLE('',#3738,0.125);
#3738 = AXIS2_PLACEMENT_3D('',#3739,#3740,#3741);
#3739 = CARTESIAN_POINT('',(2.225,0.25,2.5E-02));
#3740 = DIRECTION('',(0.,0.,-1.));
#3741 = DIRECTION('',(3.445092848398E-16,1.,0.));
#3742 = ORIENTED_EDGE('',*,*,#3743,.T.);
#3743 = EDGE_CURVE('',#3735,#3744,#3746,.T.);
#3744 = VERTEX_POINT('',#3745);
#3745 = CARTESIAN_POINT('',(2.4875,0.375,2.5E-02));
#3746 = LINE('',#3747,#3748);
#3747 = CARTESIAN_POINT('',(6.25E-03,0.375,2.5E-02));
#3748 = VECTOR('',#3749,1.);
#3749 = DIRECTION('',(1.,-3.445092848398E-16,0.));
#3750 = ORIENTED_EDGE('',*,*,#3751,.F.);
#3751 = EDGE_CURVE('',#3752,#3744,#3754,.T.);
#3752 = VERTEX_POINT('',#3753);
#3753 = CARTESIAN_POINT('',(2.4875,0.625,2.5E-02));
#3754 = LINE('',#3755,#3756);
#3755 = CARTESIAN_POINT('',(2.4875,2.4875,2.5E-02));
#3756 = VECTOR('',#3757,1.);
#3757 = DIRECTION('',(-2.22044604925E-16,-1.,0.));
#3758 = ORIENTED_EDGE('',*,*,#3759,.T.);
#3759 = EDGE_CURVE('',#3752,#3760,#3762,.T.);
#3760 = VERTEX_POINT('',#3761);
#3761 = CARTESIAN_POINT('',(2.225,0.625,2.5E-02));
#3762 = LINE('',#3763,#3764);
#3763 = CARTESIAN_POINT('',(-0.13125,0.625,2.5E-02));
#3764 = VECTOR('',#3765,1.);
#3765 = DIRECTION('',(-1.,3.445092848398E-16,0.));
#3766 = ORIENTED_EDGE('',*,*,#3767,.T.);
#3767 = EDGE_CURVE('',#3760,#3768,#3770,.T.);
#3768 = VERTEX_POINT('',#3769);
#3769 = CARTESIAN_POINT('',(2.225,0.875,2.5E-02));
#3770 = CIRCLE('',#3771,0.125);
#3771 = AXIS2_PLACEMENT_3D('',#3772,#3773,#3774);
#3772 = CARTESIAN_POINT('',(2.225,0.75,2.5E-02));
#3773 = DIRECTION('',(0.,0.,-1.));
#3774 = DIRECTION('',(3.445092848398E-16,1.,0.));
#3775 = ORIENTED_EDGE('',*,*,#3776,.T.);
#3776 = EDGE_CURVE('',#3768,#3777,#3779,.T.);
#3777 = VERTEX_POINT('',#3778);
#3778 = CARTESIAN_POINT('',(2.4875,0.875,2.5E-02));
#3779 = LINE('',#3780,#3781);
#3780 = CARTESIAN_POINT('',(6.25E-03,0.875,2.5E-02));
#3781 = VECTOR('',#3782,1.);
#3782 = DIRECTION('',(1.,-3.445092848398E-16,0.));
#3783 = ORIENTED_EDGE('',*,*,#3784,.F.);
#3784 = EDGE_CURVE('',#3785,#3777,#3787,.T.);
#3785 = VERTEX_POINT('',#3786);
#3786 = CARTESIAN_POINT('',(2.4875,1.125,2.5E-02));
#3787 = LINE('',#3788,#3789);
#3788 = CARTESIAN_POINT('',(2.4875,2.4875,2.5E-02));
#3789 = VECTOR('',#3790,1.);
#3790 = DIRECTION('',(-2.22044604925E-16,-1.,0.));
#3791 = ORIENTED_EDGE('',*,*,#3792,.T.);
#3792 = EDGE_CURVE('',#3785,#3793,#3795,.T.);
#3793 = VERTEX_POINT('',#3794);
#3794 = CARTESIAN_POINT('',(2.225,1.125,2.5E-02));
#3795 = LINE('',#3796,#3797);
#3796 = CARTESIAN_POINT('',(-0.13125,1.125,2.5E-02));
#3797 = VECTOR('',#3798,1.);
#3798 = DIRECTION('',(-1.,3.445092848398E-16,0.));
#3799 = ORIENTED_EDGE('',*,*,#3800,.T.);
#3800 = EDGE_CURVE('',#3793,#3801,#3803,.T.);
#3801 = VERTEX_POINT('',#3802);
#3802 = CARTESIAN_POINT('',(2.225,1.375,2.5E-02));
#3803 = CIRCLE('',#3804,0.125);
#3804 = AXIS2_PLACEMENT_3D('',#3805,#3806,#3807);
#3805 = CARTESIAN_POINT('',(2.225,1.25,2.5E-02));
#3806 = DIRECTION('',(0.,0.,-1.));
#3807 = DIRECTION('',(3.445092848398E-16,1.,0.));
#3808 = ORIENTED_EDGE('',*,*,#3809,.T.);
#3809 = EDGE_CURVE('',#3801,#3810,#3812,.T.);
#3810 = VERTEX_POINT('',#3811);
#3811 = CARTESIAN_POINT('',(2.4875,1.375,2.5E-02));
#3812 = LINE('',#3813,#3814);
#3813 = CARTESIAN_POINT('',(6.25E-03,1.375,2.5E-02));
#3814 = VECTOR('',#3815,1.);
#3815 = DIRECTION('',(1.,-3.445092848398E-16,0.));
#3816 = ORIENTED_EDGE('',*,*,#3817,.F.);
#3817 = EDGE_CURVE('',#3818,#3810,#3820,.T.);
#3818 = VERTEX_POINT('',#3819);
#3819 = CARTESIAN_POINT('',(2.4875,1.625,2.5E-02));
#3820 = LINE('',#3821,#3822);
#3821 = CARTESIAN_POINT('',(2.4875,2.4875,2.5E-02));
#3822 = VECTOR('',#3823,1.);
#3823 = DIRECTION('',(-2.22044604925E-16,-1.,0.));
#3824 = ORIENTED_EDGE('',*,*,#3825,.T.);
#3825 = EDGE_CURVE('',#3818,#3826,#3828,.T.);
#3826 = VERTEX_POINT('',#3827);
#3827 = CARTESIAN_POINT('',(2.225,1.625,2.5E-02));
#3828 = LINE('',#3829,#3830);
#3829 = CARTESIAN_POINT('',(-0.13125,1.625,2.5E-02));
#3830 = VECTOR('',#3831,1.);
#3831 = DIRECTION('',(-1.,3.445092848398E-16,0.));
#3832 = ORIENTED_EDGE('',*,*,#3833,.T.);
#3833 = EDGE_CURVE('',#3826,#3834,#3836,.T.);
#3834 = VERTEX_POINT('',#3835);
#3835 = CARTESIAN_POINT('',(2.225,1.875,2.5E-02));
#3836 = CIRCLE('',#3837,0.125);
#3837 = AXIS2_PLACEMENT_3D('',#3838,#3839,#3840);
#3838 = CARTESIAN_POINT('',(2.225,1.75,2.5E-02));
#3839 = DIRECTION('',(0.,0.,-1.));
#3840 = DIRECTION('',(3.445092848398E-16,1.,0.));
#3841 = ORIENTED_EDGE('',*,*,#3842,.T.);
#3842 = EDGE_CURVE('',#3834,#3843,#3845,.T.);
#3843 = VERTEX_POINT('',#3844);
#3844 = CARTESIAN_POINT('',(2.4875,1.875,2.5E-02));
#3845 = LINE('',#3846,#3847);
#3846 = CARTESIAN_POINT('',(6.250000000001E-03,1.875,2.5E-02));
#3847 = VECTOR('',#3848,1.);
#3848 = DIRECTION('',(1.,-3.445092848398E-16,0.));
#3849 = ORIENTED_EDGE('',*,*,#3850,.F.);
#3850 = EDGE_CURVE('',#3851,#3843,#3853,.T.);
#3851 = VERTEX_POINT('',#3852);
#3852 = CARTESIAN_POINT('',(2.4875,2.4875,2.5E-02));
#3853 = LINE('',#3854,#3855);
#3854 = CARTESIAN_POINT('',(2.4875,2.4875,2.5E-02));
#3855 = VECTOR('',#3856,1.);
#3856 = DIRECTION('',(-2.22044604925E-16,-1.,0.));
#3857 = ORIENTED_EDGE('',*,*,#3858,.F.);
#3858 = EDGE_CURVE('',#3859,#3851,#3861,.T.);
#3859 = VERTEX_POINT('',#3860);
#3860 = CARTESIAN_POINT('',(1.875,2.4875,2.5E-02));
#3861 = LINE('',#3862,#3863);
#3862 = CARTESIAN_POINT('',(-2.4875,2.4875,2.5E-02));
#3863 = VECTOR('',#3864,1.);
#3864 = DIRECTION('',(1.,-2.22044604925E-16,0.));
#3865 = ORIENTED_EDGE('',*,*,#3866,.T.);
#3866 = EDGE_CURVE('',#3859,#3867,#3869,.T.);
#3867 = VERTEX_POINT('',#3868);
#3868 = CARTESIAN_POINT('',(1.875,2.225,2.5E-02));
#3869 = LINE('',#3870,#3871);
#3870 = CARTESIAN_POINT('',(1.875,2.35625,2.5E-02));
#3871 = VECTOR('',#3872,1.);
#3872 = DIRECTION('',(-4.555315873023E-16,-1.,0.));
#3873 = ORIENTED_EDGE('',*,*,#3874,.T.);
#3874 = EDGE_CURVE('',#3867,#3875,#3877,.T.);
#3875 = VERTEX_POINT('',#3876);
#3876 = CARTESIAN_POINT('',(1.625,2.225,2.5E-02));
#3877 = CIRCLE('',#3878,0.125);
#3878 = AXIS2_PLACEMENT_3D('',#3879,#3880,#3881);
#3879 = CARTESIAN_POINT('',(1.75,2.225,2.5E-02));
#3880 = DIRECTION('',(0.,0.,-1.));
#3881 = DIRECTION('',(-1.,4.555315873023E-16,0.));
#3882 = ORIENTED_EDGE('',*,*,#3883,.T.);
#3883 = EDGE_CURVE('',#3875,#3884,#3886,.T.);
#3884 = VERTEX_POINT('',#3885);
#3885 = CARTESIAN_POINT('',(1.625,2.4875,2.5E-02));
#3886 = LINE('',#3887,#3888);
#3887 = CARTESIAN_POINT('',(1.625,2.49375,2.5E-02));
#3888 = VECTOR('',#3889,1.);
#3889 = DIRECTION('',(4.555315873023E-16,1.,0.));
#3890 = ORIENTED_EDGE('',*,*,#3891,.F.);
#3891 = EDGE_CURVE('',#3892,#3884,#3894,.T.);
#3892 = VERTEX_POINT('',#3893);
#3893 = CARTESIAN_POINT('',(1.375,2.4875,2.5E-02));
#3894 = LINE('',#3895,#3896);
#3895 = CARTESIAN_POINT('',(-2.4875,2.4875,2.5E-02));
#3896 = VECTOR('',#3897,1.);
#3897 = DIRECTION('',(1.,-2.22044604925E-16,0.));
#3898 = ORIENTED_EDGE('',*,*,#3899,.T.);
#3899 = EDGE_CURVE('',#3892,#3900,#3902,.T.);
#3900 = VERTEX_POINT('',#3901);
#3901 = CARTESIAN_POINT('',(1.375,2.225,2.5E-02));
#3902 = LINE('',#3903,#3904);
#3903 = CARTESIAN_POINT('',(1.375,2.35625,2.5E-02));
#3904 = VECTOR('',#3905,1.);
#3905 = DIRECTION('',(-4.555315873023E-16,-1.,0.));
#3906 = ORIENTED_EDGE('',*,*,#3907,.T.);
#3907 = EDGE_CURVE('',#3900,#3908,#3910,.T.);
#3908 = VERTEX_POINT('',#3909);
#3909 = CARTESIAN_POINT('',(1.125,2.225,2.5E-02));
#3910 = CIRCLE('',#3911,0.125);
#3911 = AXIS2_PLACEMENT_3D('',#3912,#3913,#3914);
#3912 = CARTESIAN_POINT('',(1.25,2.225,2.5E-02));
#3913 = DIRECTION('',(0.,0.,-1.));
#3914 = DIRECTION('',(-1.,4.555315873023E-16,0.));
#3915 = ORIENTED_EDGE('',*,*,#3916,.T.);
#3916 = EDGE_CURVE('',#3908,#3917,#3919,.T.);
#3917 = VERTEX_POINT('',#3918);
#3918 = CARTESIAN_POINT('',(1.125,2.4875,2.5E-02));
#3919 = LINE('',#3920,#3921);
#3920 = CARTESIAN_POINT('',(1.125,2.49375,2.5E-02));
#3921 = VECTOR('',#3922,1.);
#3922 = DIRECTION('',(4.555315873023E-16,1.,0.));
#3923 = ORIENTED_EDGE('',*,*,#3924,.F.);
#3924 = EDGE_CURVE('',#3925,#3917,#3927,.T.);
#3925 = VERTEX_POINT('',#3926);
#3926 = CARTESIAN_POINT('',(0.875,2.4875,2.5E-02));
#3927 = LINE('',#3928,#3929);
#3928 = CARTESIAN_POINT('',(-2.4875,2.4875,2.5E-02));
#3929 = VECTOR('',#3930,1.);
#3930 = DIRECTION('',(1.,-2.22044604925E-16,0.));
#3931 = ORIENTED_EDGE('',*,*,#3932,.T.);
#3932 = EDGE_CURVE('',#3925,#3933,#3935,.T.);
#3933 = VERTEX_POINT('',#3934);
#3934 = CARTESIAN_POINT('',(0.875,2.225,2.5E-02));
#3935 = LINE('',#3936,#3937);
#3936 = CARTESIAN_POINT('',(0.875,2.35625,2.5E-02));
#3937 = VECTOR('',#3938,1.);
#3938 = DIRECTION('',(-4.555315873023E-16,-1.,0.));
#3939 = ORIENTED_EDGE('',*,*,#3940,.T.);
#3940 = EDGE_CURVE('',#3933,#3941,#3943,.T.);
#3941 = VERTEX_POINT('',#3942);
#3942 = CARTESIAN_POINT('',(0.625,2.225,2.5E-02));
#3943 = CIRCLE('',#3944,0.125);
#3944 = AXIS2_PLACEMENT_3D('',#3945,#3946,#3947);
#3945 = CARTESIAN_POINT('',(0.75,2.225,2.5E-02));
#3946 = DIRECTION('',(0.,0.,-1.));
#3947 = DIRECTION('',(-1.,4.555315873023E-16,0.));
#3948 = ORIENTED_EDGE('',*,*,#3949,.T.);
#3949 = EDGE_CURVE('',#3941,#3950,#3952,.T.);
#3950 = VERTEX_POINT('',#3951);
#3951 = CARTESIAN_POINT('',(0.625,2.4875,2.5E-02));
#3952 = LINE('',#3953,#3954);
#3953 = CARTESIAN_POINT('',(0.625,2.49375,2.5E-02));
#3954 = VECTOR('',#3955,1.);
#3955 = DIRECTION('',(4.555315873023E-16,1.,0.));
#3956 = ORIENTED_EDGE('',*,*,#3957,.F.);
#3957 = EDGE_CURVE('',#3958,#3950,#3960,.T.);
#3958 = VERTEX_POINT('',#3959);
#3959 = CARTESIAN_POINT('',(0.375,2.4875,2.5E-02));
#3960 = LINE('',#3961,#3962);
#3961 = CARTESIAN_POINT('',(-2.4875,2.4875,2.5E-02));
#3962 = VECTOR('',#3963,1.);
#3963 = DIRECTION('',(1.,-2.22044604925E-16,0.));
#3964 = ORIENTED_EDGE('',*,*,#3965,.T.);
#3965 = EDGE_CURVE('',#3958,#3966,#3968,.T.);
#3966 = VERTEX_POINT('',#3967);
#3967 = CARTESIAN_POINT('',(0.375,2.225,2.5E-02));
#3968 = LINE('',#3969,#3970);
#3969 = CARTESIAN_POINT('',(0.375,2.35625,2.5E-02));
#3970 = VECTOR('',#3971,1.);
#3971 = DIRECTION('',(-4.555315873023E-16,-1.,0.));
#3972 = ORIENTED_EDGE('',*,*,#3973,.T.);
#3973 = EDGE_CURVE('',#3966,#3974,#3976,.T.);
#3974 = VERTEX_POINT('',#3975);
#3975 = CARTESIAN_POINT('',(0.125,2.225,2.5E-02));
#3976 = CIRCLE('',#3977,0.125);
#3977 = AXIS2_PLACEMENT_3D('',#3978,#3979,#3980);
#3978 = CARTESIAN_POINT('',(0.25,2.225,2.5E-02));
#3979 = DIRECTION('',(0.,0.,-1.));
#3980 = DIRECTION('',(-1.,4.555315873023E-16,0.));
#3981 = ORIENTED_EDGE('',*,*,#3982,.T.);
#3982 = EDGE_CURVE('',#3974,#3983,#3985,.T.);
#3983 = VERTEX_POINT('',#3984);
#3984 = CARTESIAN_POINT('',(0.125,2.4875,2.5E-02));
#3985 = LINE('',#3986,#3987);
#3986 = CARTESIAN_POINT('',(0.125,2.49375,2.5E-02));
#3987 = VECTOR('',#3988,1.);
#3988 = DIRECTION('',(4.555315873023E-16,1.,0.));
#3989 = ORIENTED_EDGE('',*,*,#3990,.F.);
#3990 = EDGE_CURVE('',#3991,#3983,#3993,.T.);
#3991 = VERTEX_POINT('',#3992);
#3992 = CARTESIAN_POINT('',(-0.125,2.4875,2.5E-02));
#3993 = LINE('',#3994,#3995);
#3994 = CARTESIAN_POINT('',(-2.4875,2.4875,2.5E-02));
#3995 = VECTOR('',#3996,1.);
#3996 = DIRECTION('',(1.,-2.22044604925E-16,0.));
#3997 = ORIENTED_EDGE('',*,*,#3998,.T.);
#3998 = EDGE_CURVE('',#3991,#3999,#4001,.T.);
#3999 = VERTEX_POINT('',#4000);
#4000 = CARTESIAN_POINT('',(-0.125,2.225,2.5E-02));
#4001 = LINE('',#4002,#4003);
#4002 = CARTESIAN_POINT('',(-0.125,2.35625,2.5E-02));
#4003 = VECTOR('',#4004,1.);
#4004 = DIRECTION('',(-4.555315873023E-16,-1.,0.));
#4005 = ORIENTED_EDGE('',*,*,#4006,.T.);
#4006 = EDGE_CURVE('',#3999,#4007,#4009,.T.);
#4007 = VERTEX_POINT('',#4008);
#4008 = CARTESIAN_POINT('',(-0.375,2.225,2.5E-02));
#4009 = CIRCLE('',#4010,0.125);
#4010 = AXIS2_PLACEMENT_3D('',#4011,#4012,#4013);
#4011 = CARTESIAN_POINT('',(-0.25,2.225,2.5E-02));
#4012 = DIRECTION('',(0.,0.,-1.));
#4013 = DIRECTION('',(-1.,4.555315873023E-16,0.));
#4014 = ORIENTED_EDGE('',*,*,#4015,.T.);
#4015 = EDGE_CURVE('',#4007,#4016,#4018,.T.);
#4016 = VERTEX_POINT('',#4017);
#4017 = CARTESIAN_POINT('',(-0.375,2.4875,2.5E-02));
#4018 = LINE('',#4019,#4020);
#4019 = CARTESIAN_POINT('',(-0.375,2.49375,2.5E-02));
#4020 = VECTOR('',#4021,1.);
#4021 = DIRECTION('',(4.555315873023E-16,1.,0.));
#4022 = ORIENTED_EDGE('',*,*,#4023,.F.);
#4023 = EDGE_CURVE('',#4024,#4016,#4026,.T.);
#4024 = VERTEX_POINT('',#4025);
#4025 = CARTESIAN_POINT('',(-0.625,2.4875,2.5E-02));
#4026 = LINE('',#4027,#4028);
#4027 = CARTESIAN_POINT('',(-2.4875,2.4875,2.5E-02));
#4028 = VECTOR('',#4029,1.);
#4029 = DIRECTION('',(1.,-2.22044604925E-16,0.));
#4030 = ORIENTED_EDGE('',*,*,#4031,.T.);
#4031 = EDGE_CURVE('',#4024,#4032,#4034,.T.);
#4032 = VERTEX_POINT('',#4033);
#4033 = CARTESIAN_POINT('',(-0.625,2.225,2.5E-02));
#4034 = LINE('',#4035,#4036);
#4035 = CARTESIAN_POINT('',(-0.625,2.35625,2.5E-02));
#4036 = VECTOR('',#4037,1.);
#4037 = DIRECTION('',(-4.555315873023E-16,-1.,0.));
#4038 = ORIENTED_EDGE('',*,*,#4039,.T.);
#4039 = EDGE_CURVE('',#4032,#4040,#4042,.T.);
#4040 = VERTEX_POINT('',#4041);
#4041 = CARTESIAN_POINT('',(-0.875,2.225,2.5E-02));
#4042 = CIRCLE('',#4043,0.125);
#4043 = AXIS2_PLACEMENT_3D('',#4044,#4045,#4046);
#4044 = CARTESIAN_POINT('',(-0.75,2.225,2.5E-02));
#4045 = DIRECTION('',(0.,0.,-1.));
#4046 = DIRECTION('',(-1.,4.555315873023E-16,0.));
#4047 = ORIENTED_EDGE('',*,*,#4048,.T.);
#4048 = EDGE_CURVE('',#4040,#4049,#4051,.T.);
#4049 = VERTEX_POINT('',#4050);
#4050 = CARTESIAN_POINT('',(-0.875,2.4875,2.5E-02));
#4051 = LINE('',#4052,#4053);
#4052 = CARTESIAN_POINT('',(-0.875,2.49375,2.5E-02));
#4053 = VECTOR('',#4054,1.);
#4054 = DIRECTION('',(4.555315873023E-16,1.,0.));
#4055 = ORIENTED_EDGE('',*,*,#4056,.F.);
#4056 = EDGE_CURVE('',#4057,#4049,#4059,.T.);
#4057 = VERTEX_POINT('',#4058);
#4058 = CARTESIAN_POINT('',(-1.125,2.4875,2.5E-02));
#4059 = LINE('',#4060,#4061);
#4060 = CARTESIAN_POINT('',(-2.4875,2.4875,2.5E-02));
#4061 = VECTOR('',#4062,1.);
#4062 = DIRECTION('',(1.,-2.22044604925E-16,0.));
#4063 = ORIENTED_EDGE('',*,*,#4064,.T.);
#4064 = EDGE_CURVE('',#4057,#4065,#4067,.T.);
#4065 = VERTEX_POINT('',#4066);
#4066 = CARTESIAN_POINT('',(-1.125,2.225,2.5E-02));
#4067 = LINE('',#4068,#4069);
#4068 = CARTESIAN_POINT('',(-1.125,2.35625,2.5E-02));
#4069 = VECTOR('',#4070,1.);
#4070 = DIRECTION('',(-4.555315873023E-16,-1.,0.));
#4071 = ORIENTED_EDGE('',*,*,#4072,.T.);
#4072 = EDGE_CURVE('',#4065,#4073,#4075,.T.);
#4073 = VERTEX_POINT('',#4074);
#4074 = CARTESIAN_POINT('',(-1.375,2.225,2.5E-02));
#4075 = CIRCLE('',#4076,0.125);
#4076 = AXIS2_PLACEMENT_3D('',#4077,#4078,#4079);
#4077 = CARTESIAN_POINT('',(-1.25,2.225,2.5E-02));
#4078 = DIRECTION('',(0.,0.,-1.));
#4079 = DIRECTION('',(-1.,4.555315873023E-16,0.));
#4080 = ORIENTED_EDGE('',*,*,#4081,.T.);
#4081 = EDGE_CURVE('',#4073,#4082,#4084,.T.);
#4082 = VERTEX_POINT('',#4083);
#4083 = CARTESIAN_POINT('',(-1.375,2.4875,2.5E-02));
#4084 = LINE('',#4085,#4086);
#4085 = CARTESIAN_POINT('',(-1.375,2.49375,2.5E-02));
#4086 = VECTOR('',#4087,1.);
#4087 = DIRECTION('',(4.555315873023E-16,1.,0.));
#4088 = ORIENTED_EDGE('',*,*,#4089,.F.);
#4089 = EDGE_CURVE('',#4090,#4082,#4092,.T.);
#4090 = VERTEX_POINT('',#4091);
#4091 = CARTESIAN_POINT('',(-1.625,2.4875,2.5E-02));
#4092 = LINE('',#4093,#4094);
#4093 = CARTESIAN_POINT('',(-2.4875,2.4875,2.5E-02));
#4094 = VECTOR('',#4095,1.);
#4095 = DIRECTION('',(1.,-2.22044604925E-16,0.));
#4096 = ORIENTED_EDGE('',*,*,#4097,.T.);
#4097 = EDGE_CURVE('',#4090,#4098,#4100,.T.);
#4098 = VERTEX_POINT('',#4099);
#4099 = CARTESIAN_POINT('',(-1.625,2.225,2.5E-02));
#4100 = LINE('',#4101,#4102);
#4101 = CARTESIAN_POINT('',(-1.625,2.35625,2.5E-02));
#4102 = VECTOR('',#4103,1.);
#4103 = DIRECTION('',(-4.555315873023E-16,-1.,0.));
#4104 = ORIENTED_EDGE('',*,*,#4105,.T.);
#4105 = EDGE_CURVE('',#4098,#4106,#4108,.T.);
#4106 = VERTEX_POINT('',#4107);
#4107 = CARTESIAN_POINT('',(-1.875,2.225,2.5E-02));
#4108 = CIRCLE('',#4109,0.125);
#4109 = AXIS2_PLACEMENT_3D('',#4110,#4111,#4112);
#4110 = CARTESIAN_POINT('',(-1.75,2.225,2.5E-02));
#4111 = DIRECTION('',(0.,0.,-1.));
#4112 = DIRECTION('',(-1.,4.555315873023E-16,0.));
#4113 = ORIENTED_EDGE('',*,*,#4114,.T.);
#4114 = EDGE_CURVE('',#4106,#3035,#4115,.T.);
#4115 = LINE('',#4116,#4117);
#4116 = CARTESIAN_POINT('',(-1.875,2.49375,2.5E-02));
#4117 = VECTOR('',#4118,1.);
#4118 = DIRECTION('',(4.555315873023E-16,1.,0.));
#4119 = FACE_BOUND('',#4120,.F.);
#4120 = EDGE_LOOP('',(#4121,#4122,#4123,#4131,#4139));
#4121 = ORIENTED_EDGE('',*,*,#3010,.T.);
#4122 = ORIENTED_EDGE('',*,*,#2947,.T.);
#4123 = ORIENTED_EDGE('',*,*,#4124,.T.);
#4124 = EDGE_CURVE('',#2940,#4125,#4127,.T.);
#4125 = VERTEX_POINT('',#4126);
#4126 = CARTESIAN_POINT('',(-1.45,1.65,2.5E-02));
#4127 = LINE('',#4128,#4129);
#4128 = CARTESIAN_POINT('',(-1.5,1.6,2.5E-02));
#4129 = VECTOR('',#4130,1.);
#4130 = DIRECTION('',(0.707106781187,0.707106781187,0.));
#4131 = ORIENTED_EDGE('',*,*,#4132,.T.);
#4132 = EDGE_CURVE('',#4125,#4133,#4135,.T.);
#4133 = VERTEX_POINT('',#4134);
#4134 = CARTESIAN_POINT('',(1.65,1.65,2.5E-02));
#4135 = LINE('',#4136,#4137);
#4136 = CARTESIAN_POINT('',(-0.41875,1.65,2.5E-02));
#4137 = VECTOR('',#4138,1.);
#4138 = DIRECTION('',(1.,-2.22044604925E-16,0.));
#4139 = ORIENTED_EDGE('',*,*,#4140,.T.);
#4140 = EDGE_CURVE('',#4133,#3011,#4141,.T.);
#4141 = LINE('',#4142,#4143);
#4142 = CARTESIAN_POINT('',(1.65,0.41875,2.5E-02));
#4143 = VECTOR('',#4144,1.);
#4144 = DIRECTION('',(-2.22044604925E-16,-1.,0.));
#4145 = PLANE('',#4146);
#4146 = AXIS2_PLACEMENT_3D('',#4147,#4148,#4149);
#4147 = CARTESIAN_POINT('',(-2.4875,2.4875,2.5E-02));
#4148 = DIRECTION('',(0.,0.,1.));
#4149 = DIRECTION('',(-2.22044604925E-16,-1.,0.));
#4150 = ADVANCED_FACE('',(#4151),#4162,.F.);
#4151 = FACE_BOUND('',#4152,.F.);
#4152 = EDGE_LOOP('',(#4153,#4154,#4160,#4161));
#4153 = ORIENTED_EDGE('',*,*,#2994,.F.);
#4154 = ORIENTED_EDGE('',*,*,#4155,.T.);
#4155 = EDGE_CURVE('',#2987,#4125,#4156,.T.);
#4156 = LINE('',#4157,#4158);
#4157 = CARTESIAN_POINT('',(-1.45,1.65,0.));
#4158 = VECTOR('',#4159,1.);
#4159 = DIRECTION('',(0.,0.,1.));
#4160 = ORIENTED_EDGE('',*,*,#4124,.F.);
#4161 = ORIENTED_EDGE('',*,*,#2939,.F.);
#4162 = PLANE('',#4163);
#4163 = AXIS2_PLACEMENT_3D('',#4164,#4165,#4166);
#4164 = CARTESIAN_POINT('',(-1.45,1.65,0.));
#4165 = DIRECTION('',(0.707106781187,-0.707106781187,0.));
#4166 = DIRECTION('',(-0.707106781187,-0.707106781187,0.));
#4167 = ADVANCED_FACE('',(#4168),#4179,.F.);
#4168 = FACE_BOUND('',#4169,.F.);
#4169 = EDGE_LOOP('',(#4170,#4171,#4172,#4173));
#4170 = ORIENTED_EDGE('',*,*,#2978,.F.);
#4171 = ORIENTED_EDGE('',*,*,#3018,.T.);
#4172 = ORIENTED_EDGE('',*,*,#4140,.F.);
#4173 = ORIENTED_EDGE('',*,*,#4174,.F.);
#4174 = EDGE_CURVE('',#2979,#4133,#4175,.T.);
#4175 = LINE('',#4176,#4177);
#4176 = CARTESIAN_POINT('',(1.65,1.65,0.));
#4177 = VECTOR('',#4178,1.);
#4178 = DIRECTION('',(0.,0.,1.));
#4179 = PLANE('',#4180);
#4180 = AXIS2_PLACEMENT_3D('',#4181,#4182,#4183);
#4181 = CARTESIAN_POINT('',(1.65,-1.65,0.));
#4182 = DIRECTION('',(-1.,2.22044604925E-16,0.));
#4183 = DIRECTION('',(2.22044604925E-16,1.,0.));
#4184 = ADVANCED_FACE('',(#4185),#4191,.F.);
#4185 = FACE_BOUND('',#4186,.F.);
#4186 = EDGE_LOOP('',(#4187,#4188,#4189,#4190));
#4187 = ORIENTED_EDGE('',*,*,#2986,.F.);
#4188 = ORIENTED_EDGE('',*,*,#4174,.T.);
#4189 = ORIENTED_EDGE('',*,*,#4132,.F.);
#4190 = ORIENTED_EDGE('',*,*,#4155,.F.);
#4191 = PLANE('',#4192);
#4192 = AXIS2_PLACEMENT_3D('',#4193,#4194,#4195);
#4193 = CARTESIAN_POINT('',(1.65,1.65,0.));
#4194 = DIRECTION('',(-2.22044604925E-16,-1.,0.));
#4195 = DIRECTION('',(-1.,2.22044604925E-16,0.));
#4196 = ADVANCED_FACE('',(#4197),#4406,.F.);
#4197 = FACE_BOUND('',#4198,.F.);
#4198 = EDGE_LOOP('',(#4199,#4209,#4215,#4216,#4224,#4232,#4238,#4239,
    #4247,#4255,#4261,#4262,#4270,#4278,#4284,#4285,#4293,#4301,#4307,
    #4308,#4316,#4324,#4330,#4331,#4339,#4347,#4353,#4354,#4362,#4370,
    #4376,#4377,#4385,#4393,#4399,#4400));
#4199 = ORIENTED_EDGE('',*,*,#4200,.F.);
#4200 = EDGE_CURVE('',#4201,#4203,#4205,.T.);
#4201 = VERTEX_POINT('',#4202);
#4202 = CARTESIAN_POINT('',(-2.4875,2.4875,0.875));
#4203 = VERTEX_POINT('',#4204);
#4204 = CARTESIAN_POINT('',(2.4875,2.4875,0.875));
#4205 = LINE('',#4206,#4207);
#4206 = CARTESIAN_POINT('',(-2.4875,2.4875,0.875));
#4207 = VECTOR('',#4208,1.);
#4208 = DIRECTION('',(1.,-2.22044604925E-16,0.));
#4209 = ORIENTED_EDGE('',*,*,#4210,.F.);
#4210 = EDGE_CURVE('',#3033,#4201,#4211,.T.);
#4211 = LINE('',#4212,#4213);
#4212 = CARTESIAN_POINT('',(-2.4875,2.4875,2.5E-02));
#4213 = VECTOR('',#4214,1.);
#4214 = DIRECTION('',(0.,0.,1.));
#4215 = ORIENTED_EDGE('',*,*,#3032,.T.);
#4216 = ORIENTED_EDGE('',*,*,#4217,.T.);
#4217 = EDGE_CURVE('',#3035,#4218,#4220,.T.);
#4218 = VERTEX_POINT('',#4219);
#4219 = CARTESIAN_POINT('',(-1.875,2.4875,0.2));
#4220 = LINE('',#4221,#4222);
#4221 = CARTESIAN_POINT('',(-1.875,2.4875,1.25E-02));
#4222 = VECTOR('',#4223,1.);
#4223 = DIRECTION('',(0.,0.,1.));
#4224 = ORIENTED_EDGE('',*,*,#4225,.F.);
#4225 = EDGE_CURVE('',#4226,#4218,#4228,.T.);
#4226 = VERTEX_POINT('',#4227);
#4227 = CARTESIAN_POINT('',(-1.625,2.4875,0.2));
#4228 = LINE('',#4229,#4230);
#4229 = CARTESIAN_POINT('',(-2.11875,2.4875,0.2));
#4230 = VECTOR('',#4231,1.);
#4231 = DIRECTION('',(-1.,2.22044604925E-16,0.));
#4232 = ORIENTED_EDGE('',*,*,#4233,.T.);
#4233 = EDGE_CURVE('',#4226,#4090,#4234,.T.);
#4234 = LINE('',#4235,#4236);
#4235 = CARTESIAN_POINT('',(-1.625,2.4875,1.25E-02));
#4236 = VECTOR('',#4237,1.);
#4237 = DIRECTION('',(-0.,0.,-1.));
#4238 = ORIENTED_EDGE('',*,*,#4089,.T.);
#4239 = ORIENTED_EDGE('',*,*,#4240,.T.);
#4240 = EDGE_CURVE('',#4082,#4241,#4243,.T.);
#4241 = VERTEX_POINT('',#4242);
#4242 = CARTESIAN_POINT('',(-1.375,2.4875,0.2));
#4243 = LINE('',#4244,#4245);
#4244 = CARTESIAN_POINT('',(-1.375,2.4875,1.25E-02));
#4245 = VECTOR('',#4246,1.);
#4246 = DIRECTION('',(0.,0.,1.));
#4247 = ORIENTED_EDGE('',*,*,#4248,.F.);
#4248 = EDGE_CURVE('',#4249,#4241,#4251,.T.);
#4249 = VERTEX_POINT('',#4250);
#4250 = CARTESIAN_POINT('',(-1.125,2.4875,0.2));
#4251 = LINE('',#4252,#4253);
#4252 = CARTESIAN_POINT('',(-1.86875,2.4875,0.2));
#4253 = VECTOR('',#4254,1.);
#4254 = DIRECTION('',(-1.,2.22044604925E-16,0.));
#4255 = ORIENTED_EDGE('',*,*,#4256,.T.);
#4256 = EDGE_CURVE('',#4249,#4057,#4257,.T.);
#4257 = LINE('',#4258,#4259);
#4258 = CARTESIAN_POINT('',(-1.125,2.4875,1.25E-02));
#4259 = VECTOR('',#4260,1.);
#4260 = DIRECTION('',(-0.,0.,-1.));
#4261 = ORIENTED_EDGE('',*,*,#4056,.T.);
#4262 = ORIENTED_EDGE('',*,*,#4263,.T.);
#4263 = EDGE_CURVE('',#4049,#4264,#4266,.T.);
#4264 = VERTEX_POINT('',#4265);
#4265 = CARTESIAN_POINT('',(-0.875,2.4875,0.2));
#4266 = LINE('',#4267,#4268);
#4267 = CARTESIAN_POINT('',(-0.875,2.4875,1.25E-02));
#4268 = VECTOR('',#4269,1.);
#4269 = DIRECTION('',(0.,0.,1.));
#4270 = ORIENTED_EDGE('',*,*,#4271,.F.);
#4271 = EDGE_CURVE('',#4272,#4264,#4274,.T.);
#4272 = VERTEX_POINT('',#4273);
#4273 = CARTESIAN_POINT('',(-0.625,2.4875,0.2));
#4274 = LINE('',#4275,#4276);
#4275 = CARTESIAN_POINT('',(-1.61875,2.4875,0.2));
#4276 = VECTOR('',#4277,1.);
#4277 = DIRECTION('',(-1.,2.22044604925E-16,0.));
#4278 = ORIENTED_EDGE('',*,*,#4279,.T.);
#4279 = EDGE_CURVE('',#4272,#4024,#4280,.T.);
#4280 = LINE('',#4281,#4282);
#4281 = CARTESIAN_POINT('',(-0.625,2.4875,1.25E-02));
#4282 = VECTOR('',#4283,1.);
#4283 = DIRECTION('',(-0.,0.,-1.));
#4284 = ORIENTED_EDGE('',*,*,#4023,.T.);
#4285 = ORIENTED_EDGE('',*,*,#4286,.T.);
#4286 = EDGE_CURVE('',#4016,#4287,#4289,.T.);
#4287 = VERTEX_POINT('',#4288);
#4288 = CARTESIAN_POINT('',(-0.375,2.4875,0.2));
#4289 = LINE('',#4290,#4291);
#4290 = CARTESIAN_POINT('',(-0.375,2.4875,1.25E-02));
#4291 = VECTOR('',#4292,1.);
#4292 = DIRECTION('',(0.,0.,1.));
#4293 = ORIENTED_EDGE('',*,*,#4294,.F.);
#4294 = EDGE_CURVE('',#4295,#4287,#4297,.T.);
#4295 = VERTEX_POINT('',#4296);
#4296 = CARTESIAN_POINT('',(-0.125,2.4875,0.2));
#4297 = LINE('',#4298,#4299);
#4298 = CARTESIAN_POINT('',(-1.36875,2.4875,0.2));
#4299 = VECTOR('',#4300,1.);
#4300 = DIRECTION('',(-1.,2.22044604925E-16,0.));
#4301 = ORIENTED_EDGE('',*,*,#4302,.T.);
#4302 = EDGE_CURVE('',#4295,#3991,#4303,.T.);
#4303 = LINE('',#4304,#4305);
#4304 = CARTESIAN_POINT('',(-0.125,2.4875,1.25E-02));
#4305 = VECTOR('',#4306,1.);
#4306 = DIRECTION('',(-0.,0.,-1.));
#4307 = ORIENTED_EDGE('',*,*,#3990,.T.);
#4308 = ORIENTED_EDGE('',*,*,#4309,.T.);
#4309 = EDGE_CURVE('',#3983,#4310,#4312,.T.);
#4310 = VERTEX_POINT('',#4311);
#4311 = CARTESIAN_POINT('',(0.125,2.4875,0.2));
#4312 = LINE('',#4313,#4314);
#4313 = CARTESIAN_POINT('',(0.125,2.4875,1.25E-02));
#4314 = VECTOR('',#4315,1.);
#4315 = DIRECTION('',(0.,0.,1.));
#4316 = ORIENTED_EDGE('',*,*,#4317,.F.);
#4317 = EDGE_CURVE('',#4318,#4310,#4320,.T.);
#4318 = VERTEX_POINT('',#4319);
#4319 = CARTESIAN_POINT('',(0.375,2.4875,0.2));
#4320 = LINE('',#4321,#4322);
#4321 = CARTESIAN_POINT('',(-1.11875,2.4875,0.2));
#4322 = VECTOR('',#4323,1.);
#4323 = DIRECTION('',(-1.,2.22044604925E-16,0.));
#4324 = ORIENTED_EDGE('',*,*,#4325,.T.);
#4325 = EDGE_CURVE('',#4318,#3958,#4326,.T.);
#4326 = LINE('',#4327,#4328);
#4327 = CARTESIAN_POINT('',(0.375,2.4875,1.25E-02));
#4328 = VECTOR('',#4329,1.);
#4329 = DIRECTION('',(-0.,0.,-1.));
#4330 = ORIENTED_EDGE('',*,*,#3957,.T.);
#4331 = ORIENTED_EDGE('',*,*,#4332,.T.);
#4332 = EDGE_CURVE('',#3950,#4333,#4335,.T.);
#4333 = VERTEX_POINT('',#4334);
#4334 = CARTESIAN_POINT('',(0.625,2.4875,0.2));
#4335 = LINE('',#4336,#4337);
#4336 = CARTESIAN_POINT('',(0.625,2.4875,1.25E-02));
#4337 = VECTOR('',#4338,1.);
#4338 = DIRECTION('',(0.,0.,1.));
#4339 = ORIENTED_EDGE('',*,*,#4340,.F.);
#4340 = EDGE_CURVE('',#4341,#4333,#4343,.T.);
#4341 = VERTEX_POINT('',#4342);
#4342 = CARTESIAN_POINT('',(0.875,2.4875,0.2));
#4343 = LINE('',#4344,#4345);
#4344 = CARTESIAN_POINT('',(-0.86875,2.4875,0.2));
#4345 = VECTOR('',#4346,1.);
#4346 = DIRECTION('',(-1.,2.22044604925E-16,0.));
#4347 = ORIENTED_EDGE('',*,*,#4348,.T.);
#4348 = EDGE_CURVE('',#4341,#3925,#4349,.T.);
#4349 = LINE('',#4350,#4351);
#4350 = CARTESIAN_POINT('',(0.875,2.4875,1.25E-02));
#4351 = VECTOR('',#4352,1.);
#4352 = DIRECTION('',(-0.,0.,-1.));
#4353 = ORIENTED_EDGE('',*,*,#3924,.T.);
#4354 = ORIENTED_EDGE('',*,*,#4355,.T.);
#4355 = EDGE_CURVE('',#3917,#4356,#4358,.T.);
#4356 = VERTEX_POINT('',#4357);
#4357 = CARTESIAN_POINT('',(1.125,2.4875,0.2));
#4358 = LINE('',#4359,#4360);
#4359 = CARTESIAN_POINT('',(1.125,2.4875,1.25E-02));
#4360 = VECTOR('',#4361,1.);
#4361 = DIRECTION('',(0.,0.,1.));
#4362 = ORIENTED_EDGE('',*,*,#4363,.F.);
#4363 = EDGE_CURVE('',#4364,#4356,#4366,.T.);
#4364 = VERTEX_POINT('',#4365);
#4365 = CARTESIAN_POINT('',(1.375,2.4875,0.2));
#4366 = LINE('',#4367,#4368);
#4367 = CARTESIAN_POINT('',(-0.61875,2.4875,0.2));
#4368 = VECTOR('',#4369,1.);
#4369 = DIRECTION('',(-1.,2.22044604925E-16,0.));
#4370 = ORIENTED_EDGE('',*,*,#4371,.T.);
#4371 = EDGE_CURVE('',#4364,#3892,#4372,.T.);
#4372 = LINE('',#4373,#4374);
#4373 = CARTESIAN_POINT('',(1.375,2.4875,1.25E-02));
#4374 = VECTOR('',#4375,1.);
#4375 = DIRECTION('',(-0.,0.,-1.));
#4376 = ORIENTED_EDGE('',*,*,#3891,.T.);
#4377 = ORIENTED_EDGE('',*,*,#4378,.T.);
#4378 = EDGE_CURVE('',#3884,#4379,#4381,.T.);
#4379 = VERTEX_POINT('',#4380);
#4380 = CARTESIAN_POINT('',(1.625,2.4875,0.2));
#4381 = LINE('',#4382,#4383);
#4382 = CARTESIAN_POINT('',(1.625,2.4875,1.25E-02));
#4383 = VECTOR('',#4384,1.);
#4384 = DIRECTION('',(0.,0.,1.));
#4385 = ORIENTED_EDGE('',*,*,#4386,.F.);
#4386 = EDGE_CURVE('',#4387,#4379,#4389,.T.);
#4387 = VERTEX_POINT('',#4388);
#4388 = CARTESIAN_POINT('',(1.875,2.4875,0.2));
#4389 = LINE('',#4390,#4391);
#4390 = CARTESIAN_POINT('',(-0.36875,2.4875,0.2));
#4391 = VECTOR('',#4392,1.);
#4392 = DIRECTION('',(-1.,2.22044604925E-16,0.));
#4393 = ORIENTED_EDGE('',*,*,#4394,.T.);
#4394 = EDGE_CURVE('',#4387,#3859,#4395,.T.);
#4395 = LINE('',#4396,#4397);
#4396 = CARTESIAN_POINT('',(1.875,2.4875,1.25E-02));
#4397 = VECTOR('',#4398,1.);
#4398 = DIRECTION('',(-0.,0.,-1.));
#4399 = ORIENTED_EDGE('',*,*,#3858,.T.);
#4400 = ORIENTED_EDGE('',*,*,#4401,.T.);
#4401 = EDGE_CURVE('',#3851,#4203,#4402,.T.);
#4402 = LINE('',#4403,#4404);
#4403 = CARTESIAN_POINT('',(2.4875,2.4875,2.5E-02));
#4404 = VECTOR('',#4405,1.);
#4405 = DIRECTION('',(0.,0.,1.));
#4406 = PLANE('',#4407);
#4407 = AXIS2_PLACEMENT_3D('',#4408,#4409,#4410);
#4408 = CARTESIAN_POINT('',(-2.4875,2.4875,2.5E-02));
#4409 = DIRECTION('',(-2.22044604925E-16,-1.,0.));
#4410 = DIRECTION('',(0.,0.,1.));
#4411 = ADVANCED_FACE('',(#4412),#4446,.F.);
#4412 = FACE_BOUND('',#4413,.F.);
#4413 = EDGE_LOOP('',(#4414,#4424,#4432,#4438,#4439,#4440));
#4414 = ORIENTED_EDGE('',*,*,#4415,.F.);
#4415 = EDGE_CURVE('',#4416,#4418,#4420,.T.);
#4416 = VERTEX_POINT('',#4417);
#4417 = CARTESIAN_POINT('',(-1.875,2.5,0.));
#4418 = VERTEX_POINT('',#4419);
#4419 = CARTESIAN_POINT('',(-1.875,2.225,0.));
#4420 = LINE('',#4421,#4422);
#4421 = CARTESIAN_POINT('',(-1.875,2.5,0.));
#4422 = VECTOR('',#4423,1.);
#4423 = DIRECTION('',(-4.555315873023E-16,-1.,0.));
#4424 = ORIENTED_EDGE('',*,*,#4425,.T.);
#4425 = EDGE_CURVE('',#4416,#4426,#4428,.T.);
#4426 = VERTEX_POINT('',#4427);
#4427 = CARTESIAN_POINT('',(-1.875,2.5,0.2));
#4428 = LINE('',#4429,#4430);
#4429 = CARTESIAN_POINT('',(-1.875,2.5,0.));
#4430 = VECTOR('',#4431,1.);
#4431 = DIRECTION('',(0.,0.,1.));
#4432 = ORIENTED_EDGE('',*,*,#4433,.T.);
#4433 = EDGE_CURVE('',#4426,#4218,#4434,.T.);
#4434 = LINE('',#4435,#4436);
#4435 = CARTESIAN_POINT('',(-1.875,2.5,0.2));
#4436 = VECTOR('',#4437,1.);
#4437 = DIRECTION('',(-4.555315873023E-16,-1.,0.));
#4438 = ORIENTED_EDGE('',*,*,#4217,.F.);
#4439 = ORIENTED_EDGE('',*,*,#4114,.F.);
#4440 = ORIENTED_EDGE('',*,*,#4441,.F.);
#4441 = EDGE_CURVE('',#4418,#4106,#4442,.T.);
#4442 = LINE('',#4443,#4444);
#4443 = CARTESIAN_POINT('',(-1.875,2.225,0.));
#4444 = VECTOR('',#4445,1.);
#4445 = DIRECTION('',(0.,0.,1.));
#4446 = PLANE('',#4447);
#4447 = AXIS2_PLACEMENT_3D('',#4448,#4449,#4450);
#4448 = CARTESIAN_POINT('',(-1.875,2.5,0.));
#4449 = DIRECTION('',(1.,-4.555315873023E-16,0.));
#4450 = DIRECTION('',(-4.555315873023E-16,-1.,0.));
#4451 = ADVANCED_FACE('',(#4452),#4471,.T.);
#4452 = FACE_BOUND('',#4453,.T.);
#4453 = EDGE_LOOP('',(#4454,#4462,#4463,#4464));
#4454 = ORIENTED_EDGE('',*,*,#4455,.T.);
#4455 = EDGE_CURVE('',#4456,#4098,#4458,.T.);
#4456 = VERTEX_POINT('',#4457);
#4457 = CARTESIAN_POINT('',(-1.625,2.225,0.));
#4458 = LINE('',#4459,#4460);
#4459 = CARTESIAN_POINT('',(-1.625,2.225,0.));
#4460 = VECTOR('',#4461,1.);
#4461 = DIRECTION('',(0.,0.,1.));
#4462 = ORIENTED_EDGE('',*,*,#4105,.T.);
#4463 = ORIENTED_EDGE('',*,*,#4441,.F.);
#4464 = ORIENTED_EDGE('',*,*,#4465,.T.);
#4465 = EDGE_CURVE('',#4418,#4456,#4466,.T.);
#4466 = CIRCLE('',#4467,0.125);
#4467 = AXIS2_PLACEMENT_3D('',#4468,#4469,#4470);
#4468 = CARTESIAN_POINT('',(-1.75,2.225,0.));
#4469 = DIRECTION('',(0.,0.,1.));
#4470 = DIRECTION('',(-1.,4.555315873023E-16,0.));
#4471 = CYLINDRICAL_SURFACE('',#4472,0.125);
#4472 = AXIS2_PLACEMENT_3D('',#4473,#4474,#4475);
#4473 = CARTESIAN_POINT('',(-1.75,2.225,0.));
#4474 = DIRECTION('',(0.,0.,-1.));
#4475 = DIRECTION('',(-1.,4.555315873023E-16,0.));
#4476 = ADVANCED_FACE('',(#4477),#4504,.F.);
#4477 = FACE_BOUND('',#4478,.F.);
#4478 = EDGE_LOOP('',(#4479,#4487,#4488,#4489,#4490,#4498));
#4479 = ORIENTED_EDGE('',*,*,#4480,.F.);
#4480 = EDGE_CURVE('',#4456,#4481,#4483,.T.);
#4481 = VERTEX_POINT('',#4482);
#4482 = CARTESIAN_POINT('',(-1.625,2.5,0.));
#4483 = LINE('',#4484,#4485);
#4484 = CARTESIAN_POINT('',(-1.625,2.225,0.));
#4485 = VECTOR('',#4486,1.);
#4486 = DIRECTION('',(4.555315873023E-16,1.,0.));
#4487 = ORIENTED_EDGE('',*,*,#4455,.T.);
#4488 = ORIENTED_EDGE('',*,*,#4097,.F.);
#4489 = ORIENTED_EDGE('',*,*,#4233,.F.);
#4490 = ORIENTED_EDGE('',*,*,#4491,.T.);
#4491 = EDGE_CURVE('',#4226,#4492,#4494,.T.);
#4492 = VERTEX_POINT('',#4493);
#4493 = CARTESIAN_POINT('',(-1.625,2.5,0.2));
#4494 = LINE('',#4495,#4496);
#4495 = CARTESIAN_POINT('',(-1.625,2.225,0.2));
#4496 = VECTOR('',#4497,1.);
#4497 = DIRECTION('',(4.555315873023E-16,1.,0.));
#4498 = ORIENTED_EDGE('',*,*,#4499,.F.);
#4499 = EDGE_CURVE('',#4481,#4492,#4500,.T.);
#4500 = LINE('',#4501,#4502);
#4501 = CARTESIAN_POINT('',(-1.625,2.5,0.));
#4502 = VECTOR('',#4503,1.);
#4503 = DIRECTION('',(0.,0.,1.));
#4504 = PLANE('',#4505);
#4505 = AXIS2_PLACEMENT_3D('',#4506,#4507,#4508);
#4506 = CARTESIAN_POINT('',(-1.625,2.225,0.));
#4507 = DIRECTION('',(-1.,4.555315873023E-16,0.));
#4508 = DIRECTION('',(4.555315873023E-16,1.,0.));
#4509 = ADVANCED_FACE('',(#4510),#4544,.F.);
#4510 = FACE_BOUND('',#4511,.F.);
#4511 = EDGE_LOOP('',(#4512,#4522,#4530,#4536,#4537,#4538));
#4512 = ORIENTED_EDGE('',*,*,#4513,.F.);
#4513 = EDGE_CURVE('',#4514,#4516,#4518,.T.);
#4514 = VERTEX_POINT('',#4515);
#4515 = CARTESIAN_POINT('',(-1.375,2.5,0.));
#4516 = VERTEX_POINT('',#4517);
#4517 = CARTESIAN_POINT('',(-1.375,2.225,0.));
#4518 = LINE('',#4519,#4520);
#4519 = CARTESIAN_POINT('',(-1.375,2.5,0.));
#4520 = VECTOR('',#4521,1.);
#4521 = DIRECTION('',(-4.555315873023E-16,-1.,0.));
#4522 = ORIENTED_EDGE('',*,*,#4523,.T.);
#4523 = EDGE_CURVE('',#4514,#4524,#4526,.T.);
#4524 = VERTEX_POINT('',#4525);
#4525 = CARTESIAN_POINT('',(-1.375,2.5,0.2));
#4526 = LINE('',#4527,#4528);
#4527 = CARTESIAN_POINT('',(-1.375,2.5,0.));
#4528 = VECTOR('',#4529,1.);
#4529 = DIRECTION('',(0.,0.,1.));
#4530 = ORIENTED_EDGE('',*,*,#4531,.T.);
#4531 = EDGE_CURVE('',#4524,#4241,#4532,.T.);
#4532 = LINE('',#4533,#4534);
#4533 = CARTESIAN_POINT('',(-1.375,2.5,0.2));
#4534 = VECTOR('',#4535,1.);
#4535 = DIRECTION('',(-4.555315873023E-16,-1.,0.));
#4536 = ORIENTED_EDGE('',*,*,#4240,.F.);
#4537 = ORIENTED_EDGE('',*,*,#4081,.F.);
#4538 = ORIENTED_EDGE('',*,*,#4539,.F.);
#4539 = EDGE_CURVE('',#4516,#4073,#4540,.T.);
#4540 = LINE('',#4541,#4542);
#4541 = CARTESIAN_POINT('',(-1.375,2.225,0.));
#4542 = VECTOR('',#4543,1.);
#4543 = DIRECTION('',(0.,0.,1.));
#4544 = PLANE('',#4545);
#4545 = AXIS2_PLACEMENT_3D('',#4546,#4547,#4548);
#4546 = CARTESIAN_POINT('',(-1.375,2.5,0.));
#4547 = DIRECTION('',(1.,-4.555315873023E-16,0.));
#4548 = DIRECTION('',(-4.555315873023E-16,-1.,0.));
#4549 = ADVANCED_FACE('',(#4550),#4569,.T.);
#4550 = FACE_BOUND('',#4551,.T.);
#4551 = EDGE_LOOP('',(#4552,#4560,#4561,#4562));
#4552 = ORIENTED_EDGE('',*,*,#4553,.T.);
#4553 = EDGE_CURVE('',#4554,#4065,#4556,.T.);
#4554 = VERTEX_POINT('',#4555);
#4555 = CARTESIAN_POINT('',(-1.125,2.225,0.));
#4556 = LINE('',#4557,#4558);
#4557 = CARTESIAN_POINT('',(-1.125,2.225,0.));
#4558 = VECTOR('',#4559,1.);
#4559 = DIRECTION('',(0.,0.,1.));
#4560 = ORIENTED_EDGE('',*,*,#4072,.T.);
#4561 = ORIENTED_EDGE('',*,*,#4539,.F.);
#4562 = ORIENTED_EDGE('',*,*,#4563,.T.);
#4563 = EDGE_CURVE('',#4516,#4554,#4564,.T.);
#4564 = CIRCLE('',#4565,0.125);
#4565 = AXIS2_PLACEMENT_3D('',#4566,#4567,#4568);
#4566 = CARTESIAN_POINT('',(-1.25,2.225,0.));
#4567 = DIRECTION('',(0.,0.,1.));
#4568 = DIRECTION('',(-1.,4.555315873023E-16,0.));
#4569 = CYLINDRICAL_SURFACE('',#4570,0.125);
#4570 = AXIS2_PLACEMENT_3D('',#4571,#4572,#4573);
#4571 = CARTESIAN_POINT('',(-1.25,2.225,0.));
#4572 = DIRECTION('',(0.,0.,-1.));
#4573 = DIRECTION('',(-1.,4.555315873023E-16,0.));
#4574 = ADVANCED_FACE('',(#4575),#4602,.F.);
#4575 = FACE_BOUND('',#4576,.F.);
#4576 = EDGE_LOOP('',(#4577,#4585,#4586,#4587,#4588,#4596));
#4577 = ORIENTED_EDGE('',*,*,#4578,.F.);
#4578 = EDGE_CURVE('',#4554,#4579,#4581,.T.);
#4579 = VERTEX_POINT('',#4580);
#4580 = CARTESIAN_POINT('',(-1.125,2.5,0.));
#4581 = LINE('',#4582,#4583);
#4582 = CARTESIAN_POINT('',(-1.125,2.225,0.));
#4583 = VECTOR('',#4584,1.);
#4584 = DIRECTION('',(4.555315873023E-16,1.,0.));
#4585 = ORIENTED_EDGE('',*,*,#4553,.T.);
#4586 = ORIENTED_EDGE('',*,*,#4064,.F.);
#4587 = ORIENTED_EDGE('',*,*,#4256,.F.);
#4588 = ORIENTED_EDGE('',*,*,#4589,.T.);
#4589 = EDGE_CURVE('',#4249,#4590,#4592,.T.);
#4590 = VERTEX_POINT('',#4591);
#4591 = CARTESIAN_POINT('',(-1.125,2.5,0.2));
#4592 = LINE('',#4593,#4594);
#4593 = CARTESIAN_POINT('',(-1.125,2.225,0.2));
#4594 = VECTOR('',#4595,1.);
#4595 = DIRECTION('',(4.555315873023E-16,1.,0.));
#4596 = ORIENTED_EDGE('',*,*,#4597,.F.);
#4597 = EDGE_CURVE('',#4579,#4590,#4598,.T.);
#4598 = LINE('',#4599,#4600);
#4599 = CARTESIAN_POINT('',(-1.125,2.5,0.));
#4600 = VECTOR('',#4601,1.);
#4601 = DIRECTION('',(0.,0.,1.));
#4602 = PLANE('',#4603);
#4603 = AXIS2_PLACEMENT_3D('',#4604,#4605,#4606);
#4604 = CARTESIAN_POINT('',(-1.125,2.225,0.));
#4605 = DIRECTION('',(-1.,4.555315873023E-16,0.));
#4606 = DIRECTION('',(4.555315873023E-16,1.,0.));
#4607 = ADVANCED_FACE('',(#4608),#4642,.F.);
#4608 = FACE_BOUND('',#4609,.F.);
#4609 = EDGE_LOOP('',(#4610,#4620,#4628,#4634,#4635,#4636));
#4610 = ORIENTED_EDGE('',*,*,#4611,.F.);
#4611 = EDGE_CURVE('',#4612,#4614,#4616,.T.);
#4612 = VERTEX_POINT('',#4613);
#4613 = CARTESIAN_POINT('',(-0.875,2.5,0.));
#4614 = VERTEX_POINT('',#4615);
#4615 = CARTESIAN_POINT('',(-0.875,2.225,0.));
#4616 = LINE('',#4617,#4618);
#4617 = CARTESIAN_POINT('',(-0.875,2.5,0.));
#4618 = VECTOR('',#4619,1.);
#4619 = DIRECTION('',(-4.555315873023E-16,-1.,0.));
#4620 = ORIENTED_EDGE('',*,*,#4621,.T.);
#4621 = EDGE_CURVE('',#4612,#4622,#4624,.T.);
#4622 = VERTEX_POINT('',#4623);
#4623 = CARTESIAN_POINT('',(-0.875,2.5,0.2));
#4624 = LINE('',#4625,#4626);
#4625 = CARTESIAN_POINT('',(-0.875,2.5,0.));
#4626 = VECTOR('',#4627,1.);
#4627 = DIRECTION('',(0.,0.,1.));
#4628 = ORIENTED_EDGE('',*,*,#4629,.T.);
#4629 = EDGE_CURVE('',#4622,#4264,#4630,.T.);
#4630 = LINE('',#4631,#4632);
#4631 = CARTESIAN_POINT('',(-0.875,2.5,0.2));
#4632 = VECTOR('',#4633,1.);
#4633 = DIRECTION('',(-4.555315873023E-16,-1.,0.));
#4634 = ORIENTED_EDGE('',*,*,#4263,.F.);
#4635 = ORIENTED_EDGE('',*,*,#4048,.F.);
#4636 = ORIENTED_EDGE('',*,*,#4637,.F.);
#4637 = EDGE_CURVE('',#4614,#4040,#4638,.T.);
#4638 = LINE('',#4639,#4640);
#4639 = CARTESIAN_POINT('',(-0.875,2.225,0.));
#4640 = VECTOR('',#4641,1.);
#4641 = DIRECTION('',(0.,0.,1.));
#4642 = PLANE('',#4643);
#4643 = AXIS2_PLACEMENT_3D('',#4644,#4645,#4646);
#4644 = CARTESIAN_POINT('',(-0.875,2.5,0.));
#4645 = DIRECTION('',(1.,-4.555315873023E-16,0.));
#4646 = DIRECTION('',(-4.555315873023E-16,-1.,0.));
#4647 = ADVANCED_FACE('',(#4648),#4667,.T.);
#4648 = FACE_BOUND('',#4649,.T.);
#4649 = EDGE_LOOP('',(#4650,#4658,#4659,#4660));
#4650 = ORIENTED_EDGE('',*,*,#4651,.T.);
#4651 = EDGE_CURVE('',#4652,#4032,#4654,.T.);
#4652 = VERTEX_POINT('',#4653);
#4653 = CARTESIAN_POINT('',(-0.625,2.225,0.));
#4654 = LINE('',#4655,#4656);
#4655 = CARTESIAN_POINT('',(-0.625,2.225,0.));
#4656 = VECTOR('',#4657,1.);
#4657 = DIRECTION('',(0.,0.,1.));
#4658 = ORIENTED_EDGE('',*,*,#4039,.T.);
#4659 = ORIENTED_EDGE('',*,*,#4637,.F.);
#4660 = ORIENTED_EDGE('',*,*,#4661,.T.);
#4661 = EDGE_CURVE('',#4614,#4652,#4662,.T.);
#4662 = CIRCLE('',#4663,0.125);
#4663 = AXIS2_PLACEMENT_3D('',#4664,#4665,#4666);
#4664 = CARTESIAN_POINT('',(-0.75,2.225,0.));
#4665 = DIRECTION('',(0.,0.,1.));
#4666 = DIRECTION('',(-1.,4.555315873023E-16,0.));
#4667 = CYLINDRICAL_SURFACE('',#4668,0.125);
#4668 = AXIS2_PLACEMENT_3D('',#4669,#4670,#4671);
#4669 = CARTESIAN_POINT('',(-0.75,2.225,0.));
#4670 = DIRECTION('',(0.,0.,-1.));
#4671 = DIRECTION('',(-1.,4.555315873023E-16,0.));
#4672 = ADVANCED_FACE('',(#4673),#4700,.F.);
#4673 = FACE_BOUND('',#4674,.F.);
#4674 = EDGE_LOOP('',(#4675,#4683,#4684,#4685,#4686,#4694));
#4675 = ORIENTED_EDGE('',*,*,#4676,.F.);
#4676 = EDGE_CURVE('',#4652,#4677,#4679,.T.);
#4677 = VERTEX_POINT('',#4678);
#4678 = CARTESIAN_POINT('',(-0.625,2.5,0.));
#4679 = LINE('',#4680,#4681);
#4680 = CARTESIAN_POINT('',(-0.625,2.225,0.));
#4681 = VECTOR('',#4682,1.);
#4682 = DIRECTION('',(4.555315873023E-16,1.,0.));
#4683 = ORIENTED_EDGE('',*,*,#4651,.T.);
#4684 = ORIENTED_EDGE('',*,*,#4031,.F.);
#4685 = ORIENTED_EDGE('',*,*,#4279,.F.);
#4686 = ORIENTED_EDGE('',*,*,#4687,.T.);
#4687 = EDGE_CURVE('',#4272,#4688,#4690,.T.);
#4688 = VERTEX_POINT('',#4689);
#4689 = CARTESIAN_POINT('',(-0.625,2.5,0.2));
#4690 = LINE('',#4691,#4692);
#4691 = CARTESIAN_POINT('',(-0.625,2.225,0.2));
#4692 = VECTOR('',#4693,1.);
#4693 = DIRECTION('',(4.555315873023E-16,1.,0.));
#4694 = ORIENTED_EDGE('',*,*,#4695,.F.);
#4695 = EDGE_CURVE('',#4677,#4688,#4696,.T.);
#4696 = LINE('',#4697,#4698);
#4697 = CARTESIAN_POINT('',(-0.625,2.5,0.));
#4698 = VECTOR('',#4699,1.);
#4699 = DIRECTION('',(0.,0.,1.));
#4700 = PLANE('',#4701);
#4701 = AXIS2_PLACEMENT_3D('',#4702,#4703,#4704);
#4702 = CARTESIAN_POINT('',(-0.625,2.225,0.));
#4703 = DIRECTION('',(-1.,4.555315873023E-16,0.));
#4704 = DIRECTION('',(4.555315873023E-16,1.,0.));
#4705 = ADVANCED_FACE('',(#4706),#4740,.F.);
#4706 = FACE_BOUND('',#4707,.F.);
#4707 = EDGE_LOOP('',(#4708,#4718,#4726,#4732,#4733,#4734));
#4708 = ORIENTED_EDGE('',*,*,#4709,.F.);
#4709 = EDGE_CURVE('',#4710,#4712,#4714,.T.);
#4710 = VERTEX_POINT('',#4711);
#4711 = CARTESIAN_POINT('',(-0.375,2.5,0.));
#4712 = VERTEX_POINT('',#4713);
#4713 = CARTESIAN_POINT('',(-0.375,2.225,0.));
#4714 = LINE('',#4715,#4716);
#4715 = CARTESIAN_POINT('',(-0.375,2.5,0.));
#4716 = VECTOR('',#4717,1.);
#4717 = DIRECTION('',(-4.555315873023E-16,-1.,0.));
#4718 = ORIENTED_EDGE('',*,*,#4719,.T.);
#4719 = EDGE_CURVE('',#4710,#4720,#4722,.T.);
#4720 = VERTEX_POINT('',#4721);
#4721 = CARTESIAN_POINT('',(-0.375,2.5,0.2));
#4722 = LINE('',#4723,#4724);
#4723 = CARTESIAN_POINT('',(-0.375,2.5,0.));
#4724 = VECTOR('',#4725,1.);
#4725 = DIRECTION('',(0.,0.,1.));
#4726 = ORIENTED_EDGE('',*,*,#4727,.T.);
#4727 = EDGE_CURVE('',#4720,#4287,#4728,.T.);
#4728 = LINE('',#4729,#4730);
#4729 = CARTESIAN_POINT('',(-0.375,2.5,0.2));
#4730 = VECTOR('',#4731,1.);
#4731 = DIRECTION('',(-4.555315873023E-16,-1.,0.));
#4732 = ORIENTED_EDGE('',*,*,#4286,.F.);
#4733 = ORIENTED_EDGE('',*,*,#4015,.F.);
#4734 = ORIENTED_EDGE('',*,*,#4735,.F.);
#4735 = EDGE_CURVE('',#4712,#4007,#4736,.T.);
#4736 = LINE('',#4737,#4738);
#4737 = CARTESIAN_POINT('',(-0.375,2.225,0.));
#4738 = VECTOR('',#4739,1.);
#4739 = DIRECTION('',(0.,0.,1.));
#4740 = PLANE('',#4741);
#4741 = AXIS2_PLACEMENT_3D('',#4742,#4743,#4744);
#4742 = CARTESIAN_POINT('',(-0.375,2.5,0.));
#4743 = DIRECTION('',(1.,-4.555315873023E-16,0.));
#4744 = DIRECTION('',(-4.555315873023E-16,-1.,0.));
#4745 = ADVANCED_FACE('',(#4746),#4765,.T.);
#4746 = FACE_BOUND('',#4747,.T.);
#4747 = EDGE_LOOP('',(#4748,#4756,#4757,#4758));
#4748 = ORIENTED_EDGE('',*,*,#4749,.T.);
#4749 = EDGE_CURVE('',#4750,#3999,#4752,.T.);
#4750 = VERTEX_POINT('',#4751);
#4751 = CARTESIAN_POINT('',(-0.125,2.225,0.));
#4752 = LINE('',#4753,#4754);
#4753 = CARTESIAN_POINT('',(-0.125,2.225,0.));
#4754 = VECTOR('',#4755,1.);
#4755 = DIRECTION('',(0.,0.,1.));
#4756 = ORIENTED_EDGE('',*,*,#4006,.T.);
#4757 = ORIENTED_EDGE('',*,*,#4735,.F.);
#4758 = ORIENTED_EDGE('',*,*,#4759,.T.);
#4759 = EDGE_CURVE('',#4712,#4750,#4760,.T.);
#4760 = CIRCLE('',#4761,0.125);
#4761 = AXIS2_PLACEMENT_3D('',#4762,#4763,#4764);
#4762 = CARTESIAN_POINT('',(-0.25,2.225,0.));
#4763 = DIRECTION('',(0.,0.,1.));
#4764 = DIRECTION('',(-1.,4.555315873023E-16,0.));
#4765 = CYLINDRICAL_SURFACE('',#4766,0.125);
#4766 = AXIS2_PLACEMENT_3D('',#4767,#4768,#4769);
#4767 = CARTESIAN_POINT('',(-0.25,2.225,0.));
#4768 = DIRECTION('',(0.,0.,-1.));
#4769 = DIRECTION('',(-1.,4.555315873023E-16,0.));
#4770 = ADVANCED_FACE('',(#4771),#4798,.F.);
#4771 = FACE_BOUND('',#4772,.F.);
#4772 = EDGE_LOOP('',(#4773,#4781,#4782,#4783,#4784,#4792));
#4773 = ORIENTED_EDGE('',*,*,#4774,.F.);
#4774 = EDGE_CURVE('',#4750,#4775,#4777,.T.);
#4775 = VERTEX_POINT('',#4776);
#4776 = CARTESIAN_POINT('',(-0.125,2.5,0.));
#4777 = LINE('',#4778,#4779);
#4778 = CARTESIAN_POINT('',(-0.125,2.225,0.));
#4779 = VECTOR('',#4780,1.);
#4780 = DIRECTION('',(4.555315873023E-16,1.,0.));
#4781 = ORIENTED_EDGE('',*,*,#4749,.T.);
#4782 = ORIENTED_EDGE('',*,*,#3998,.F.);
#4783 = ORIENTED_EDGE('',*,*,#4302,.F.);
#4784 = ORIENTED_EDGE('',*,*,#4785,.T.);
#4785 = EDGE_CURVE('',#4295,#4786,#4788,.T.);
#4786 = VERTEX_POINT('',#4787);
#4787 = CARTESIAN_POINT('',(-0.125,2.5,0.2));
#4788 = LINE('',#4789,#4790);
#4789 = CARTESIAN_POINT('',(-0.125,2.225,0.2));
#4790 = VECTOR('',#4791,1.);
#4791 = DIRECTION('',(4.555315873023E-16,1.,0.));
#4792 = ORIENTED_EDGE('',*,*,#4793,.F.);
#4793 = EDGE_CURVE('',#4775,#4786,#4794,.T.);
#4794 = LINE('',#4795,#4796);
#4795 = CARTESIAN_POINT('',(-0.125,2.5,0.));
#4796 = VECTOR('',#4797,1.);
#4797 = DIRECTION('',(0.,0.,1.));
#4798 = PLANE('',#4799);
#4799 = AXIS2_PLACEMENT_3D('',#4800,#4801,#4802);
#4800 = CARTESIAN_POINT('',(-0.125,2.225,0.));
#4801 = DIRECTION('',(-1.,4.555315873023E-16,0.));
#4802 = DIRECTION('',(4.555315873023E-16,1.,0.));
#4803 = ADVANCED_FACE('',(#4804),#4838,.F.);
#4804 = FACE_BOUND('',#4805,.F.);
#4805 = EDGE_LOOP('',(#4806,#4816,#4824,#4830,#4831,#4832));
#4806 = ORIENTED_EDGE('',*,*,#4807,.F.);
#4807 = EDGE_CURVE('',#4808,#4810,#4812,.T.);
#4808 = VERTEX_POINT('',#4809);
#4809 = CARTESIAN_POINT('',(0.125,2.5,0.));
#4810 = VERTEX_POINT('',#4811);
#4811 = CARTESIAN_POINT('',(0.125,2.225,0.));
#4812 = LINE('',#4813,#4814);
#4813 = CARTESIAN_POINT('',(0.125,2.5,0.));
#4814 = VECTOR('',#4815,1.);
#4815 = DIRECTION('',(-4.555315873023E-16,-1.,0.));
#4816 = ORIENTED_EDGE('',*,*,#4817,.T.);
#4817 = EDGE_CURVE('',#4808,#4818,#4820,.T.);
#4818 = VERTEX_POINT('',#4819);
#4819 = CARTESIAN_POINT('',(0.125,2.5,0.2));
#4820 = LINE('',#4821,#4822);
#4821 = CARTESIAN_POINT('',(0.125,2.5,0.));
#4822 = VECTOR('',#4823,1.);
#4823 = DIRECTION('',(0.,0.,1.));
#4824 = ORIENTED_EDGE('',*,*,#4825,.T.);
#4825 = EDGE_CURVE('',#4818,#4310,#4826,.T.);
#4826 = LINE('',#4827,#4828);
#4827 = CARTESIAN_POINT('',(0.125,2.5,0.2));
#4828 = VECTOR('',#4829,1.);
#4829 = DIRECTION('',(-4.555315873023E-16,-1.,0.));
#4830 = ORIENTED_EDGE('',*,*,#4309,.F.);
#4831 = ORIENTED_EDGE('',*,*,#3982,.F.);
#4832 = ORIENTED_EDGE('',*,*,#4833,.F.);
#4833 = EDGE_CURVE('',#4810,#3974,#4834,.T.);
#4834 = LINE('',#4835,#4836);
#4835 = CARTESIAN_POINT('',(0.125,2.225,0.));
#4836 = VECTOR('',#4837,1.);
#4837 = DIRECTION('',(0.,0.,1.));
#4838 = PLANE('',#4839);
#4839 = AXIS2_PLACEMENT_3D('',#4840,#4841,#4842);
#4840 = CARTESIAN_POINT('',(0.125,2.5,0.));
#4841 = DIRECTION('',(1.,-4.555315873023E-16,0.));
#4842 = DIRECTION('',(-4.555315873023E-16,-1.,0.));
#4843 = ADVANCED_FACE('',(#4844),#4863,.T.);
#4844 = FACE_BOUND('',#4845,.T.);
#4845 = EDGE_LOOP('',(#4846,#4854,#4855,#4856));
#4846 = ORIENTED_EDGE('',*,*,#4847,.T.);
#4847 = EDGE_CURVE('',#4848,#3966,#4850,.T.);
#4848 = VERTEX_POINT('',#4849);
#4849 = CARTESIAN_POINT('',(0.375,2.225,0.));
#4850 = LINE('',#4851,#4852);
#4851 = CARTESIAN_POINT('',(0.375,2.225,0.));
#4852 = VECTOR('',#4853,1.);
#4853 = DIRECTION('',(0.,0.,1.));
#4854 = ORIENTED_EDGE('',*,*,#3973,.T.);
#4855 = ORIENTED_EDGE('',*,*,#4833,.F.);
#4856 = ORIENTED_EDGE('',*,*,#4857,.T.);
#4857 = EDGE_CURVE('',#4810,#4848,#4858,.T.);
#4858 = CIRCLE('',#4859,0.125);
#4859 = AXIS2_PLACEMENT_3D('',#4860,#4861,#4862);
#4860 = CARTESIAN_POINT('',(0.25,2.225,0.));
#4861 = DIRECTION('',(0.,0.,1.));
#4862 = DIRECTION('',(-1.,4.555315873023E-16,0.));
#4863 = CYLINDRICAL_SURFACE('',#4864,0.125);
#4864 = AXIS2_PLACEMENT_3D('',#4865,#4866,#4867);
#4865 = CARTESIAN_POINT('',(0.25,2.225,0.));
#4866 = DIRECTION('',(0.,0.,-1.));
#4867 = DIRECTION('',(-1.,4.555315873023E-16,0.));
#4868 = ADVANCED_FACE('',(#4869),#4896,.F.);
#4869 = FACE_BOUND('',#4870,.F.);
#4870 = EDGE_LOOP('',(#4871,#4879,#4880,#4881,#4882,#4890));
#4871 = ORIENTED_EDGE('',*,*,#4872,.F.);
#4872 = EDGE_CURVE('',#4848,#4873,#4875,.T.);
#4873 = VERTEX_POINT('',#4874);
#4874 = CARTESIAN_POINT('',(0.375,2.5,0.));
#4875 = LINE('',#4876,#4877);
#4876 = CARTESIAN_POINT('',(0.375,2.225,0.));
#4877 = VECTOR('',#4878,1.);
#4878 = DIRECTION('',(4.555315873023E-16,1.,0.));
#4879 = ORIENTED_EDGE('',*,*,#4847,.T.);
#4880 = ORIENTED_EDGE('',*,*,#3965,.F.);
#4881 = ORIENTED_EDGE('',*,*,#4325,.F.);
#4882 = ORIENTED_EDGE('',*,*,#4883,.T.);
#4883 = EDGE_CURVE('',#4318,#4884,#4886,.T.);
#4884 = VERTEX_POINT('',#4885);
#4885 = CARTESIAN_POINT('',(0.375,2.5,0.2));
#4886 = LINE('',#4887,#4888);
#4887 = CARTESIAN_POINT('',(0.375,2.225,0.2));
#4888 = VECTOR('',#4889,1.);
#4889 = DIRECTION('',(4.555315873023E-16,1.,0.));
#4890 = ORIENTED_EDGE('',*,*,#4891,.F.);
#4891 = EDGE_CURVE('',#4873,#4884,#4892,.T.);
#4892 = LINE('',#4893,#4894);
#4893 = CARTESIAN_POINT('',(0.375,2.5,0.));
#4894 = VECTOR('',#4895,1.);
#4895 = DIRECTION('',(0.,0.,1.));
#4896 = PLANE('',#4897);
#4897 = AXIS2_PLACEMENT_3D('',#4898,#4899,#4900);
#4898 = CARTESIAN_POINT('',(0.375,2.225,0.));
#4899 = DIRECTION('',(-1.,4.555315873023E-16,0.));
#4900 = DIRECTION('',(4.555315873023E-16,1.,0.));
#4901 = ADVANCED_FACE('',(#4902),#4936,.F.);
#4902 = FACE_BOUND('',#4903,.F.);
#4903 = EDGE_LOOP('',(#4904,#4914,#4922,#4928,#4929,#4930));
#4904 = ORIENTED_EDGE('',*,*,#4905,.F.);
#4905 = EDGE_CURVE('',#4906,#4908,#4910,.T.);
#4906 = VERTEX_POINT('',#4907);
#4907 = CARTESIAN_POINT('',(0.625,2.5,0.));
#4908 = VERTEX_POINT('',#4909);
#4909 = CARTESIAN_POINT('',(0.625,2.225,0.));
#4910 = LINE('',#4911,#4912);
#4911 = CARTESIAN_POINT('',(0.625,2.5,0.));
#4912 = VECTOR('',#4913,1.);
#4913 = DIRECTION('',(-4.555315873023E-16,-1.,0.));
#4914 = ORIENTED_EDGE('',*,*,#4915,.T.);
#4915 = EDGE_CURVE('',#4906,#4916,#4918,.T.);
#4916 = VERTEX_POINT('',#4917);
#4917 = CARTESIAN_POINT('',(0.625,2.5,0.2));
#4918 = LINE('',#4919,#4920);
#4919 = CARTESIAN_POINT('',(0.625,2.5,0.));
#4920 = VECTOR('',#4921,1.);
#4921 = DIRECTION('',(0.,0.,1.));
#4922 = ORIENTED_EDGE('',*,*,#4923,.T.);
#4923 = EDGE_CURVE('',#4916,#4333,#4924,.T.);
#4924 = LINE('',#4925,#4926);
#4925 = CARTESIAN_POINT('',(0.625,2.5,0.2));
#4926 = VECTOR('',#4927,1.);
#4927 = DIRECTION('',(-4.555315873023E-16,-1.,0.));
#4928 = ORIENTED_EDGE('',*,*,#4332,.F.);
#4929 = ORIENTED_EDGE('',*,*,#3949,.F.);
#4930 = ORIENTED_EDGE('',*,*,#4931,.F.);
#4931 = EDGE_CURVE('',#4908,#3941,#4932,.T.);
#4932 = LINE('',#4933,#4934);
#4933 = CARTESIAN_POINT('',(0.625,2.225,0.));
#4934 = VECTOR('',#4935,1.);
#4935 = DIRECTION('',(0.,0.,1.));
#4936 = PLANE('',#4937);
#4937 = AXIS2_PLACEMENT_3D('',#4938,#4939,#4940);
#4938 = CARTESIAN_POINT('',(0.625,2.5,0.));
#4939 = DIRECTION('',(1.,-4.555315873023E-16,0.));
#4940 = DIRECTION('',(-4.555315873023E-16,-1.,0.));
#4941 = ADVANCED_FACE('',(#4942),#4961,.T.);
#4942 = FACE_BOUND('',#4943,.T.);
#4943 = EDGE_LOOP('',(#4944,#4952,#4953,#4954));
#4944 = ORIENTED_EDGE('',*,*,#4945,.T.);
#4945 = EDGE_CURVE('',#4946,#3933,#4948,.T.);
#4946 = VERTEX_POINT('',#4947);
#4947 = CARTESIAN_POINT('',(0.875,2.225,0.));
#4948 = LINE('',#4949,#4950);
#4949 = CARTESIAN_POINT('',(0.875,2.225,0.));
#4950 = VECTOR('',#4951,1.);
#4951 = DIRECTION('',(0.,0.,1.));
#4952 = ORIENTED_EDGE('',*,*,#3940,.T.);
#4953 = ORIENTED_EDGE('',*,*,#4931,.F.);
#4954 = ORIENTED_EDGE('',*,*,#4955,.T.);
#4955 = EDGE_CURVE('',#4908,#4946,#4956,.T.);
#4956 = CIRCLE('',#4957,0.125);
#4957 = AXIS2_PLACEMENT_3D('',#4958,#4959,#4960);
#4958 = CARTESIAN_POINT('',(0.75,2.225,0.));
#4959 = DIRECTION('',(0.,0.,1.));
#4960 = DIRECTION('',(-1.,4.555315873023E-16,0.));
#4961 = CYLINDRICAL_SURFACE('',#4962,0.125);
#4962 = AXIS2_PLACEMENT_3D('',#4963,#4964,#4965);
#4963 = CARTESIAN_POINT('',(0.75,2.225,0.));
#4964 = DIRECTION('',(0.,0.,-1.));
#4965 = DIRECTION('',(-1.,4.555315873023E-16,0.));
#4966 = ADVANCED_FACE('',(#4967),#4994,.F.);
#4967 = FACE_BOUND('',#4968,.F.);
#4968 = EDGE_LOOP('',(#4969,#4977,#4978,#4979,#4980,#4988));
#4969 = ORIENTED_EDGE('',*,*,#4970,.F.);
#4970 = EDGE_CURVE('',#4946,#4971,#4973,.T.);
#4971 = VERTEX_POINT('',#4972);
#4972 = CARTESIAN_POINT('',(0.875,2.5,0.));
#4973 = LINE('',#4974,#4975);
#4974 = CARTESIAN_POINT('',(0.875,2.225,0.));
#4975 = VECTOR('',#4976,1.);
#4976 = DIRECTION('',(4.555315873023E-16,1.,0.));
#4977 = ORIENTED_EDGE('',*,*,#4945,.T.);
#4978 = ORIENTED_EDGE('',*,*,#3932,.F.);
#4979 = ORIENTED_EDGE('',*,*,#4348,.F.);
#4980 = ORIENTED_EDGE('',*,*,#4981,.T.);
#4981 = EDGE_CURVE('',#4341,#4982,#4984,.T.);
#4982 = VERTEX_POINT('',#4983);
#4983 = CARTESIAN_POINT('',(0.875,2.5,0.2));
#4984 = LINE('',#4985,#4986);
#4985 = CARTESIAN_POINT('',(0.875,2.225,0.2));
#4986 = VECTOR('',#4987,1.);
#4987 = DIRECTION('',(4.555315873023E-16,1.,0.));
#4988 = ORIENTED_EDGE('',*,*,#4989,.F.);
#4989 = EDGE_CURVE('',#4971,#4982,#4990,.T.);
#4990 = LINE('',#4991,#4992);
#4991 = CARTESIAN_POINT('',(0.875,2.5,0.));
#4992 = VECTOR('',#4993,1.);
#4993 = DIRECTION('',(0.,0.,1.));
#4994 = PLANE('',#4995);
#4995 = AXIS2_PLACEMENT_3D('',#4996,#4997,#4998);
#4996 = CARTESIAN_POINT('',(0.875,2.225,0.));
#4997 = DIRECTION('',(-1.,4.555315873023E-16,0.));
#4998 = DIRECTION('',(4.555315873023E-16,1.,0.));
#4999 = ADVANCED_FACE('',(#5000),#5034,.F.);
#5000 = FACE_BOUND('',#5001,.F.);
#5001 = EDGE_LOOP('',(#5002,#5012,#5020,#5026,#5027,#5028));
#5002 = ORIENTED_EDGE('',*,*,#5003,.F.);
#5003 = EDGE_CURVE('',#5004,#5006,#5008,.T.);
#5004 = VERTEX_POINT('',#5005);
#5005 = CARTESIAN_POINT('',(1.125,2.5,0.));
#5006 = VERTEX_POINT('',#5007);
#5007 = CARTESIAN_POINT('',(1.125,2.225,0.));
#5008 = LINE('',#5009,#5010);
#5009 = CARTESIAN_POINT('',(1.125,2.5,0.));
#5010 = VECTOR('',#5011,1.);
#5011 = DIRECTION('',(-4.555315873023E-16,-1.,0.));
#5012 = ORIENTED_EDGE('',*,*,#5013,.T.);
#5013 = EDGE_CURVE('',#5004,#5014,#5016,.T.);
#5014 = VERTEX_POINT('',#5015);
#5015 = CARTESIAN_POINT('',(1.125,2.5,0.2));
#5016 = LINE('',#5017,#5018);
#5017 = CARTESIAN_POINT('',(1.125,2.5,0.));
#5018 = VECTOR('',#5019,1.);
#5019 = DIRECTION('',(0.,0.,1.));
#5020 = ORIENTED_EDGE('',*,*,#5021,.T.);
#5021 = EDGE_CURVE('',#5014,#4356,#5022,.T.);
#5022 = LINE('',#5023,#5024);
#5023 = CARTESIAN_POINT('',(1.125,2.5,0.2));
#5024 = VECTOR('',#5025,1.);
#5025 = DIRECTION('',(-4.555315873023E-16,-1.,0.));
#5026 = ORIENTED_EDGE('',*,*,#4355,.F.);
#5027 = ORIENTED_EDGE('',*,*,#3916,.F.);
#5028 = ORIENTED_EDGE('',*,*,#5029,.F.);
#5029 = EDGE_CURVE('',#5006,#3908,#5030,.T.);
#5030 = LINE('',#5031,#5032);
#5031 = CARTESIAN_POINT('',(1.125,2.225,0.));
#5032 = VECTOR('',#5033,1.);
#5033 = DIRECTION('',(0.,0.,1.));
#5034 = PLANE('',#5035);
#5035 = AXIS2_PLACEMENT_3D('',#5036,#5037,#5038);
#5036 = CARTESIAN_POINT('',(1.125,2.5,0.));
#5037 = DIRECTION('',(1.,-4.555315873023E-16,0.));
#5038 = DIRECTION('',(-4.555315873023E-16,-1.,0.));
#5039 = ADVANCED_FACE('',(#5040),#5059,.T.);
#5040 = FACE_BOUND('',#5041,.T.);
#5041 = EDGE_LOOP('',(#5042,#5050,#5051,#5052));
#5042 = ORIENTED_EDGE('',*,*,#5043,.T.);
#5043 = EDGE_CURVE('',#5044,#3900,#5046,.T.);
#5044 = VERTEX_POINT('',#5045);
#5045 = CARTESIAN_POINT('',(1.375,2.225,0.));
#5046 = LINE('',#5047,#5048);
#5047 = CARTESIAN_POINT('',(1.375,2.225,0.));
#5048 = VECTOR('',#5049,1.);
#5049 = DIRECTION('',(0.,0.,1.));
#5050 = ORIENTED_EDGE('',*,*,#3907,.T.);
#5051 = ORIENTED_EDGE('',*,*,#5029,.F.);
#5052 = ORIENTED_EDGE('',*,*,#5053,.T.);
#5053 = EDGE_CURVE('',#5006,#5044,#5054,.T.);
#5054 = CIRCLE('',#5055,0.125);
#5055 = AXIS2_PLACEMENT_3D('',#5056,#5057,#5058);
#5056 = CARTESIAN_POINT('',(1.25,2.225,0.));
#5057 = DIRECTION('',(0.,0.,1.));
#5058 = DIRECTION('',(-1.,4.555315873023E-16,0.));
#5059 = CYLINDRICAL_SURFACE('',#5060,0.125);
#5060 = AXIS2_PLACEMENT_3D('',#5061,#5062,#5063);
#5061 = CARTESIAN_POINT('',(1.25,2.225,0.));
#5062 = DIRECTION('',(0.,0.,-1.));
#5063 = DIRECTION('',(-1.,4.555315873023E-16,0.));
#5064 = ADVANCED_FACE('',(#5065),#5092,.F.);
#5065 = FACE_BOUND('',#5066,.F.);
#5066 = EDGE_LOOP('',(#5067,#5075,#5076,#5077,#5078,#5086));
#5067 = ORIENTED_EDGE('',*,*,#5068,.F.);
#5068 = EDGE_CURVE('',#5044,#5069,#5071,.T.);
#5069 = VERTEX_POINT('',#5070);
#5070 = CARTESIAN_POINT('',(1.375,2.5,0.));
#5071 = LINE('',#5072,#5073);
#5072 = CARTESIAN_POINT('',(1.375,2.225,0.));
#5073 = VECTOR('',#5074,1.);
#5074 = DIRECTION('',(4.555315873023E-16,1.,0.));
#5075 = ORIENTED_EDGE('',*,*,#5043,.T.);
#5076 = ORIENTED_EDGE('',*,*,#3899,.F.);
#5077 = ORIENTED_EDGE('',*,*,#4371,.F.);
#5078 = ORIENTED_EDGE('',*,*,#5079,.T.);
#5079 = EDGE_CURVE('',#4364,#5080,#5082,.T.);
#5080 = VERTEX_POINT('',#5081);
#5081 = CARTESIAN_POINT('',(1.375,2.5,0.2));
#5082 = LINE('',#5083,#5084);
#5083 = CARTESIAN_POINT('',(1.375,2.225,0.2));
#5084 = VECTOR('',#5085,1.);
#5085 = DIRECTION('',(4.555315873023E-16,1.,0.));
#5086 = ORIENTED_EDGE('',*,*,#5087,.F.);
#5087 = EDGE_CURVE('',#5069,#5080,#5088,.T.);
#5088 = LINE('',#5089,#5090);
#5089 = CARTESIAN_POINT('',(1.375,2.5,0.));
#5090 = VECTOR('',#5091,1.);
#5091 = DIRECTION('',(0.,0.,1.));
#5092 = PLANE('',#5093);
#5093 = AXIS2_PLACEMENT_3D('',#5094,#5095,#5096);
#5094 = CARTESIAN_POINT('',(1.375,2.225,0.));
#5095 = DIRECTION('',(-1.,4.555315873023E-16,0.));
#5096 = DIRECTION('',(4.555315873023E-16,1.,0.));
#5097 = ADVANCED_FACE('',(#5098),#5132,.F.);
#5098 = FACE_BOUND('',#5099,.F.);
#5099 = EDGE_LOOP('',(#5100,#5110,#5118,#5124,#5125,#5126));
#5100 = ORIENTED_EDGE('',*,*,#5101,.F.);
#5101 = EDGE_CURVE('',#5102,#5104,#5106,.T.);
#5102 = VERTEX_POINT('',#5103);
#5103 = CARTESIAN_POINT('',(1.625,2.5,0.));
#5104 = VERTEX_POINT('',#5105);
#5105 = CARTESIAN_POINT('',(1.625,2.225,0.));
#5106 = LINE('',#5107,#5108);
#5107 = CARTESIAN_POINT('',(1.625,2.5,0.));
#5108 = VECTOR('',#5109,1.);
#5109 = DIRECTION('',(-4.555315873023E-16,-1.,0.));
#5110 = ORIENTED_EDGE('',*,*,#5111,.T.);
#5111 = EDGE_CURVE('',#5102,#5112,#5114,.T.);
#5112 = VERTEX_POINT('',#5113);
#5113 = CARTESIAN_POINT('',(1.625,2.5,0.2));
#5114 = LINE('',#5115,#5116);
#5115 = CARTESIAN_POINT('',(1.625,2.5,0.));
#5116 = VECTOR('',#5117,1.);
#5117 = DIRECTION('',(0.,0.,1.));
#5118 = ORIENTED_EDGE('',*,*,#5119,.T.);
#5119 = EDGE_CURVE('',#5112,#4379,#5120,.T.);
#5120 = LINE('',#5121,#5122);
#5121 = CARTESIAN_POINT('',(1.625,2.5,0.2));
#5122 = VECTOR('',#5123,1.);
#5123 = DIRECTION('',(-4.555315873023E-16,-1.,0.));
#5124 = ORIENTED_EDGE('',*,*,#4378,.F.);
#5125 = ORIENTED_EDGE('',*,*,#3883,.F.);
#5126 = ORIENTED_EDGE('',*,*,#5127,.F.);
#5127 = EDGE_CURVE('',#5104,#3875,#5128,.T.);
#5128 = LINE('',#5129,#5130);
#5129 = CARTESIAN_POINT('',(1.625,2.225,0.));
#5130 = VECTOR('',#5131,1.);
#5131 = DIRECTION('',(0.,0.,1.));
#5132 = PLANE('',#5133);
#5133 = AXIS2_PLACEMENT_3D('',#5134,#5135,#5136);
#5134 = CARTESIAN_POINT('',(1.625,2.5,0.));
#5135 = DIRECTION('',(1.,-4.555315873023E-16,0.));
#5136 = DIRECTION('',(-4.555315873023E-16,-1.,0.));
#5137 = ADVANCED_FACE('',(#5138),#5157,.T.);
#5138 = FACE_BOUND('',#5139,.T.);
#5139 = EDGE_LOOP('',(#5140,#5148,#5149,#5150));
#5140 = ORIENTED_EDGE('',*,*,#5141,.T.);
#5141 = EDGE_CURVE('',#5142,#3867,#5144,.T.);
#5142 = VERTEX_POINT('',#5143);
#5143 = CARTESIAN_POINT('',(1.875,2.225,0.));
#5144 = LINE('',#5145,#5146);
#5145 = CARTESIAN_POINT('',(1.875,2.225,0.));
#5146 = VECTOR('',#5147,1.);
#5147 = DIRECTION('',(0.,0.,1.));
#5148 = ORIENTED_EDGE('',*,*,#3874,.T.);
#5149 = ORIENTED_EDGE('',*,*,#5127,.F.);
#5150 = ORIENTED_EDGE('',*,*,#5151,.T.);
#5151 = EDGE_CURVE('',#5104,#5142,#5152,.T.);
#5152 = CIRCLE('',#5153,0.125);
#5153 = AXIS2_PLACEMENT_3D('',#5154,#5155,#5156);
#5154 = CARTESIAN_POINT('',(1.75,2.225,0.));
#5155 = DIRECTION('',(0.,0.,1.));
#5156 = DIRECTION('',(-1.,4.555315873023E-16,0.));
#5157 = CYLINDRICAL_SURFACE('',#5158,0.125);
#5158 = AXIS2_PLACEMENT_3D('',#5159,#5160,#5161);
#5159 = CARTESIAN_POINT('',(1.75,2.225,0.));
#5160 = DIRECTION('',(0.,0.,-1.));
#5161 = DIRECTION('',(-1.,4.555315873023E-16,0.));
#5162 = ADVANCED_FACE('',(#5163),#5190,.F.);
#5163 = FACE_BOUND('',#5164,.F.);
#5164 = EDGE_LOOP('',(#5165,#5173,#5174,#5175,#5176,#5184));
#5165 = ORIENTED_EDGE('',*,*,#5166,.F.);
#5166 = EDGE_CURVE('',#5142,#5167,#5169,.T.);
#5167 = VERTEX_POINT('',#5168);
#5168 = CARTESIAN_POINT('',(1.875,2.5,0.));
#5169 = LINE('',#5170,#5171);
#5170 = CARTESIAN_POINT('',(1.875,2.225,0.));
#5171 = VECTOR('',#5172,1.);
#5172 = DIRECTION('',(4.555315873023E-16,1.,0.));
#5173 = ORIENTED_EDGE('',*,*,#5141,.T.);
#5174 = ORIENTED_EDGE('',*,*,#3866,.F.);
#5175 = ORIENTED_EDGE('',*,*,#4394,.F.);
#5176 = ORIENTED_EDGE('',*,*,#5177,.T.);
#5177 = EDGE_CURVE('',#4387,#5178,#5180,.T.);
#5178 = VERTEX_POINT('',#5179);
#5179 = CARTESIAN_POINT('',(1.875,2.5,0.2));
#5180 = LINE('',#5181,#5182);
#5181 = CARTESIAN_POINT('',(1.875,2.225,0.2));
#5182 = VECTOR('',#5183,1.);
#5183 = DIRECTION('',(4.555315873023E-16,1.,0.));
#5184 = ORIENTED_EDGE('',*,*,#5185,.F.);
#5185 = EDGE_CURVE('',#5167,#5178,#5186,.T.);
#5186 = LINE('',#5187,#5188);
#5187 = CARTESIAN_POINT('',(1.875,2.5,0.));
#5188 = VECTOR('',#5189,1.);
#5189 = DIRECTION('',(0.,0.,1.));
#5190 = PLANE('',#5191);
#5191 = AXIS2_PLACEMENT_3D('',#5192,#5193,#5194);
#5192 = CARTESIAN_POINT('',(1.875,2.225,0.));
#5193 = DIRECTION('',(-1.,4.555315873023E-16,0.));
#5194 = DIRECTION('',(4.555315873023E-16,1.,0.));
#5195 = ADVANCED_FACE('',(#5196),#5398,.T.);
#5196 = FACE_BOUND('',#5197,.T.);
#5197 = EDGE_LOOP('',(#5198,#5199,#5200,#5208,#5214,#5215,#5223,#5231,
    #5237,#5238,#5246,#5254,#5260,#5261,#5269,#5277,#5283,#5284,#5292,
    #5300,#5306,#5307,#5315,#5323,#5329,#5330,#5338,#5346,#5352,#5353,
    #5361,#5369,#5375,#5376,#5384,#5392));
#5198 = ORIENTED_EDGE('',*,*,#3850,.F.);
#5199 = ORIENTED_EDGE('',*,*,#4401,.T.);
#5200 = ORIENTED_EDGE('',*,*,#5201,.T.);
#5201 = EDGE_CURVE('',#4203,#5202,#5204,.T.);
#5202 = VERTEX_POINT('',#5203);
#5203 = CARTESIAN_POINT('',(2.4875,-2.4875,0.875));
#5204 = LINE('',#5205,#5206);
#5205 = CARTESIAN_POINT('',(2.4875,2.4875,0.875));
#5206 = VECTOR('',#5207,1.);
#5207 = DIRECTION('',(-2.22044604925E-16,-1.,0.));
#5208 = ORIENTED_EDGE('',*,*,#5209,.F.);
#5209 = EDGE_CURVE('',#3579,#5202,#5210,.T.);
#5210 = LINE('',#5211,#5212);
#5211 = CARTESIAN_POINT('',(2.4875,-2.4875,2.5E-02));
#5212 = VECTOR('',#5213,1.);
#5213 = DIRECTION('',(0.,0.,1.));
#5214 = ORIENTED_EDGE('',*,*,#3586,.F.);
#5215 = ORIENTED_EDGE('',*,*,#5216,.T.);
#5216 = EDGE_CURVE('',#3587,#5217,#5219,.T.);
#5217 = VERTEX_POINT('',#5218);
#5218 = CARTESIAN_POINT('',(2.4875,-1.875,0.2));
#5219 = LINE('',#5220,#5221);
#5220 = CARTESIAN_POINT('',(2.4875,-1.875,1.25E-02));
#5221 = VECTOR('',#5222,1.);
#5222 = DIRECTION('',(0.,0.,1.));
#5223 = ORIENTED_EDGE('',*,*,#5224,.F.);
#5224 = EDGE_CURVE('',#5225,#5217,#5227,.T.);
#5225 = VERTEX_POINT('',#5226);
#5226 = CARTESIAN_POINT('',(2.4875,-1.625,0.2));
#5227 = LINE('',#5228,#5229);
#5228 = CARTESIAN_POINT('',(2.4875,0.36875,0.2));
#5229 = VECTOR('',#5230,1.);
#5230 = DIRECTION('',(-2.22044604925E-16,-1.,0.));
#5231 = ORIENTED_EDGE('',*,*,#5232,.T.);
#5232 = EDGE_CURVE('',#5225,#3612,#5233,.T.);
#5233 = LINE('',#5234,#5235);
#5234 = CARTESIAN_POINT('',(2.4875,-1.625,1.25E-02));
#5235 = VECTOR('',#5236,1.);
#5236 = DIRECTION('',(0.,-0.,-1.));
#5237 = ORIENTED_EDGE('',*,*,#3619,.F.);
#5238 = ORIENTED_EDGE('',*,*,#5239,.T.);
#5239 = EDGE_CURVE('',#3620,#5240,#5242,.T.);
#5240 = VERTEX_POINT('',#5241);
#5241 = CARTESIAN_POINT('',(2.4875,-1.375,0.2));
#5242 = LINE('',#5243,#5244);
#5243 = CARTESIAN_POINT('',(2.4875,-1.375,1.25E-02));
#5244 = VECTOR('',#5245,1.);
#5245 = DIRECTION('',(0.,0.,1.));
#5246 = ORIENTED_EDGE('',*,*,#5247,.F.);
#5247 = EDGE_CURVE('',#5248,#5240,#5250,.T.);
#5248 = VERTEX_POINT('',#5249);
#5249 = CARTESIAN_POINT('',(2.4875,-1.125,0.2));
#5250 = LINE('',#5251,#5252);
#5251 = CARTESIAN_POINT('',(2.4875,0.61875,0.2));
#5252 = VECTOR('',#5253,1.);
#5253 = DIRECTION('',(-2.22044604925E-16,-1.,0.));
#5254 = ORIENTED_EDGE('',*,*,#5255,.T.);
#5255 = EDGE_CURVE('',#5248,#3645,#5256,.T.);
#5256 = LINE('',#5257,#5258);
#5257 = CARTESIAN_POINT('',(2.4875,-1.125,1.25E-02));
#5258 = VECTOR('',#5259,1.);
#5259 = DIRECTION('',(0.,-0.,-1.));
#5260 = ORIENTED_EDGE('',*,*,#3652,.F.);
#5261 = ORIENTED_EDGE('',*,*,#5262,.T.);
#5262 = EDGE_CURVE('',#3653,#5263,#5265,.T.);
#5263 = VERTEX_POINT('',#5264);
#5264 = CARTESIAN_POINT('',(2.4875,-0.875,0.2));
#5265 = LINE('',#5266,#5267);
#5266 = CARTESIAN_POINT('',(2.4875,-0.875,1.25E-02));
#5267 = VECTOR('',#5268,1.);
#5268 = DIRECTION('',(0.,0.,1.));
#5269 = ORIENTED_EDGE('',*,*,#5270,.F.);
#5270 = EDGE_CURVE('',#5271,#5263,#5273,.T.);
#5271 = VERTEX_POINT('',#5272);
#5272 = CARTESIAN_POINT('',(2.4875,-0.625,0.2));
#5273 = LINE('',#5274,#5275);
#5274 = CARTESIAN_POINT('',(2.4875,0.86875,0.2));
#5275 = VECTOR('',#5276,1.);
#5276 = DIRECTION('',(-2.22044604925E-16,-1.,0.));
#5277 = ORIENTED_EDGE('',*,*,#5278,.T.);
#5278 = EDGE_CURVE('',#5271,#3678,#5279,.T.);
#5279 = LINE('',#5280,#5281);
#5280 = CARTESIAN_POINT('',(2.4875,-0.625,1.25E-02));
#5281 = VECTOR('',#5282,1.);
#5282 = DIRECTION('',(0.,-0.,-1.));
#5283 = ORIENTED_EDGE('',*,*,#3685,.F.);
#5284 = ORIENTED_EDGE('',*,*,#5285,.T.);
#5285 = EDGE_CURVE('',#3686,#5286,#5288,.T.);
#5286 = VERTEX_POINT('',#5287);
#5287 = CARTESIAN_POINT('',(2.4875,-0.375,0.2));
#5288 = LINE('',#5289,#5290);
#5289 = CARTESIAN_POINT('',(2.4875,-0.375,1.25E-02));
#5290 = VECTOR('',#5291,1.);
#5291 = DIRECTION('',(0.,0.,1.));
#5292 = ORIENTED_EDGE('',*,*,#5293,.F.);
#5293 = EDGE_CURVE('',#5294,#5286,#5296,.T.);
#5294 = VERTEX_POINT('',#5295);
#5295 = CARTESIAN_POINT('',(2.4875,-0.125,0.2));
#5296 = LINE('',#5297,#5298);
#5297 = CARTESIAN_POINT('',(2.4875,1.11875,0.2));
#5298 = VECTOR('',#5299,1.);
#5299 = DIRECTION('',(-2.22044604925E-16,-1.,0.));
#5300 = ORIENTED_EDGE('',*,*,#5301,.T.);
#5301 = EDGE_CURVE('',#5294,#3711,#5302,.T.);
#5302 = LINE('',#5303,#5304);
#5303 = CARTESIAN_POINT('',(2.4875,-0.125,1.25E-02));
#5304 = VECTOR('',#5305,1.);
#5305 = DIRECTION('',(0.,-0.,-1.));
#5306 = ORIENTED_EDGE('',*,*,#3718,.F.);
#5307 = ORIENTED_EDGE('',*,*,#5308,.T.);
#5308 = EDGE_CURVE('',#3719,#5309,#5311,.T.);
#5309 = VERTEX_POINT('',#5310);
#5310 = CARTESIAN_POINT('',(2.4875,0.125,0.2));
#5311 = LINE('',#5312,#5313);
#5312 = CARTESIAN_POINT('',(2.4875,0.125,1.25E-02));
#5313 = VECTOR('',#5314,1.);
#5314 = DIRECTION('',(0.,0.,1.));
#5315 = ORIENTED_EDGE('',*,*,#5316,.F.);
#5316 = EDGE_CURVE('',#5317,#5309,#5319,.T.);
#5317 = VERTEX_POINT('',#5318);
#5318 = CARTESIAN_POINT('',(2.4875,0.375,0.2));
#5319 = LINE('',#5320,#5321);
#5320 = CARTESIAN_POINT('',(2.4875,1.36875,0.2));
#5321 = VECTOR('',#5322,1.);
#5322 = DIRECTION('',(-2.22044604925E-16,-1.,0.));
#5323 = ORIENTED_EDGE('',*,*,#5324,.T.);
#5324 = EDGE_CURVE('',#5317,#3744,#5325,.T.);
#5325 = LINE('',#5326,#5327);
#5326 = CARTESIAN_POINT('',(2.4875,0.375,1.25E-02));
#5327 = VECTOR('',#5328,1.);
#5328 = DIRECTION('',(0.,-0.,-1.));
#5329 = ORIENTED_EDGE('',*,*,#3751,.F.);
#5330 = ORIENTED_EDGE('',*,*,#5331,.T.);
#5331 = EDGE_CURVE('',#3752,#5332,#5334,.T.);
#5332 = VERTEX_POINT('',#5333);
#5333 = CARTESIAN_POINT('',(2.4875,0.625,0.2));
#5334 = LINE('',#5335,#5336);
#5335 = CARTESIAN_POINT('',(2.4875,0.625,1.25E-02));
#5336 = VECTOR('',#5337,1.);
#5337 = DIRECTION('',(0.,0.,1.));
#5338 = ORIENTED_EDGE('',*,*,#5339,.F.);
#5339 = EDGE_CURVE('',#5340,#5332,#5342,.T.);
#5340 = VERTEX_POINT('',#5341);
#5341 = CARTESIAN_POINT('',(2.4875,0.875,0.2));
#5342 = LINE('',#5343,#5344);
#5343 = CARTESIAN_POINT('',(2.4875,1.61875,0.2));
#5344 = VECTOR('',#5345,1.);
#5345 = DIRECTION('',(-2.22044604925E-16,-1.,0.));
#5346 = ORIENTED_EDGE('',*,*,#5347,.T.);
#5347 = EDGE_CURVE('',#5340,#3777,#5348,.T.);
#5348 = LINE('',#5349,#5350);
#5349 = CARTESIAN_POINT('',(2.4875,0.875,1.25E-02));
#5350 = VECTOR('',#5351,1.);
#5351 = DIRECTION('',(0.,-0.,-1.));
#5352 = ORIENTED_EDGE('',*,*,#3784,.F.);
#5353 = ORIENTED_EDGE('',*,*,#5354,.T.);
#5354 = EDGE_CURVE('',#3785,#5355,#5357,.T.);
#5355 = VERTEX_POINT('',#5356);
#5356 = CARTESIAN_POINT('',(2.4875,1.125,0.2));
#5357 = LINE('',#5358,#5359);
#5358 = CARTESIAN_POINT('',(2.4875,1.125,1.25E-02));
#5359 = VECTOR('',#5360,1.);
#5360 = DIRECTION('',(0.,0.,1.));
#5361 = ORIENTED_EDGE('',*,*,#5362,.F.);
#5362 = EDGE_CURVE('',#5363,#5355,#5365,.T.);
#5363 = VERTEX_POINT('',#5364);
#5364 = CARTESIAN_POINT('',(2.4875,1.375,0.2));
#5365 = LINE('',#5366,#5367);
#5366 = CARTESIAN_POINT('',(2.4875,1.86875,0.2));
#5367 = VECTOR('',#5368,1.);
#5368 = DIRECTION('',(-2.22044604925E-16,-1.,0.));
#5369 = ORIENTED_EDGE('',*,*,#5370,.T.);
#5370 = EDGE_CURVE('',#5363,#3810,#5371,.T.);
#5371 = LINE('',#5372,#5373);
#5372 = CARTESIAN_POINT('',(2.4875,1.375,1.25E-02));
#5373 = VECTOR('',#5374,1.);
#5374 = DIRECTION('',(0.,-0.,-1.));
#5375 = ORIENTED_EDGE('',*,*,#3817,.F.);
#5376 = ORIENTED_EDGE('',*,*,#5377,.T.);
#5377 = EDGE_CURVE('',#3818,#5378,#5380,.T.);
#5378 = VERTEX_POINT('',#5379);
#5379 = CARTESIAN_POINT('',(2.4875,1.625,0.2));
#5380 = LINE('',#5381,#5382);
#5381 = CARTESIAN_POINT('',(2.4875,1.625,1.25E-02));
#5382 = VECTOR('',#5383,1.);
#5383 = DIRECTION('',(0.,0.,1.));
#5384 = ORIENTED_EDGE('',*,*,#5385,.F.);
#5385 = EDGE_CURVE('',#5386,#5378,#5388,.T.);
#5386 = VERTEX_POINT('',#5387);
#5387 = CARTESIAN_POINT('',(2.4875,1.875,0.2));
#5388 = LINE('',#5389,#5390);
#5389 = CARTESIAN_POINT('',(2.4875,2.11875,0.2));
#5390 = VECTOR('',#5391,1.);
#5391 = DIRECTION('',(-2.22044604925E-16,-1.,0.));
#5392 = ORIENTED_EDGE('',*,*,#5393,.T.);
#5393 = EDGE_CURVE('',#5386,#3843,#5394,.T.);
#5394 = LINE('',#5395,#5396);
#5395 = CARTESIAN_POINT('',(2.4875,1.875,1.25E-02));
#5396 = VECTOR('',#5397,1.);
#5397 = DIRECTION('',(0.,-0.,-1.));
#5398 = PLANE('',#5399);
#5399 = AXIS2_PLACEMENT_3D('',#5400,#5401,#5402);
#5400 = CARTESIAN_POINT('',(2.4875,2.4875,2.5E-02));
#5401 = DIRECTION('',(1.,-2.22044604925E-16,0.));
#5402 = DIRECTION('',(0.,0.,1.));
#5403 = ADVANCED_FACE('',(#5404),#5438,.F.);
#5404 = FACE_BOUND('',#5405,.F.);
#5405 = EDGE_LOOP('',(#5406,#5416,#5424,#5430,#5431,#5432));
#5406 = ORIENTED_EDGE('',*,*,#5407,.F.);
#5407 = EDGE_CURVE('',#5408,#5410,#5412,.T.);
#5408 = VERTEX_POINT('',#5409);
#5409 = CARTESIAN_POINT('',(2.5,1.875,0.));
#5410 = VERTEX_POINT('',#5411);
#5411 = CARTESIAN_POINT('',(2.225,1.875,0.));
#5412 = LINE('',#5413,#5414);
#5413 = CARTESIAN_POINT('',(2.5,1.875,0.));
#5414 = VECTOR('',#5415,1.);
#5415 = DIRECTION('',(-1.,3.445092848398E-16,0.));
#5416 = ORIENTED_EDGE('',*,*,#5417,.T.);
#5417 = EDGE_CURVE('',#5408,#5418,#5420,.T.);
#5418 = VERTEX_POINT('',#5419);
#5419 = CARTESIAN_POINT('',(2.5,1.875,0.2));
#5420 = LINE('',#5421,#5422);
#5421 = CARTESIAN_POINT('',(2.5,1.875,0.));
#5422 = VECTOR('',#5423,1.);
#5423 = DIRECTION('',(0.,0.,1.));
#5424 = ORIENTED_EDGE('',*,*,#5425,.T.);
#5425 = EDGE_CURVE('',#5418,#5386,#5426,.T.);
#5426 = LINE('',#5427,#5428);
#5427 = CARTESIAN_POINT('',(2.5,1.875,0.2));
#5428 = VECTOR('',#5429,1.);
#5429 = DIRECTION('',(-1.,3.445092848398E-16,0.));
#5430 = ORIENTED_EDGE('',*,*,#5393,.T.);
#5431 = ORIENTED_EDGE('',*,*,#3842,.F.);
#5432 = ORIENTED_EDGE('',*,*,#5433,.F.);
#5433 = EDGE_CURVE('',#5410,#3834,#5434,.T.);
#5434 = LINE('',#5435,#5436);
#5435 = CARTESIAN_POINT('',(2.225,1.875,0.));
#5436 = VECTOR('',#5437,1.);
#5437 = DIRECTION('',(0.,0.,1.));
#5438 = PLANE('',#5439);
#5439 = AXIS2_PLACEMENT_3D('',#5440,#5441,#5442);
#5440 = CARTESIAN_POINT('',(2.5,1.875,0.));
#5441 = DIRECTION('',(-3.445092848398E-16,-1.,0.));
#5442 = DIRECTION('',(-1.,3.445092848398E-16,0.));
#5443 = ADVANCED_FACE('',(#5444),#5463,.T.);
#5444 = FACE_BOUND('',#5445,.T.);
#5445 = EDGE_LOOP('',(#5446,#5454,#5455,#5456));
#5446 = ORIENTED_EDGE('',*,*,#5447,.T.);
#5447 = EDGE_CURVE('',#5448,#3826,#5450,.T.);
#5448 = VERTEX_POINT('',#5449);
#5449 = CARTESIAN_POINT('',(2.225,1.625,0.));
#5450 = LINE('',#5451,#5452);
#5451 = CARTESIAN_POINT('',(2.225,1.625,0.));
#5452 = VECTOR('',#5453,1.);
#5453 = DIRECTION('',(0.,0.,1.));
#5454 = ORIENTED_EDGE('',*,*,#3833,.T.);
#5455 = ORIENTED_EDGE('',*,*,#5433,.F.);
#5456 = ORIENTED_EDGE('',*,*,#5457,.T.);
#5457 = EDGE_CURVE('',#5410,#5448,#5458,.T.);
#5458 = CIRCLE('',#5459,0.125);
#5459 = AXIS2_PLACEMENT_3D('',#5460,#5461,#5462);
#5460 = CARTESIAN_POINT('',(2.225,1.75,0.));
#5461 = DIRECTION('',(0.,-0.,1.));
#5462 = DIRECTION('',(3.445092848398E-16,1.,0.));
#5463 = CYLINDRICAL_SURFACE('',#5464,0.125);
#5464 = AXIS2_PLACEMENT_3D('',#5465,#5466,#5467);
#5465 = CARTESIAN_POINT('',(2.225,1.75,0.));
#5466 = DIRECTION('',(0.,-0.,-1.));
#5467 = DIRECTION('',(3.445092848398E-16,1.,0.));
#5468 = ADVANCED_FACE('',(#5469),#5496,.F.);
#5469 = FACE_BOUND('',#5470,.F.);
#5470 = EDGE_LOOP('',(#5471,#5479,#5480,#5481,#5482,#5490));
#5471 = ORIENTED_EDGE('',*,*,#5472,.F.);
#5472 = EDGE_CURVE('',#5448,#5473,#5475,.T.);
#5473 = VERTEX_POINT('',#5474);
#5474 = CARTESIAN_POINT('',(2.5,1.625,0.));
#5475 = LINE('',#5476,#5477);
#5476 = CARTESIAN_POINT('',(2.225,1.625,0.));
#5477 = VECTOR('',#5478,1.);
#5478 = DIRECTION('',(1.,-3.445092848398E-16,0.));
#5479 = ORIENTED_EDGE('',*,*,#5447,.T.);
#5480 = ORIENTED_EDGE('',*,*,#3825,.F.);
#5481 = ORIENTED_EDGE('',*,*,#5377,.T.);
#5482 = ORIENTED_EDGE('',*,*,#5483,.T.);
#5483 = EDGE_CURVE('',#5378,#5484,#5486,.T.);
#5484 = VERTEX_POINT('',#5485);
#5485 = CARTESIAN_POINT('',(2.5,1.625,0.2));
#5486 = LINE('',#5487,#5488);
#5487 = CARTESIAN_POINT('',(2.225,1.625,0.2));
#5488 = VECTOR('',#5489,1.);
#5489 = DIRECTION('',(1.,-3.445092848398E-16,0.));
#5490 = ORIENTED_EDGE('',*,*,#5491,.F.);
#5491 = EDGE_CURVE('',#5473,#5484,#5492,.T.);
#5492 = LINE('',#5493,#5494);
#5493 = CARTESIAN_POINT('',(2.5,1.625,0.));
#5494 = VECTOR('',#5495,1.);
#5495 = DIRECTION('',(0.,0.,1.));
#5496 = PLANE('',#5497);
#5497 = AXIS2_PLACEMENT_3D('',#5498,#5499,#5500);
#5498 = CARTESIAN_POINT('',(2.225,1.625,0.));
#5499 = DIRECTION('',(3.445092848398E-16,1.,0.));
#5500 = DIRECTION('',(1.,-3.445092848398E-16,0.));
#5501 = ADVANCED_FACE('',(#5502),#5536,.F.);
#5502 = FACE_BOUND('',#5503,.F.);
#5503 = EDGE_LOOP('',(#5504,#5514,#5522,#5528,#5529,#5530));
#5504 = ORIENTED_EDGE('',*,*,#5505,.F.);
#5505 = EDGE_CURVE('',#5506,#5508,#5510,.T.);
#5506 = VERTEX_POINT('',#5507);
#5507 = CARTESIAN_POINT('',(2.5,1.375,0.));
#5508 = VERTEX_POINT('',#5509);
#5509 = CARTESIAN_POINT('',(2.225,1.375,0.));
#5510 = LINE('',#5511,#5512);
#5511 = CARTESIAN_POINT('',(2.5,1.375,0.));
#5512 = VECTOR('',#5513,1.);
#5513 = DIRECTION('',(-1.,3.445092848398E-16,0.));
#5514 = ORIENTED_EDGE('',*,*,#5515,.T.);
#5515 = EDGE_CURVE('',#5506,#5516,#5518,.T.);
#5516 = VERTEX_POINT('',#5517);
#5517 = CARTESIAN_POINT('',(2.5,1.375,0.2));
#5518 = LINE('',#5519,#5520);
#5519 = CARTESIAN_POINT('',(2.5,1.375,0.));
#5520 = VECTOR('',#5521,1.);
#5521 = DIRECTION('',(0.,0.,1.));
#5522 = ORIENTED_EDGE('',*,*,#5523,.T.);
#5523 = EDGE_CURVE('',#5516,#5363,#5524,.T.);
#5524 = LINE('',#5525,#5526);
#5525 = CARTESIAN_POINT('',(2.5,1.375,0.2));
#5526 = VECTOR('',#5527,1.);
#5527 = DIRECTION('',(-1.,3.445092848398E-16,0.));
#5528 = ORIENTED_EDGE('',*,*,#5370,.T.);
#5529 = ORIENTED_EDGE('',*,*,#3809,.F.);
#5530 = ORIENTED_EDGE('',*,*,#5531,.F.);
#5531 = EDGE_CURVE('',#5508,#3801,#5532,.T.);
#5532 = LINE('',#5533,#5534);
#5533 = CARTESIAN_POINT('',(2.225,1.375,0.));
#5534 = VECTOR('',#5535,1.);
#5535 = DIRECTION('',(0.,0.,1.));
#5536 = PLANE('',#5537);
#5537 = AXIS2_PLACEMENT_3D('',#5538,#5539,#5540);
#5538 = CARTESIAN_POINT('',(2.5,1.375,0.));
#5539 = DIRECTION('',(-3.445092848398E-16,-1.,0.));
#5540 = DIRECTION('',(-1.,3.445092848398E-16,0.));
#5541 = ADVANCED_FACE('',(#5542),#5561,.T.);
#5542 = FACE_BOUND('',#5543,.T.);
#5543 = EDGE_LOOP('',(#5544,#5552,#5553,#5554));
#5544 = ORIENTED_EDGE('',*,*,#5545,.T.);
#5545 = EDGE_CURVE('',#5546,#3793,#5548,.T.);
#5546 = VERTEX_POINT('',#5547);
#5547 = CARTESIAN_POINT('',(2.225,1.125,0.));
#5548 = LINE('',#5549,#5550);
#5549 = CARTESIAN_POINT('',(2.225,1.125,0.));
#5550 = VECTOR('',#5551,1.);
#5551 = DIRECTION('',(0.,0.,1.));
#5552 = ORIENTED_EDGE('',*,*,#3800,.T.);
#5553 = ORIENTED_EDGE('',*,*,#5531,.F.);
#5554 = ORIENTED_EDGE('',*,*,#5555,.T.);
#5555 = EDGE_CURVE('',#5508,#5546,#5556,.T.);
#5556 = CIRCLE('',#5557,0.125);
#5557 = AXIS2_PLACEMENT_3D('',#5558,#5559,#5560);
#5558 = CARTESIAN_POINT('',(2.225,1.25,0.));
#5559 = DIRECTION('',(0.,-0.,1.));
#5560 = DIRECTION('',(3.445092848398E-16,1.,0.));
#5561 = CYLINDRICAL_SURFACE('',#5562,0.125);
#5562 = AXIS2_PLACEMENT_3D('',#5563,#5564,#5565);
#5563 = CARTESIAN_POINT('',(2.225,1.25,0.));
#5564 = DIRECTION('',(0.,-0.,-1.));
#5565 = DIRECTION('',(3.445092848398E-16,1.,0.));
#5566 = ADVANCED_FACE('',(#5567),#5594,.F.);
#5567 = FACE_BOUND('',#5568,.F.);
#5568 = EDGE_LOOP('',(#5569,#5577,#5578,#5579,#5580,#5588));
#5569 = ORIENTED_EDGE('',*,*,#5570,.F.);
#5570 = EDGE_CURVE('',#5546,#5571,#5573,.T.);
#5571 = VERTEX_POINT('',#5572);
#5572 = CARTESIAN_POINT('',(2.5,1.125,0.));
#5573 = LINE('',#5574,#5575);
#5574 = CARTESIAN_POINT('',(2.225,1.125,0.));
#5575 = VECTOR('',#5576,1.);
#5576 = DIRECTION('',(1.,-3.445092848398E-16,0.));
#5577 = ORIENTED_EDGE('',*,*,#5545,.T.);
#5578 = ORIENTED_EDGE('',*,*,#3792,.F.);
#5579 = ORIENTED_EDGE('',*,*,#5354,.T.);
#5580 = ORIENTED_EDGE('',*,*,#5581,.T.);
#5581 = EDGE_CURVE('',#5355,#5582,#5584,.T.);
#5582 = VERTEX_POINT('',#5583);
#5583 = CARTESIAN_POINT('',(2.5,1.125,0.2));
#5584 = LINE('',#5585,#5586);
#5585 = CARTESIAN_POINT('',(2.225,1.125,0.2));
#5586 = VECTOR('',#5587,1.);
#5587 = DIRECTION('',(1.,-3.445092848398E-16,0.));
#5588 = ORIENTED_EDGE('',*,*,#5589,.F.);
#5589 = EDGE_CURVE('',#5571,#5582,#5590,.T.);
#5590 = LINE('',#5591,#5592);
#5591 = CARTESIAN_POINT('',(2.5,1.125,0.));
#5592 = VECTOR('',#5593,1.);
#5593 = DIRECTION('',(0.,0.,1.));
#5594 = PLANE('',#5595);
#5595 = AXIS2_PLACEMENT_3D('',#5596,#5597,#5598);
#5596 = CARTESIAN_POINT('',(2.225,1.125,0.));
#5597 = DIRECTION('',(3.445092848398E-16,1.,0.));
#5598 = DIRECTION('',(1.,-3.445092848398E-16,0.));
#5599 = ADVANCED_FACE('',(#5600),#5634,.F.);
#5600 = FACE_BOUND('',#5601,.F.);
#5601 = EDGE_LOOP('',(#5602,#5612,#5620,#5626,#5627,#5628));
#5602 = ORIENTED_EDGE('',*,*,#5603,.F.);
#5603 = EDGE_CURVE('',#5604,#5606,#5608,.T.);
#5604 = VERTEX_POINT('',#5605);
#5605 = CARTESIAN_POINT('',(2.5,0.875,0.));
#5606 = VERTEX_POINT('',#5607);
#5607 = CARTESIAN_POINT('',(2.225,0.875,0.));
#5608 = LINE('',#5609,#5610);
#5609 = CARTESIAN_POINT('',(2.5,0.875,0.));
#5610 = VECTOR('',#5611,1.);
#5611 = DIRECTION('',(-1.,3.445092848398E-16,0.));
#5612 = ORIENTED_EDGE('',*,*,#5613,.T.);
#5613 = EDGE_CURVE('',#5604,#5614,#5616,.T.);
#5614 = VERTEX_POINT('',#5615);
#5615 = CARTESIAN_POINT('',(2.5,0.875,0.2));
#5616 = LINE('',#5617,#5618);
#5617 = CARTESIAN_POINT('',(2.5,0.875,0.));
#5618 = VECTOR('',#5619,1.);
#5619 = DIRECTION('',(0.,0.,1.));
#5620 = ORIENTED_EDGE('',*,*,#5621,.T.);
#5621 = EDGE_CURVE('',#5614,#5340,#5622,.T.);
#5622 = LINE('',#5623,#5624);
#5623 = CARTESIAN_POINT('',(2.5,0.875,0.2));
#5624 = VECTOR('',#5625,1.);
#5625 = DIRECTION('',(-1.,3.445092848398E-16,0.));
#5626 = ORIENTED_EDGE('',*,*,#5347,.T.);
#5627 = ORIENTED_EDGE('',*,*,#3776,.F.);
#5628 = ORIENTED_EDGE('',*,*,#5629,.F.);
#5629 = EDGE_CURVE('',#5606,#3768,#5630,.T.);
#5630 = LINE('',#5631,#5632);
#5631 = CARTESIAN_POINT('',(2.225,0.875,0.));
#5632 = VECTOR('',#5633,1.);
#5633 = DIRECTION('',(0.,0.,1.));
#5634 = PLANE('',#5635);
#5635 = AXIS2_PLACEMENT_3D('',#5636,#5637,#5638);
#5636 = CARTESIAN_POINT('',(2.5,0.875,0.));
#5637 = DIRECTION('',(-3.445092848398E-16,-1.,0.));
#5638 = DIRECTION('',(-1.,3.445092848398E-16,0.));
#5639 = ADVANCED_FACE('',(#5640),#5659,.T.);
#5640 = FACE_BOUND('',#5641,.T.);
#5641 = EDGE_LOOP('',(#5642,#5650,#5651,#5652));
#5642 = ORIENTED_EDGE('',*,*,#5643,.T.);
#5643 = EDGE_CURVE('',#5644,#3760,#5646,.T.);
#5644 = VERTEX_POINT('',#5645);
#5645 = CARTESIAN_POINT('',(2.225,0.625,0.));
#5646 = LINE('',#5647,#5648);
#5647 = CARTESIAN_POINT('',(2.225,0.625,0.));
#5648 = VECTOR('',#5649,1.);
#5649 = DIRECTION('',(0.,0.,1.));
#5650 = ORIENTED_EDGE('',*,*,#3767,.T.);
#5651 = ORIENTED_EDGE('',*,*,#5629,.F.);
#5652 = ORIENTED_EDGE('',*,*,#5653,.T.);
#5653 = EDGE_CURVE('',#5606,#5644,#5654,.T.);
#5654 = CIRCLE('',#5655,0.125);
#5655 = AXIS2_PLACEMENT_3D('',#5656,#5657,#5658);
#5656 = CARTESIAN_POINT('',(2.225,0.75,0.));
#5657 = DIRECTION('',(0.,-0.,1.));
#5658 = DIRECTION('',(3.445092848398E-16,1.,0.));
#5659 = CYLINDRICAL_SURFACE('',#5660,0.125);
#5660 = AXIS2_PLACEMENT_3D('',#5661,#5662,#5663);
#5661 = CARTESIAN_POINT('',(2.225,0.75,0.));
#5662 = DIRECTION('',(0.,-0.,-1.));
#5663 = DIRECTION('',(3.445092848398E-16,1.,0.));
#5664 = ADVANCED_FACE('',(#5665),#5692,.F.);
#5665 = FACE_BOUND('',#5666,.F.);
#5666 = EDGE_LOOP('',(#5667,#5675,#5676,#5677,#5678,#5686));
#5667 = ORIENTED_EDGE('',*,*,#5668,.F.);
#5668 = EDGE_CURVE('',#5644,#5669,#5671,.T.);
#5669 = VERTEX_POINT('',#5670);
#5670 = CARTESIAN_POINT('',(2.5,0.625,0.));
#5671 = LINE('',#5672,#5673);
#5672 = CARTESIAN_POINT('',(2.225,0.625,0.));
#5673 = VECTOR('',#5674,1.);
#5674 = DIRECTION('',(1.,-3.445092848398E-16,0.));
#5675 = ORIENTED_EDGE('',*,*,#5643,.T.);
#5676 = ORIENTED_EDGE('',*,*,#3759,.F.);
#5677 = ORIENTED_EDGE('',*,*,#5331,.T.);
#5678 = ORIENTED_EDGE('',*,*,#5679,.T.);
#5679 = EDGE_CURVE('',#5332,#5680,#5682,.T.);
#5680 = VERTEX_POINT('',#5681);
#5681 = CARTESIAN_POINT('',(2.5,0.625,0.2));
#5682 = LINE('',#5683,#5684);
#5683 = CARTESIAN_POINT('',(2.225,0.625,0.2));
#5684 = VECTOR('',#5685,1.);
#5685 = DIRECTION('',(1.,-3.445092848398E-16,0.));
#5686 = ORIENTED_EDGE('',*,*,#5687,.F.);
#5687 = EDGE_CURVE('',#5669,#5680,#5688,.T.);
#5688 = LINE('',#5689,#5690);
#5689 = CARTESIAN_POINT('',(2.5,0.625,0.));
#5690 = VECTOR('',#5691,1.);
#5691 = DIRECTION('',(0.,0.,1.));
#5692 = PLANE('',#5693);
#5693 = AXIS2_PLACEMENT_3D('',#5694,#5695,#5696);
#5694 = CARTESIAN_POINT('',(2.225,0.625,0.));
#5695 = DIRECTION('',(3.445092848398E-16,1.,0.));
#5696 = DIRECTION('',(1.,-3.445092848398E-16,0.));
#5697 = ADVANCED_FACE('',(#5698),#5732,.F.);
#5698 = FACE_BOUND('',#5699,.F.);
#5699 = EDGE_LOOP('',(#5700,#5710,#5718,#5724,#5725,#5726));
#5700 = ORIENTED_EDGE('',*,*,#5701,.F.);
#5701 = EDGE_CURVE('',#5702,#5704,#5706,.T.);
#5702 = VERTEX_POINT('',#5703);
#5703 = CARTESIAN_POINT('',(2.5,0.375,0.));
#5704 = VERTEX_POINT('',#5705);
#5705 = CARTESIAN_POINT('',(2.225,0.375,0.));
#5706 = LINE('',#5707,#5708);
#5707 = CARTESIAN_POINT('',(2.5,0.375,0.));
#5708 = VECTOR('',#5709,1.);
#5709 = DIRECTION('',(-1.,3.445092848398E-16,0.));
#5710 = ORIENTED_EDGE('',*,*,#5711,.T.);
#5711 = EDGE_CURVE('',#5702,#5712,#5714,.T.);
#5712 = VERTEX_POINT('',#5713);
#5713 = CARTESIAN_POINT('',(2.5,0.375,0.2));
#5714 = LINE('',#5715,#5716);
#5715 = CARTESIAN_POINT('',(2.5,0.375,0.));
#5716 = VECTOR('',#5717,1.);
#5717 = DIRECTION('',(0.,0.,1.));
#5718 = ORIENTED_EDGE('',*,*,#5719,.T.);
#5719 = EDGE_CURVE('',#5712,#5317,#5720,.T.);
#5720 = LINE('',#5721,#5722);
#5721 = CARTESIAN_POINT('',(2.5,0.375,0.2));
#5722 = VECTOR('',#5723,1.);
#5723 = DIRECTION('',(-1.,3.445092848398E-16,0.));
#5724 = ORIENTED_EDGE('',*,*,#5324,.T.);
#5725 = ORIENTED_EDGE('',*,*,#3743,.F.);
#5726 = ORIENTED_EDGE('',*,*,#5727,.F.);
#5727 = EDGE_CURVE('',#5704,#3735,#5728,.T.);
#5728 = LINE('',#5729,#5730);
#5729 = CARTESIAN_POINT('',(2.225,0.375,0.));
#5730 = VECTOR('',#5731,1.);
#5731 = DIRECTION('',(0.,0.,1.));
#5732 = PLANE('',#5733);
#5733 = AXIS2_PLACEMENT_3D('',#5734,#5735,#5736);
#5734 = CARTESIAN_POINT('',(2.5,0.375,0.));
#5735 = DIRECTION('',(-3.445092848398E-16,-1.,0.));
#5736 = DIRECTION('',(-1.,3.445092848398E-16,0.));
#5737 = ADVANCED_FACE('',(#5738),#5757,.T.);
#5738 = FACE_BOUND('',#5739,.T.);
#5739 = EDGE_LOOP('',(#5740,#5748,#5749,#5750));
#5740 = ORIENTED_EDGE('',*,*,#5741,.T.);
#5741 = EDGE_CURVE('',#5742,#3727,#5744,.T.);
#5742 = VERTEX_POINT('',#5743);
#5743 = CARTESIAN_POINT('',(2.225,0.125,0.));
#5744 = LINE('',#5745,#5746);
#5745 = CARTESIAN_POINT('',(2.225,0.125,0.));
#5746 = VECTOR('',#5747,1.);
#5747 = DIRECTION('',(0.,0.,1.));
#5748 = ORIENTED_EDGE('',*,*,#3734,.T.);
#5749 = ORIENTED_EDGE('',*,*,#5727,.F.);
#5750 = ORIENTED_EDGE('',*,*,#5751,.T.);
#5751 = EDGE_CURVE('',#5704,#5742,#5752,.T.);
#5752 = CIRCLE('',#5753,0.125);
#5753 = AXIS2_PLACEMENT_3D('',#5754,#5755,#5756);
#5754 = CARTESIAN_POINT('',(2.225,0.25,0.));
#5755 = DIRECTION('',(0.,-0.,1.));
#5756 = DIRECTION('',(3.445092848398E-16,1.,0.));
#5757 = CYLINDRICAL_SURFACE('',#5758,0.125);
#5758 = AXIS2_PLACEMENT_3D('',#5759,#5760,#5761);
#5759 = CARTESIAN_POINT('',(2.225,0.25,0.));
#5760 = DIRECTION('',(0.,-0.,-1.));
#5761 = DIRECTION('',(3.445092848398E-16,1.,0.));
#5762 = ADVANCED_FACE('',(#5763),#5790,.F.);
#5763 = FACE_BOUND('',#5764,.F.);
#5764 = EDGE_LOOP('',(#5765,#5773,#5774,#5775,#5776,#5784));
#5765 = ORIENTED_EDGE('',*,*,#5766,.F.);
#5766 = EDGE_CURVE('',#5742,#5767,#5769,.T.);
#5767 = VERTEX_POINT('',#5768);
#5768 = CARTESIAN_POINT('',(2.5,0.125,0.));
#5769 = LINE('',#5770,#5771);
#5770 = CARTESIAN_POINT('',(2.225,0.125,0.));
#5771 = VECTOR('',#5772,1.);
#5772 = DIRECTION('',(1.,-3.445092848398E-16,0.));
#5773 = ORIENTED_EDGE('',*,*,#5741,.T.);
#5774 = ORIENTED_EDGE('',*,*,#3726,.F.);
#5775 = ORIENTED_EDGE('',*,*,#5308,.T.);
#5776 = ORIENTED_EDGE('',*,*,#5777,.T.);
#5777 = EDGE_CURVE('',#5309,#5778,#5780,.T.);
#5778 = VERTEX_POINT('',#5779);
#5779 = CARTESIAN_POINT('',(2.5,0.125,0.2));
#5780 = LINE('',#5781,#5782);
#5781 = CARTESIAN_POINT('',(2.225,0.125,0.2));
#5782 = VECTOR('',#5783,1.);
#5783 = DIRECTION('',(1.,-3.445092848398E-16,0.));
#5784 = ORIENTED_EDGE('',*,*,#5785,.F.);
#5785 = EDGE_CURVE('',#5767,#5778,#5786,.T.);
#5786 = LINE('',#5787,#5788);
#5787 = CARTESIAN_POINT('',(2.5,0.125,0.));
#5788 = VECTOR('',#5789,1.);
#5789 = DIRECTION('',(0.,0.,1.));
#5790 = PLANE('',#5791);
#5791 = AXIS2_PLACEMENT_3D('',#5792,#5793,#5794);
#5792 = CARTESIAN_POINT('',(2.225,0.125,0.));
#5793 = DIRECTION('',(3.445092848398E-16,1.,0.));
#5794 = DIRECTION('',(1.,-3.445092848398E-16,0.));
#5795 = ADVANCED_FACE('',(#5796),#5830,.F.);
#5796 = FACE_BOUND('',#5797,.F.);
#5797 = EDGE_LOOP('',(#5798,#5808,#5816,#5822,#5823,#5824));
#5798 = ORIENTED_EDGE('',*,*,#5799,.F.);
#5799 = EDGE_CURVE('',#5800,#5802,#5804,.T.);
#5800 = VERTEX_POINT('',#5801);
#5801 = CARTESIAN_POINT('',(2.5,-0.125,0.));
#5802 = VERTEX_POINT('',#5803);
#5803 = CARTESIAN_POINT('',(2.225,-0.125,0.));
#5804 = LINE('',#5805,#5806);
#5805 = CARTESIAN_POINT('',(2.5,-0.125,0.));
#5806 = VECTOR('',#5807,1.);
#5807 = DIRECTION('',(-1.,3.445092848398E-16,0.));
#5808 = ORIENTED_EDGE('',*,*,#5809,.T.);
#5809 = EDGE_CURVE('',#5800,#5810,#5812,.T.);
#5810 = VERTEX_POINT('',#5811);
#5811 = CARTESIAN_POINT('',(2.5,-0.125,0.2));
#5812 = LINE('',#5813,#5814);
#5813 = CARTESIAN_POINT('',(2.5,-0.125,0.));
#5814 = VECTOR('',#5815,1.);
#5815 = DIRECTION('',(0.,0.,1.));
#5816 = ORIENTED_EDGE('',*,*,#5817,.T.);
#5817 = EDGE_CURVE('',#5810,#5294,#5818,.T.);
#5818 = LINE('',#5819,#5820);
#5819 = CARTESIAN_POINT('',(2.5,-0.125,0.2));
#5820 = VECTOR('',#5821,1.);
#5821 = DIRECTION('',(-1.,3.445092848398E-16,0.));
#5822 = ORIENTED_EDGE('',*,*,#5301,.T.);
#5823 = ORIENTED_EDGE('',*,*,#3710,.F.);
#5824 = ORIENTED_EDGE('',*,*,#5825,.F.);
#5825 = EDGE_CURVE('',#5802,#3702,#5826,.T.);
#5826 = LINE('',#5827,#5828);
#5827 = CARTESIAN_POINT('',(2.225,-0.125,0.));
#5828 = VECTOR('',#5829,1.);
#5829 = DIRECTION('',(0.,0.,1.));
#5830 = PLANE('',#5831);
#5831 = AXIS2_PLACEMENT_3D('',#5832,#5833,#5834);
#5832 = CARTESIAN_POINT('',(2.5,-0.125,0.));
#5833 = DIRECTION('',(-3.445092848398E-16,-1.,0.));
#5834 = DIRECTION('',(-1.,3.445092848398E-16,0.));
#5835 = ADVANCED_FACE('',(#5836),#5855,.T.);
#5836 = FACE_BOUND('',#5837,.T.);
#5837 = EDGE_LOOP('',(#5838,#5846,#5847,#5848));
#5838 = ORIENTED_EDGE('',*,*,#5839,.T.);
#5839 = EDGE_CURVE('',#5840,#3694,#5842,.T.);
#5840 = VERTEX_POINT('',#5841);
#5841 = CARTESIAN_POINT('',(2.225,-0.375,0.));
#5842 = LINE('',#5843,#5844);
#5843 = CARTESIAN_POINT('',(2.225,-0.375,0.));
#5844 = VECTOR('',#5845,1.);
#5845 = DIRECTION('',(0.,0.,1.));
#5846 = ORIENTED_EDGE('',*,*,#3701,.T.);
#5847 = ORIENTED_EDGE('',*,*,#5825,.F.);
#5848 = ORIENTED_EDGE('',*,*,#5849,.T.);
#5849 = EDGE_CURVE('',#5802,#5840,#5850,.T.);
#5850 = CIRCLE('',#5851,0.125);
#5851 = AXIS2_PLACEMENT_3D('',#5852,#5853,#5854);
#5852 = CARTESIAN_POINT('',(2.225,-0.25,0.));
#5853 = DIRECTION('',(0.,-0.,1.));
#5854 = DIRECTION('',(3.445092848398E-16,1.,0.));
#5855 = CYLINDRICAL_SURFACE('',#5856,0.125);
#5856 = AXIS2_PLACEMENT_3D('',#5857,#5858,#5859);
#5857 = CARTESIAN_POINT('',(2.225,-0.25,0.));
#5858 = DIRECTION('',(0.,-0.,-1.));
#5859 = DIRECTION('',(3.445092848398E-16,1.,0.));
#5860 = ADVANCED_FACE('',(#5861),#5888,.F.);
#5861 = FACE_BOUND('',#5862,.F.);
#5862 = EDGE_LOOP('',(#5863,#5871,#5872,#5873,#5874,#5882));
#5863 = ORIENTED_EDGE('',*,*,#5864,.F.);
#5864 = EDGE_CURVE('',#5840,#5865,#5867,.T.);
#5865 = VERTEX_POINT('',#5866);
#5866 = CARTESIAN_POINT('',(2.5,-0.375,0.));
#5867 = LINE('',#5868,#5869);
#5868 = CARTESIAN_POINT('',(2.225,-0.375,0.));
#5869 = VECTOR('',#5870,1.);
#5870 = DIRECTION('',(1.,-3.445092848398E-16,0.));
#5871 = ORIENTED_EDGE('',*,*,#5839,.T.);
#5872 = ORIENTED_EDGE('',*,*,#3693,.F.);
#5873 = ORIENTED_EDGE('',*,*,#5285,.T.);
#5874 = ORIENTED_EDGE('',*,*,#5875,.T.);
#5875 = EDGE_CURVE('',#5286,#5876,#5878,.T.);
#5876 = VERTEX_POINT('',#5877);
#5877 = CARTESIAN_POINT('',(2.5,-0.375,0.2));
#5878 = LINE('',#5879,#5880);
#5879 = CARTESIAN_POINT('',(2.225,-0.375,0.2));
#5880 = VECTOR('',#5881,1.);
#5881 = DIRECTION('',(1.,-3.445092848398E-16,0.));
#5882 = ORIENTED_EDGE('',*,*,#5883,.F.);
#5883 = EDGE_CURVE('',#5865,#5876,#5884,.T.);
#5884 = LINE('',#5885,#5886);
#5885 = CARTESIAN_POINT('',(2.5,-0.375,0.));
#5886 = VECTOR('',#5887,1.);
#5887 = DIRECTION('',(0.,0.,1.));
#5888 = PLANE('',#5889);
#5889 = AXIS2_PLACEMENT_3D('',#5890,#5891,#5892);
#5890 = CARTESIAN_POINT('',(2.225,-0.375,0.));
#5891 = DIRECTION('',(3.445092848398E-16,1.,0.));
#5892 = DIRECTION('',(1.,-3.445092848398E-16,0.));
#5893 = ADVANCED_FACE('',(#5894),#5928,.F.);
#5894 = FACE_BOUND('',#5895,.F.);
#5895 = EDGE_LOOP('',(#5896,#5906,#5914,#5920,#5921,#5922));
#5896 = ORIENTED_EDGE('',*,*,#5897,.F.);
#5897 = EDGE_CURVE('',#5898,#5900,#5902,.T.);
#5898 = VERTEX_POINT('',#5899);
#5899 = CARTESIAN_POINT('',(2.5,-0.625,0.));
#5900 = VERTEX_POINT('',#5901);
#5901 = CARTESIAN_POINT('',(2.225,-0.625,0.));
#5902 = LINE('',#5903,#5904);
#5903 = CARTESIAN_POINT('',(2.5,-0.625,0.));
#5904 = VECTOR('',#5905,1.);
#5905 = DIRECTION('',(-1.,3.445092848398E-16,0.));
#5906 = ORIENTED_EDGE('',*,*,#5907,.T.);
#5907 = EDGE_CURVE('',#5898,#5908,#5910,.T.);
#5908 = VERTEX_POINT('',#5909);
#5909 = CARTESIAN_POINT('',(2.5,-0.625,0.2));
#5910 = LINE('',#5911,#5912);
#5911 = CARTESIAN_POINT('',(2.5,-0.625,0.));
#5912 = VECTOR('',#5913,1.);
#5913 = DIRECTION('',(0.,0.,1.));
#5914 = ORIENTED_EDGE('',*,*,#5915,.T.);
#5915 = EDGE_CURVE('',#5908,#5271,#5916,.T.);
#5916 = LINE('',#5917,#5918);
#5917 = CARTESIAN_POINT('',(2.5,-0.625,0.2));
#5918 = VECTOR('',#5919,1.);
#5919 = DIRECTION('',(-1.,3.445092848398E-16,0.));
#5920 = ORIENTED_EDGE('',*,*,#5278,.T.);
#5921 = ORIENTED_EDGE('',*,*,#3677,.F.);
#5922 = ORIENTED_EDGE('',*,*,#5923,.F.);
#5923 = EDGE_CURVE('',#5900,#3669,#5924,.T.);
#5924 = LINE('',#5925,#5926);
#5925 = CARTESIAN_POINT('',(2.225,-0.625,0.));
#5926 = VECTOR('',#5927,1.);
#5927 = DIRECTION('',(0.,0.,1.));
#5928 = PLANE('',#5929);
#5929 = AXIS2_PLACEMENT_3D('',#5930,#5931,#5932);
#5930 = CARTESIAN_POINT('',(2.5,-0.625,0.));
#5931 = DIRECTION('',(-3.445092848398E-16,-1.,0.));
#5932 = DIRECTION('',(-1.,3.445092848398E-16,0.));
#5933 = ADVANCED_FACE('',(#5934),#5953,.T.);
#5934 = FACE_BOUND('',#5935,.T.);
#5935 = EDGE_LOOP('',(#5936,#5944,#5945,#5946));
#5936 = ORIENTED_EDGE('',*,*,#5937,.T.);
#5937 = EDGE_CURVE('',#5938,#3661,#5940,.T.);
#5938 = VERTEX_POINT('',#5939);
#5939 = CARTESIAN_POINT('',(2.225,-0.875,0.));
#5940 = LINE('',#5941,#5942);
#5941 = CARTESIAN_POINT('',(2.225,-0.875,0.));
#5942 = VECTOR('',#5943,1.);
#5943 = DIRECTION('',(0.,0.,1.));
#5944 = ORIENTED_EDGE('',*,*,#3668,.T.);
#5945 = ORIENTED_EDGE('',*,*,#5923,.F.);
#5946 = ORIENTED_EDGE('',*,*,#5947,.T.);
#5947 = EDGE_CURVE('',#5900,#5938,#5948,.T.);
#5948 = CIRCLE('',#5949,0.125);
#5949 = AXIS2_PLACEMENT_3D('',#5950,#5951,#5952);
#5950 = CARTESIAN_POINT('',(2.225,-0.75,0.));
#5951 = DIRECTION('',(0.,-0.,1.));
#5952 = DIRECTION('',(3.445092848398E-16,1.,0.));
#5953 = CYLINDRICAL_SURFACE('',#5954,0.125);
#5954 = AXIS2_PLACEMENT_3D('',#5955,#5956,#5957);
#5955 = CARTESIAN_POINT('',(2.225,-0.75,0.));
#5956 = DIRECTION('',(0.,-0.,-1.));
#5957 = DIRECTION('',(3.445092848398E-16,1.,0.));
#5958 = ADVANCED_FACE('',(#5959),#5986,.F.);
#5959 = FACE_BOUND('',#5960,.F.);
#5960 = EDGE_LOOP('',(#5961,#5969,#5970,#5971,#5972,#5980));
#5961 = ORIENTED_EDGE('',*,*,#5962,.F.);
#5962 = EDGE_CURVE('',#5938,#5963,#5965,.T.);
#5963 = VERTEX_POINT('',#5964);
#5964 = CARTESIAN_POINT('',(2.5,-0.875,0.));
#5965 = LINE('',#5966,#5967);
#5966 = CARTESIAN_POINT('',(2.225,-0.875,0.));
#5967 = VECTOR('',#5968,1.);
#5968 = DIRECTION('',(1.,-3.445092848398E-16,0.));
#5969 = ORIENTED_EDGE('',*,*,#5937,.T.);
#5970 = ORIENTED_EDGE('',*,*,#3660,.F.);
#5971 = ORIENTED_EDGE('',*,*,#5262,.T.);
#5972 = ORIENTED_EDGE('',*,*,#5973,.T.);
#5973 = EDGE_CURVE('',#5263,#5974,#5976,.T.);
#5974 = VERTEX_POINT('',#5975);
#5975 = CARTESIAN_POINT('',(2.5,-0.875,0.2));
#5976 = LINE('',#5977,#5978);
#5977 = CARTESIAN_POINT('',(2.225,-0.875,0.2));
#5978 = VECTOR('',#5979,1.);
#5979 = DIRECTION('',(1.,-3.445092848398E-16,0.));
#5980 = ORIENTED_EDGE('',*,*,#5981,.F.);
#5981 = EDGE_CURVE('',#5963,#5974,#5982,.T.);
#5982 = LINE('',#5983,#5984);
#5983 = CARTESIAN_POINT('',(2.5,-0.875,0.));
#5984 = VECTOR('',#5985,1.);
#5985 = DIRECTION('',(0.,0.,1.));
#5986 = PLANE('',#5987);
#5987 = AXIS2_PLACEMENT_3D('',#5988,#5989,#5990);
#5988 = CARTESIAN_POINT('',(2.225,-0.875,0.));
#5989 = DIRECTION('',(3.445092848398E-16,1.,0.));
#5990 = DIRECTION('',(1.,-3.445092848398E-16,0.));
#5991 = ADVANCED_FACE('',(#5992),#6026,.F.);
#5992 = FACE_BOUND('',#5993,.F.);
#5993 = EDGE_LOOP('',(#5994,#6004,#6012,#6018,#6019,#6020));
#5994 = ORIENTED_EDGE('',*,*,#5995,.F.);
#5995 = EDGE_CURVE('',#5996,#5998,#6000,.T.);
#5996 = VERTEX_POINT('',#5997);
#5997 = CARTESIAN_POINT('',(2.5,-1.125,0.));
#5998 = VERTEX_POINT('',#5999);
#5999 = CARTESIAN_POINT('',(2.225,-1.125,0.));
#6000 = LINE('',#6001,#6002);
#6001 = CARTESIAN_POINT('',(2.5,-1.125,0.));
#6002 = VECTOR('',#6003,1.);
#6003 = DIRECTION('',(-1.,3.445092848398E-16,0.));
#6004 = ORIENTED_EDGE('',*,*,#6005,.T.);
#6005 = EDGE_CURVE('',#5996,#6006,#6008,.T.);
#6006 = VERTEX_POINT('',#6007);
#6007 = CARTESIAN_POINT('',(2.5,-1.125,0.2));
#6008 = LINE('',#6009,#6010);
#6009 = CARTESIAN_POINT('',(2.5,-1.125,0.));
#6010 = VECTOR('',#6011,1.);
#6011 = DIRECTION('',(0.,0.,1.));
#6012 = ORIENTED_EDGE('',*,*,#6013,.T.);
#6013 = EDGE_CURVE('',#6006,#5248,#6014,.T.);
#6014 = LINE('',#6015,#6016);
#6015 = CARTESIAN_POINT('',(2.5,-1.125,0.2));
#6016 = VECTOR('',#6017,1.);
#6017 = DIRECTION('',(-1.,3.445092848398E-16,0.));
#6018 = ORIENTED_EDGE('',*,*,#5255,.T.);
#6019 = ORIENTED_EDGE('',*,*,#3644,.F.);
#6020 = ORIENTED_EDGE('',*,*,#6021,.F.);
#6021 = EDGE_CURVE('',#5998,#3636,#6022,.T.);
#6022 = LINE('',#6023,#6024);
#6023 = CARTESIAN_POINT('',(2.225,-1.125,0.));
#6024 = VECTOR('',#6025,1.);
#6025 = DIRECTION('',(0.,0.,1.));
#6026 = PLANE('',#6027);
#6027 = AXIS2_PLACEMENT_3D('',#6028,#6029,#6030);
#6028 = CARTESIAN_POINT('',(2.5,-1.125,0.));
#6029 = DIRECTION('',(-3.445092848398E-16,-1.,0.));
#6030 = DIRECTION('',(-1.,3.445092848398E-16,0.));
#6031 = ADVANCED_FACE('',(#6032),#6051,.T.);
#6032 = FACE_BOUND('',#6033,.T.);
#6033 = EDGE_LOOP('',(#6034,#6042,#6043,#6044));
#6034 = ORIENTED_EDGE('',*,*,#6035,.T.);
#6035 = EDGE_CURVE('',#6036,#3628,#6038,.T.);
#6036 = VERTEX_POINT('',#6037);
#6037 = CARTESIAN_POINT('',(2.225,-1.375,0.));
#6038 = LINE('',#6039,#6040);
#6039 = CARTESIAN_POINT('',(2.225,-1.375,0.));
#6040 = VECTOR('',#6041,1.);
#6041 = DIRECTION('',(0.,0.,1.));
#6042 = ORIENTED_EDGE('',*,*,#3635,.T.);
#6043 = ORIENTED_EDGE('',*,*,#6021,.F.);
#6044 = ORIENTED_EDGE('',*,*,#6045,.T.);
#6045 = EDGE_CURVE('',#5998,#6036,#6046,.T.);
#6046 = CIRCLE('',#6047,0.125);
#6047 = AXIS2_PLACEMENT_3D('',#6048,#6049,#6050);
#6048 = CARTESIAN_POINT('',(2.225,-1.25,0.));
#6049 = DIRECTION('',(0.,-0.,1.));
#6050 = DIRECTION('',(3.445092848398E-16,1.,0.));
#6051 = CYLINDRICAL_SURFACE('',#6052,0.125);
#6052 = AXIS2_PLACEMENT_3D('',#6053,#6054,#6055);
#6053 = CARTESIAN_POINT('',(2.225,-1.25,0.));
#6054 = DIRECTION('',(0.,-0.,-1.));
#6055 = DIRECTION('',(3.445092848398E-16,1.,0.));
#6056 = ADVANCED_FACE('',(#6057),#6084,.F.);
#6057 = FACE_BOUND('',#6058,.F.);
#6058 = EDGE_LOOP('',(#6059,#6067,#6068,#6069,#6070,#6078));
#6059 = ORIENTED_EDGE('',*,*,#6060,.F.);
#6060 = EDGE_CURVE('',#6036,#6061,#6063,.T.);
#6061 = VERTEX_POINT('',#6062);
#6062 = CARTESIAN_POINT('',(2.5,-1.375,0.));
#6063 = LINE('',#6064,#6065);
#6064 = CARTESIAN_POINT('',(2.225,-1.375,0.));
#6065 = VECTOR('',#6066,1.);
#6066 = DIRECTION('',(1.,-3.445092848398E-16,0.));
#6067 = ORIENTED_EDGE('',*,*,#6035,.T.);
#6068 = ORIENTED_EDGE('',*,*,#3627,.F.);
#6069 = ORIENTED_EDGE('',*,*,#5239,.T.);
#6070 = ORIENTED_EDGE('',*,*,#6071,.T.);
#6071 = EDGE_CURVE('',#5240,#6072,#6074,.T.);
#6072 = VERTEX_POINT('',#6073);
#6073 = CARTESIAN_POINT('',(2.5,-1.375,0.2));
#6074 = LINE('',#6075,#6076);
#6075 = CARTESIAN_POINT('',(2.225,-1.375,0.2));
#6076 = VECTOR('',#6077,1.);
#6077 = DIRECTION('',(1.,-3.445092848398E-16,0.));
#6078 = ORIENTED_EDGE('',*,*,#6079,.F.);
#6079 = EDGE_CURVE('',#6061,#6072,#6080,.T.);
#6080 = LINE('',#6081,#6082);
#6081 = CARTESIAN_POINT('',(2.5,-1.375,0.));
#6082 = VECTOR('',#6083,1.);
#6083 = DIRECTION('',(0.,0.,1.));
#6084 = PLANE('',#6085);
#6085 = AXIS2_PLACEMENT_3D('',#6086,#6087,#6088);
#6086 = CARTESIAN_POINT('',(2.225,-1.375,0.));
#6087 = DIRECTION('',(3.445092848398E-16,1.,0.));
#6088 = DIRECTION('',(1.,-3.445092848398E-16,0.));
#6089 = ADVANCED_FACE('',(#6090),#6124,.F.);
#6090 = FACE_BOUND('',#6091,.F.);
#6091 = EDGE_LOOP('',(#6092,#6102,#6110,#6116,#6117,#6118));
#6092 = ORIENTED_EDGE('',*,*,#6093,.F.);
#6093 = EDGE_CURVE('',#6094,#6096,#6098,.T.);
#6094 = VERTEX_POINT('',#6095);
#6095 = CARTESIAN_POINT('',(2.5,-1.625,0.));
#6096 = VERTEX_POINT('',#6097);
#6097 = CARTESIAN_POINT('',(2.225,-1.625,0.));
#6098 = LINE('',#6099,#6100);
#6099 = CARTESIAN_POINT('',(2.5,-1.625,0.));
#6100 = VECTOR('',#6101,1.);
#6101 = DIRECTION('',(-1.,3.445092848398E-16,0.));
#6102 = ORIENTED_EDGE('',*,*,#6103,.T.);
#6103 = EDGE_CURVE('',#6094,#6104,#6106,.T.);
#6104 = VERTEX_POINT('',#6105);
#6105 = CARTESIAN_POINT('',(2.5,-1.625,0.2));
#6106 = LINE('',#6107,#6108);
#6107 = CARTESIAN_POINT('',(2.5,-1.625,0.));
#6108 = VECTOR('',#6109,1.);
#6109 = DIRECTION('',(0.,0.,1.));
#6110 = ORIENTED_EDGE('',*,*,#6111,.T.);
#6111 = EDGE_CURVE('',#6104,#5225,#6112,.T.);
#6112 = LINE('',#6113,#6114);
#6113 = CARTESIAN_POINT('',(2.5,-1.625,0.2));
#6114 = VECTOR('',#6115,1.);
#6115 = DIRECTION('',(-1.,3.445092848398E-16,0.));
#6116 = ORIENTED_EDGE('',*,*,#5232,.T.);
#6117 = ORIENTED_EDGE('',*,*,#3611,.F.);
#6118 = ORIENTED_EDGE('',*,*,#6119,.F.);
#6119 = EDGE_CURVE('',#6096,#3603,#6120,.T.);
#6120 = LINE('',#6121,#6122);
#6121 = CARTESIAN_POINT('',(2.225,-1.625,0.));
#6122 = VECTOR('',#6123,1.);
#6123 = DIRECTION('',(0.,0.,1.));
#6124 = PLANE('',#6125);
#6125 = AXIS2_PLACEMENT_3D('',#6126,#6127,#6128);
#6126 = CARTESIAN_POINT('',(2.5,-1.625,0.));
#6127 = DIRECTION('',(-3.445092848398E-16,-1.,0.));
#6128 = DIRECTION('',(-1.,3.445092848398E-16,0.));
#6129 = ADVANCED_FACE('',(#6130),#6149,.T.);
#6130 = FACE_BOUND('',#6131,.T.);
#6131 = EDGE_LOOP('',(#6132,#6140,#6141,#6142));
#6132 = ORIENTED_EDGE('',*,*,#6133,.T.);
#6133 = EDGE_CURVE('',#6134,#3595,#6136,.T.);
#6134 = VERTEX_POINT('',#6135);
#6135 = CARTESIAN_POINT('',(2.225,-1.875,0.));
#6136 = LINE('',#6137,#6138);
#6137 = CARTESIAN_POINT('',(2.225,-1.875,0.));
#6138 = VECTOR('',#6139,1.);
#6139 = DIRECTION('',(0.,0.,1.));
#6140 = ORIENTED_EDGE('',*,*,#3602,.T.);
#6141 = ORIENTED_EDGE('',*,*,#6119,.F.);
#6142 = ORIENTED_EDGE('',*,*,#6143,.T.);
#6143 = EDGE_CURVE('',#6096,#6134,#6144,.T.);
#6144 = CIRCLE('',#6145,0.125);
#6145 = AXIS2_PLACEMENT_3D('',#6146,#6147,#6148);
#6146 = CARTESIAN_POINT('',(2.225,-1.75,0.));
#6147 = DIRECTION('',(0.,-0.,1.));
#6148 = DIRECTION('',(3.445092848398E-16,1.,0.));
#6149 = CYLINDRICAL_SURFACE('',#6150,0.125);
#6150 = AXIS2_PLACEMENT_3D('',#6151,#6152,#6153);
#6151 = CARTESIAN_POINT('',(2.225,-1.75,0.));
#6152 = DIRECTION('',(0.,-0.,-1.));
#6153 = DIRECTION('',(3.445092848398E-16,1.,0.));
#6154 = ADVANCED_FACE('',(#6155),#6182,.F.);
#6155 = FACE_BOUND('',#6156,.F.);
#6156 = EDGE_LOOP('',(#6157,#6165,#6166,#6167,#6168,#6176));
#6157 = ORIENTED_EDGE('',*,*,#6158,.F.);
#6158 = EDGE_CURVE('',#6134,#6159,#6161,.T.);
#6159 = VERTEX_POINT('',#6160);
#6160 = CARTESIAN_POINT('',(2.5,-1.875,0.));
#6161 = LINE('',#6162,#6163);
#6162 = CARTESIAN_POINT('',(2.225,-1.875,0.));
#6163 = VECTOR('',#6164,1.);
#6164 = DIRECTION('',(1.,-3.445092848398E-16,0.));
#6165 = ORIENTED_EDGE('',*,*,#6133,.T.);
#6166 = ORIENTED_EDGE('',*,*,#3594,.F.);
#6167 = ORIENTED_EDGE('',*,*,#5216,.T.);
#6168 = ORIENTED_EDGE('',*,*,#6169,.T.);
#6169 = EDGE_CURVE('',#5217,#6170,#6172,.T.);
#6170 = VERTEX_POINT('',#6171);
#6171 = CARTESIAN_POINT('',(2.5,-1.875,0.2));
#6172 = LINE('',#6173,#6174);
#6173 = CARTESIAN_POINT('',(2.225,-1.875,0.2));
#6174 = VECTOR('',#6175,1.);
#6175 = DIRECTION('',(1.,-3.445092848398E-16,0.));
#6176 = ORIENTED_EDGE('',*,*,#6177,.F.);
#6177 = EDGE_CURVE('',#6159,#6170,#6178,.T.);
#6178 = LINE('',#6179,#6180);
#6179 = CARTESIAN_POINT('',(2.5,-1.875,0.));
#6180 = VECTOR('',#6181,1.);
#6181 = DIRECTION('',(0.,0.,1.));
#6182 = PLANE('',#6183);
#6183 = AXIS2_PLACEMENT_3D('',#6184,#6185,#6186);
#6184 = CARTESIAN_POINT('',(2.225,-1.875,0.));
#6185 = DIRECTION('',(3.445092848398E-16,1.,0.));
#6186 = DIRECTION('',(1.,-3.445092848398E-16,0.));
#6187 = ADVANCED_FACE('',(#6188),#6390,.T.);
#6188 = FACE_BOUND('',#6189,.T.);
#6189 = EDGE_LOOP('',(#6190,#6198,#6204,#6205,#6213,#6221,#6227,#6228,
    #6236,#6244,#6250,#6251,#6259,#6267,#6273,#6274,#6282,#6290,#6296,
    #6297,#6305,#6313,#6319,#6320,#6328,#6336,#6342,#6343,#6351,#6359,
    #6365,#6366,#6374,#6382,#6388,#6389));
#6190 = ORIENTED_EDGE('',*,*,#6191,.F.);
#6191 = EDGE_CURVE('',#6192,#5202,#6194,.T.);
#6192 = VERTEX_POINT('',#6193);
#6193 = CARTESIAN_POINT('',(-2.4875,-2.4875,0.875));
#6194 = LINE('',#6195,#6196);
#6195 = CARTESIAN_POINT('',(-2.4875,-2.4875,0.875));
#6196 = VECTOR('',#6197,1.);
#6197 = DIRECTION('',(1.,-2.22044604925E-16,0.));
#6198 = ORIENTED_EDGE('',*,*,#6199,.F.);
#6199 = EDGE_CURVE('',#3307,#6192,#6200,.T.);
#6200 = LINE('',#6201,#6202);
#6201 = CARTESIAN_POINT('',(-2.4875,-2.4875,2.5E-02));
#6202 = VECTOR('',#6203,1.);
#6203 = DIRECTION('',(0.,0.,1.));
#6204 = ORIENTED_EDGE('',*,*,#3314,.T.);
#6205 = ORIENTED_EDGE('',*,*,#6206,.T.);
#6206 = EDGE_CURVE('',#3315,#6207,#6209,.T.);
#6207 = VERTEX_POINT('',#6208);
#6208 = CARTESIAN_POINT('',(-1.875,-2.4875,0.2));
#6209 = LINE('',#6210,#6211);
#6210 = CARTESIAN_POINT('',(-1.875,-2.4875,1.25E-02));
#6211 = VECTOR('',#6212,1.);
#6212 = DIRECTION('',(0.,0.,1.));
#6213 = ORIENTED_EDGE('',*,*,#6214,.F.);
#6214 = EDGE_CURVE('',#6215,#6207,#6217,.T.);
#6215 = VERTEX_POINT('',#6216);
#6216 = CARTESIAN_POINT('',(-1.625,-2.4875,0.2));
#6217 = LINE('',#6218,#6219);
#6218 = CARTESIAN_POINT('',(-2.11875,-2.4875,0.2));
#6219 = VECTOR('',#6220,1.);
#6220 = DIRECTION('',(-1.,2.22044604925E-16,0.));
#6221 = ORIENTED_EDGE('',*,*,#6222,.T.);
#6222 = EDGE_CURVE('',#6215,#3340,#6223,.T.);
#6223 = LINE('',#6224,#6225);
#6224 = CARTESIAN_POINT('',(-1.625,-2.4875,1.25E-02));
#6225 = VECTOR('',#6226,1.);
#6226 = DIRECTION('',(-0.,0.,-1.));
#6227 = ORIENTED_EDGE('',*,*,#3347,.T.);
#6228 = ORIENTED_EDGE('',*,*,#6229,.T.);
#6229 = EDGE_CURVE('',#3348,#6230,#6232,.T.);
#6230 = VERTEX_POINT('',#6231);
#6231 = CARTESIAN_POINT('',(-1.375,-2.4875,0.2));
#6232 = LINE('',#6233,#6234);
#6233 = CARTESIAN_POINT('',(-1.375,-2.4875,1.25E-02));
#6234 = VECTOR('',#6235,1.);
#6235 = DIRECTION('',(0.,0.,1.));
#6236 = ORIENTED_EDGE('',*,*,#6237,.F.);
#6237 = EDGE_CURVE('',#6238,#6230,#6240,.T.);
#6238 = VERTEX_POINT('',#6239);
#6239 = CARTESIAN_POINT('',(-1.125,-2.4875,0.2));
#6240 = LINE('',#6241,#6242);
#6241 = CARTESIAN_POINT('',(-1.86875,-2.4875,0.2));
#6242 = VECTOR('',#6243,1.);
#6243 = DIRECTION('',(-1.,2.22044604925E-16,0.));
#6244 = ORIENTED_EDGE('',*,*,#6245,.T.);
#6245 = EDGE_CURVE('',#6238,#3373,#6246,.T.);
#6246 = LINE('',#6247,#6248);
#6247 = CARTESIAN_POINT('',(-1.125,-2.4875,1.25E-02));
#6248 = VECTOR('',#6249,1.);
#6249 = DIRECTION('',(-0.,0.,-1.));
#6250 = ORIENTED_EDGE('',*,*,#3380,.T.);
#6251 = ORIENTED_EDGE('',*,*,#6252,.T.);
#6252 = EDGE_CURVE('',#3381,#6253,#6255,.T.);
#6253 = VERTEX_POINT('',#6254);
#6254 = CARTESIAN_POINT('',(-0.875,-2.4875,0.2));
#6255 = LINE('',#6256,#6257);
#6256 = CARTESIAN_POINT('',(-0.875,-2.4875,1.25E-02));
#6257 = VECTOR('',#6258,1.);
#6258 = DIRECTION('',(0.,0.,1.));
#6259 = ORIENTED_EDGE('',*,*,#6260,.F.);
#6260 = EDGE_CURVE('',#6261,#6253,#6263,.T.);
#6261 = VERTEX_POINT('',#6262);
#6262 = CARTESIAN_POINT('',(-0.625,-2.4875,0.2));
#6263 = LINE('',#6264,#6265);
#6264 = CARTESIAN_POINT('',(-1.61875,-2.4875,0.2));
#6265 = VECTOR('',#6266,1.);
#6266 = DIRECTION('',(-1.,2.22044604925E-16,0.));
#6267 = ORIENTED_EDGE('',*,*,#6268,.T.);
#6268 = EDGE_CURVE('',#6261,#3406,#6269,.T.);
#6269 = LINE('',#6270,#6271);
#6270 = CARTESIAN_POINT('',(-0.625,-2.4875,1.25E-02));
#6271 = VECTOR('',#6272,1.);
#6272 = DIRECTION('',(-0.,0.,-1.));
#6273 = ORIENTED_EDGE('',*,*,#3413,.T.);
#6274 = ORIENTED_EDGE('',*,*,#6275,.T.);
#6275 = EDGE_CURVE('',#3414,#6276,#6278,.T.);
#6276 = VERTEX_POINT('',#6277);
#6277 = CARTESIAN_POINT('',(-0.375,-2.4875,0.2));
#6278 = LINE('',#6279,#6280);
#6279 = CARTESIAN_POINT('',(-0.375,-2.4875,1.25E-02));
#6280 = VECTOR('',#6281,1.);
#6281 = DIRECTION('',(0.,0.,1.));
#6282 = ORIENTED_EDGE('',*,*,#6283,.F.);
#6283 = EDGE_CURVE('',#6284,#6276,#6286,.T.);
#6284 = VERTEX_POINT('',#6285);
#6285 = CARTESIAN_POINT('',(-0.125,-2.4875,0.2));
#6286 = LINE('',#6287,#6288);
#6287 = CARTESIAN_POINT('',(-1.36875,-2.4875,0.2));
#6288 = VECTOR('',#6289,1.);
#6289 = DIRECTION('',(-1.,2.22044604925E-16,0.));
#6290 = ORIENTED_EDGE('',*,*,#6291,.T.);
#6291 = EDGE_CURVE('',#6284,#3439,#6292,.T.);
#6292 = LINE('',#6293,#6294);
#6293 = CARTESIAN_POINT('',(-0.125,-2.4875,1.25E-02));
#6294 = VECTOR('',#6295,1.);
#6295 = DIRECTION('',(-0.,0.,-1.));
#6296 = ORIENTED_EDGE('',*,*,#3446,.T.);
#6297 = ORIENTED_EDGE('',*,*,#6298,.T.);
#6298 = EDGE_CURVE('',#3447,#6299,#6301,.T.);
#6299 = VERTEX_POINT('',#6300);
#6300 = CARTESIAN_POINT('',(0.125,-2.4875,0.2));
#6301 = LINE('',#6302,#6303);
#6302 = CARTESIAN_POINT('',(0.125,-2.4875,1.25E-02));
#6303 = VECTOR('',#6304,1.);
#6304 = DIRECTION('',(0.,0.,1.));
#6305 = ORIENTED_EDGE('',*,*,#6306,.F.);
#6306 = EDGE_CURVE('',#6307,#6299,#6309,.T.);
#6307 = VERTEX_POINT('',#6308);
#6308 = CARTESIAN_POINT('',(0.375,-2.4875,0.2));
#6309 = LINE('',#6310,#6311);
#6310 = CARTESIAN_POINT('',(-1.11875,-2.4875,0.2));
#6311 = VECTOR('',#6312,1.);
#6312 = DIRECTION('',(-1.,2.22044604925E-16,0.));
#6313 = ORIENTED_EDGE('',*,*,#6314,.T.);
#6314 = EDGE_CURVE('',#6307,#3472,#6315,.T.);
#6315 = LINE('',#6316,#6317);
#6316 = CARTESIAN_POINT('',(0.375,-2.4875,1.25E-02));
#6317 = VECTOR('',#6318,1.);
#6318 = DIRECTION('',(-0.,0.,-1.));
#6319 = ORIENTED_EDGE('',*,*,#3479,.T.);
#6320 = ORIENTED_EDGE('',*,*,#6321,.T.);
#6321 = EDGE_CURVE('',#3480,#6322,#6324,.T.);
#6322 = VERTEX_POINT('',#6323);
#6323 = CARTESIAN_POINT('',(0.625,-2.4875,0.2));
#6324 = LINE('',#6325,#6326);
#6325 = CARTESIAN_POINT('',(0.625,-2.4875,1.25E-02));
#6326 = VECTOR('',#6327,1.);
#6327 = DIRECTION('',(0.,0.,1.));
#6328 = ORIENTED_EDGE('',*,*,#6329,.F.);
#6329 = EDGE_CURVE('',#6330,#6322,#6332,.T.);
#6330 = VERTEX_POINT('',#6331);
#6331 = CARTESIAN_POINT('',(0.875,-2.4875,0.2));
#6332 = LINE('',#6333,#6334);
#6333 = CARTESIAN_POINT('',(-0.86875,-2.4875,0.2));
#6334 = VECTOR('',#6335,1.);
#6335 = DIRECTION('',(-1.,2.22044604925E-16,0.));
#6336 = ORIENTED_EDGE('',*,*,#6337,.T.);
#6337 = EDGE_CURVE('',#6330,#3505,#6338,.T.);
#6338 = LINE('',#6339,#6340);
#6339 = CARTESIAN_POINT('',(0.875,-2.4875,1.25E-02));
#6340 = VECTOR('',#6341,1.);
#6341 = DIRECTION('',(-0.,0.,-1.));
#6342 = ORIENTED_EDGE('',*,*,#3512,.T.);
#6343 = ORIENTED_EDGE('',*,*,#6344,.T.);
#6344 = EDGE_CURVE('',#3513,#6345,#6347,.T.);
#6345 = VERTEX_POINT('',#6346);
#6346 = CARTESIAN_POINT('',(1.125,-2.4875,0.2));
#6347 = LINE('',#6348,#6349);
#6348 = CARTESIAN_POINT('',(1.125,-2.4875,1.25E-02));
#6349 = VECTOR('',#6350,1.);
#6350 = DIRECTION('',(0.,0.,1.));
#6351 = ORIENTED_EDGE('',*,*,#6352,.F.);
#6352 = EDGE_CURVE('',#6353,#6345,#6355,.T.);
#6353 = VERTEX_POINT('',#6354);
#6354 = CARTESIAN_POINT('',(1.375,-2.4875,0.2));
#6355 = LINE('',#6356,#6357);
#6356 = CARTESIAN_POINT('',(-0.61875,-2.4875,0.2));
#6357 = VECTOR('',#6358,1.);
#6358 = DIRECTION('',(-1.,2.22044604925E-16,0.));
#6359 = ORIENTED_EDGE('',*,*,#6360,.T.);
#6360 = EDGE_CURVE('',#6353,#3538,#6361,.T.);
#6361 = LINE('',#6362,#6363);
#6362 = CARTESIAN_POINT('',(1.375,-2.4875,1.25E-02));
#6363 = VECTOR('',#6364,1.);
#6364 = DIRECTION('',(-0.,0.,-1.));
#6365 = ORIENTED_EDGE('',*,*,#3545,.T.);
#6366 = ORIENTED_EDGE('',*,*,#6367,.T.);
#6367 = EDGE_CURVE('',#3546,#6368,#6370,.T.);
#6368 = VERTEX_POINT('',#6369);
#6369 = CARTESIAN_POINT('',(1.625,-2.4875,0.2));
#6370 = LINE('',#6371,#6372);
#6371 = CARTESIAN_POINT('',(1.625,-2.4875,1.25E-02));
#6372 = VECTOR('',#6373,1.);
#6373 = DIRECTION('',(0.,0.,1.));
#6374 = ORIENTED_EDGE('',*,*,#6375,.F.);
#6375 = EDGE_CURVE('',#6376,#6368,#6378,.T.);
#6376 = VERTEX_POINT('',#6377);
#6377 = CARTESIAN_POINT('',(1.875,-2.4875,0.2));
#6378 = LINE('',#6379,#6380);
#6379 = CARTESIAN_POINT('',(-0.36875,-2.4875,0.2));
#6380 = VECTOR('',#6381,1.);
#6381 = DIRECTION('',(-1.,2.22044604925E-16,0.));
#6382 = ORIENTED_EDGE('',*,*,#6383,.T.);
#6383 = EDGE_CURVE('',#6376,#3571,#6384,.T.);
#6384 = LINE('',#6385,#6386);
#6385 = CARTESIAN_POINT('',(1.875,-2.4875,1.25E-02));
#6386 = VECTOR('',#6387,1.);
#6387 = DIRECTION('',(-0.,0.,-1.));
#6388 = ORIENTED_EDGE('',*,*,#3578,.T.);
#6389 = ORIENTED_EDGE('',*,*,#5209,.T.);
#6390 = PLANE('',#6391);
#6391 = AXIS2_PLACEMENT_3D('',#6392,#6393,#6394);
#6392 = CARTESIAN_POINT('',(-2.4875,-2.4875,2.5E-02));
#6393 = DIRECTION('',(-2.22044604925E-16,-1.,0.));
#6394 = DIRECTION('',(0.,0.,1.));
#6395 = ADVANCED_FACE('',(#6396),#6430,.F.);
#6396 = FACE_BOUND('',#6397,.F.);
#6397 = EDGE_LOOP('',(#6398,#6408,#6416,#6422,#6423,#6424));
#6398 = ORIENTED_EDGE('',*,*,#6399,.F.);
#6399 = EDGE_CURVE('',#6400,#6402,#6404,.T.);
#6400 = VERTEX_POINT('',#6401);
#6401 = CARTESIAN_POINT('',(1.875,-2.5,0.));
#6402 = VERTEX_POINT('',#6403);
#6403 = CARTESIAN_POINT('',(1.875,-2.225,0.));
#6404 = LINE('',#6405,#6406);
#6405 = CARTESIAN_POINT('',(1.875,-2.5,0.));
#6406 = VECTOR('',#6407,1.);
#6407 = DIRECTION('',(5.665538897648E-16,1.,0.));
#6408 = ORIENTED_EDGE('',*,*,#6409,.T.);
#6409 = EDGE_CURVE('',#6400,#6410,#6412,.T.);
#6410 = VERTEX_POINT('',#6411);
#6411 = CARTESIAN_POINT('',(1.875,-2.5,0.2));
#6412 = LINE('',#6413,#6414);
#6413 = CARTESIAN_POINT('',(1.875,-2.5,0.));
#6414 = VECTOR('',#6415,1.);
#6415 = DIRECTION('',(0.,0.,1.));
#6416 = ORIENTED_EDGE('',*,*,#6417,.T.);
#6417 = EDGE_CURVE('',#6410,#6376,#6418,.T.);
#6418 = LINE('',#6419,#6420);
#6419 = CARTESIAN_POINT('',(1.875,-2.5,0.2));
#6420 = VECTOR('',#6421,1.);
#6421 = DIRECTION('',(5.665538897648E-16,1.,0.));
#6422 = ORIENTED_EDGE('',*,*,#6383,.T.);
#6423 = ORIENTED_EDGE('',*,*,#3570,.F.);
#6424 = ORIENTED_EDGE('',*,*,#6425,.F.);
#6425 = EDGE_CURVE('',#6402,#3562,#6426,.T.);
#6426 = LINE('',#6427,#6428);
#6427 = CARTESIAN_POINT('',(1.875,-2.225,0.));
#6428 = VECTOR('',#6429,1.);
#6429 = DIRECTION('',(0.,0.,1.));
#6430 = PLANE('',#6431);
#6431 = AXIS2_PLACEMENT_3D('',#6432,#6433,#6434);
#6432 = CARTESIAN_POINT('',(1.875,-2.5,0.));
#6433 = DIRECTION('',(-1.,5.665538897648E-16,0.));
#6434 = DIRECTION('',(5.665538897648E-16,1.,0.));
#6435 = ADVANCED_FACE('',(#6436),#6455,.T.);
#6436 = FACE_BOUND('',#6437,.T.);
#6437 = EDGE_LOOP('',(#6438,#6446,#6447,#6448));
#6438 = ORIENTED_EDGE('',*,*,#6439,.T.);
#6439 = EDGE_CURVE('',#6440,#3554,#6442,.T.);
#6440 = VERTEX_POINT('',#6441);
#6441 = CARTESIAN_POINT('',(1.625,-2.225,0.));
#6442 = LINE('',#6443,#6444);
#6443 = CARTESIAN_POINT('',(1.625,-2.225,0.));
#6444 = VECTOR('',#6445,1.);
#6445 = DIRECTION('',(0.,0.,1.));
#6446 = ORIENTED_EDGE('',*,*,#3561,.T.);
#6447 = ORIENTED_EDGE('',*,*,#6425,.F.);
#6448 = ORIENTED_EDGE('',*,*,#6449,.T.);
#6449 = EDGE_CURVE('',#6402,#6440,#6450,.T.);
#6450 = CIRCLE('',#6451,0.125);
#6451 = AXIS2_PLACEMENT_3D('',#6452,#6453,#6454);
#6452 = CARTESIAN_POINT('',(1.75,-2.225,0.));
#6453 = DIRECTION('',(-0.,0.,1.));
#6454 = DIRECTION('',(1.,-5.665538897648E-16,0.));
#6455 = CYLINDRICAL_SURFACE('',#6456,0.125);
#6456 = AXIS2_PLACEMENT_3D('',#6457,#6458,#6459);
#6457 = CARTESIAN_POINT('',(1.75,-2.225,0.));
#6458 = DIRECTION('',(-0.,0.,-1.));
#6459 = DIRECTION('',(1.,-5.665538897648E-16,-0.));
#6460 = ADVANCED_FACE('',(#6461),#6488,.F.);
#6461 = FACE_BOUND('',#6462,.F.);
#6462 = EDGE_LOOP('',(#6463,#6471,#6472,#6473,#6474,#6482));
#6463 = ORIENTED_EDGE('',*,*,#6464,.F.);
#6464 = EDGE_CURVE('',#6440,#6465,#6467,.T.);
#6465 = VERTEX_POINT('',#6466);
#6466 = CARTESIAN_POINT('',(1.625,-2.5,0.));
#6467 = LINE('',#6468,#6469);
#6468 = CARTESIAN_POINT('',(1.625,-2.225,0.));
#6469 = VECTOR('',#6470,1.);
#6470 = DIRECTION('',(-5.665538897648E-16,-1.,0.));
#6471 = ORIENTED_EDGE('',*,*,#6439,.T.);
#6472 = ORIENTED_EDGE('',*,*,#3553,.F.);
#6473 = ORIENTED_EDGE('',*,*,#6367,.T.);
#6474 = ORIENTED_EDGE('',*,*,#6475,.T.);
#6475 = EDGE_CURVE('',#6368,#6476,#6478,.T.);
#6476 = VERTEX_POINT('',#6477);
#6477 = CARTESIAN_POINT('',(1.625,-2.5,0.2));
#6478 = LINE('',#6479,#6480);
#6479 = CARTESIAN_POINT('',(1.625,-2.225,0.2));
#6480 = VECTOR('',#6481,1.);
#6481 = DIRECTION('',(-5.665538897648E-16,-1.,0.));
#6482 = ORIENTED_EDGE('',*,*,#6483,.F.);
#6483 = EDGE_CURVE('',#6465,#6476,#6484,.T.);
#6484 = LINE('',#6485,#6486);
#6485 = CARTESIAN_POINT('',(1.625,-2.5,0.));
#6486 = VECTOR('',#6487,1.);
#6487 = DIRECTION('',(0.,0.,1.));
#6488 = PLANE('',#6489);
#6489 = AXIS2_PLACEMENT_3D('',#6490,#6491,#6492);
#6490 = CARTESIAN_POINT('',(1.625,-2.225,0.));
#6491 = DIRECTION('',(1.,-5.665538897648E-16,0.));
#6492 = DIRECTION('',(-5.665538897648E-16,-1.,0.));
#6493 = ADVANCED_FACE('',(#6494),#6528,.F.);
#6494 = FACE_BOUND('',#6495,.F.);
#6495 = EDGE_LOOP('',(#6496,#6506,#6514,#6520,#6521,#6522));
#6496 = ORIENTED_EDGE('',*,*,#6497,.F.);
#6497 = EDGE_CURVE('',#6498,#6500,#6502,.T.);
#6498 = VERTEX_POINT('',#6499);
#6499 = CARTESIAN_POINT('',(1.375,-2.5,0.));
#6500 = VERTEX_POINT('',#6501);
#6501 = CARTESIAN_POINT('',(1.375,-2.225,0.));
#6502 = LINE('',#6503,#6504);
#6503 = CARTESIAN_POINT('',(1.375,-2.5,0.));
#6504 = VECTOR('',#6505,1.);
#6505 = DIRECTION('',(5.665538897648E-16,1.,0.));
#6506 = ORIENTED_EDGE('',*,*,#6507,.T.);
#6507 = EDGE_CURVE('',#6498,#6508,#6510,.T.);
#6508 = VERTEX_POINT('',#6509);
#6509 = CARTESIAN_POINT('',(1.375,-2.5,0.2));
#6510 = LINE('',#6511,#6512);
#6511 = CARTESIAN_POINT('',(1.375,-2.5,0.));
#6512 = VECTOR('',#6513,1.);
#6513 = DIRECTION('',(0.,0.,1.));
#6514 = ORIENTED_EDGE('',*,*,#6515,.T.);
#6515 = EDGE_CURVE('',#6508,#6353,#6516,.T.);
#6516 = LINE('',#6517,#6518);
#6517 = CARTESIAN_POINT('',(1.375,-2.5,0.2));
#6518 = VECTOR('',#6519,1.);
#6519 = DIRECTION('',(5.665538897648E-16,1.,0.));
#6520 = ORIENTED_EDGE('',*,*,#6360,.T.);
#6521 = ORIENTED_EDGE('',*,*,#3537,.F.);
#6522 = ORIENTED_EDGE('',*,*,#6523,.F.);
#6523 = EDGE_CURVE('',#6500,#3529,#6524,.T.);
#6524 = LINE('',#6525,#6526);
#6525 = CARTESIAN_POINT('',(1.375,-2.225,0.));
#6526 = VECTOR('',#6527,1.);
#6527 = DIRECTION('',(0.,0.,1.));
#6528 = PLANE('',#6529);
#6529 = AXIS2_PLACEMENT_3D('',#6530,#6531,#6532);
#6530 = CARTESIAN_POINT('',(1.375,-2.5,0.));
#6531 = DIRECTION('',(-1.,5.665538897648E-16,0.));
#6532 = DIRECTION('',(5.665538897648E-16,1.,0.));
#6533 = ADVANCED_FACE('',(#6534),#6553,.T.);
#6534 = FACE_BOUND('',#6535,.T.);
#6535 = EDGE_LOOP('',(#6536,#6544,#6545,#6546));
#6536 = ORIENTED_EDGE('',*,*,#6537,.T.);
#6537 = EDGE_CURVE('',#6538,#3521,#6540,.T.);
#6538 = VERTEX_POINT('',#6539);
#6539 = CARTESIAN_POINT('',(1.125,-2.225,0.));
#6540 = LINE('',#6541,#6542);
#6541 = CARTESIAN_POINT('',(1.125,-2.225,0.));
#6542 = VECTOR('',#6543,1.);
#6543 = DIRECTION('',(0.,0.,1.));
#6544 = ORIENTED_EDGE('',*,*,#3528,.T.);
#6545 = ORIENTED_EDGE('',*,*,#6523,.F.);
#6546 = ORIENTED_EDGE('',*,*,#6547,.T.);
#6547 = EDGE_CURVE('',#6500,#6538,#6548,.T.);
#6548 = CIRCLE('',#6549,0.125);
#6549 = AXIS2_PLACEMENT_3D('',#6550,#6551,#6552);
#6550 = CARTESIAN_POINT('',(1.25,-2.225,0.));
#6551 = DIRECTION('',(-0.,0.,1.));
#6552 = DIRECTION('',(1.,-5.665538897648E-16,0.));
#6553 = CYLINDRICAL_SURFACE('',#6554,0.125);
#6554 = AXIS2_PLACEMENT_3D('',#6555,#6556,#6557);
#6555 = CARTESIAN_POINT('',(1.25,-2.225,0.));
#6556 = DIRECTION('',(-0.,0.,-1.));
#6557 = DIRECTION('',(1.,-5.665538897648E-16,-0.));
#6558 = ADVANCED_FACE('',(#6559),#6586,.F.);
#6559 = FACE_BOUND('',#6560,.F.);
#6560 = EDGE_LOOP('',(#6561,#6569,#6570,#6571,#6572,#6580));
#6561 = ORIENTED_EDGE('',*,*,#6562,.F.);
#6562 = EDGE_CURVE('',#6538,#6563,#6565,.T.);
#6563 = VERTEX_POINT('',#6564);
#6564 = CARTESIAN_POINT('',(1.125,-2.5,0.));
#6565 = LINE('',#6566,#6567);
#6566 = CARTESIAN_POINT('',(1.125,-2.225,0.));
#6567 = VECTOR('',#6568,1.);
#6568 = DIRECTION('',(-5.665538897648E-16,-1.,0.));
#6569 = ORIENTED_EDGE('',*,*,#6537,.T.);
#6570 = ORIENTED_EDGE('',*,*,#3520,.F.);
#6571 = ORIENTED_EDGE('',*,*,#6344,.T.);
#6572 = ORIENTED_EDGE('',*,*,#6573,.T.);
#6573 = EDGE_CURVE('',#6345,#6574,#6576,.T.);
#6574 = VERTEX_POINT('',#6575);
#6575 = CARTESIAN_POINT('',(1.125,-2.5,0.2));
#6576 = LINE('',#6577,#6578);
#6577 = CARTESIAN_POINT('',(1.125,-2.225,0.2));
#6578 = VECTOR('',#6579,1.);
#6579 = DIRECTION('',(-5.665538897648E-16,-1.,0.));
#6580 = ORIENTED_EDGE('',*,*,#6581,.F.);
#6581 = EDGE_CURVE('',#6563,#6574,#6582,.T.);
#6582 = LINE('',#6583,#6584);
#6583 = CARTESIAN_POINT('',(1.125,-2.5,0.));
#6584 = VECTOR('',#6585,1.);
#6585 = DIRECTION('',(0.,0.,1.));
#6586 = PLANE('',#6587);
#6587 = AXIS2_PLACEMENT_3D('',#6588,#6589,#6590);
#6588 = CARTESIAN_POINT('',(1.125,-2.225,0.));
#6589 = DIRECTION('',(1.,-5.665538897648E-16,0.));
#6590 = DIRECTION('',(-5.665538897648E-16,-1.,0.));
#6591 = ADVANCED_FACE('',(#6592),#6626,.F.);
#6592 = FACE_BOUND('',#6593,.F.);
#6593 = EDGE_LOOP('',(#6594,#6604,#6612,#6618,#6619,#6620));
#6594 = ORIENTED_EDGE('',*,*,#6595,.F.);
#6595 = EDGE_CURVE('',#6596,#6598,#6600,.T.);
#6596 = VERTEX_POINT('',#6597);
#6597 = CARTESIAN_POINT('',(0.875,-2.5,0.));
#6598 = VERTEX_POINT('',#6599);
#6599 = CARTESIAN_POINT('',(0.875,-2.225,0.));
#6600 = LINE('',#6601,#6602);
#6601 = CARTESIAN_POINT('',(0.875,-2.5,0.));
#6602 = VECTOR('',#6603,1.);
#6603 = DIRECTION('',(5.665538897648E-16,1.,0.));
#6604 = ORIENTED_EDGE('',*,*,#6605,.T.);
#6605 = EDGE_CURVE('',#6596,#6606,#6608,.T.);
#6606 = VERTEX_POINT('',#6607);
#6607 = CARTESIAN_POINT('',(0.875,-2.5,0.2));
#6608 = LINE('',#6609,#6610);
#6609 = CARTESIAN_POINT('',(0.875,-2.5,0.));
#6610 = VECTOR('',#6611,1.);
#6611 = DIRECTION('',(0.,0.,1.));
#6612 = ORIENTED_EDGE('',*,*,#6613,.T.);
#6613 = EDGE_CURVE('',#6606,#6330,#6614,.T.);
#6614 = LINE('',#6615,#6616);
#6615 = CARTESIAN_POINT('',(0.875,-2.5,0.2));
#6616 = VECTOR('',#6617,1.);
#6617 = DIRECTION('',(5.665538897648E-16,1.,0.));
#6618 = ORIENTED_EDGE('',*,*,#6337,.T.);
#6619 = ORIENTED_EDGE('',*,*,#3504,.F.);
#6620 = ORIENTED_EDGE('',*,*,#6621,.F.);
#6621 = EDGE_CURVE('',#6598,#3496,#6622,.T.);
#6622 = LINE('',#6623,#6624);
#6623 = CARTESIAN_POINT('',(0.875,-2.225,0.));
#6624 = VECTOR('',#6625,1.);
#6625 = DIRECTION('',(0.,0.,1.));
#6626 = PLANE('',#6627);
#6627 = AXIS2_PLACEMENT_3D('',#6628,#6629,#6630);
#6628 = CARTESIAN_POINT('',(0.875,-2.5,0.));
#6629 = DIRECTION('',(-1.,5.665538897648E-16,0.));
#6630 = DIRECTION('',(5.665538897648E-16,1.,0.));
#6631 = ADVANCED_FACE('',(#6632),#6651,.T.);
#6632 = FACE_BOUND('',#6633,.T.);
#6633 = EDGE_LOOP('',(#6634,#6642,#6643,#6644));
#6634 = ORIENTED_EDGE('',*,*,#6635,.T.);
#6635 = EDGE_CURVE('',#6636,#3488,#6638,.T.);
#6636 = VERTEX_POINT('',#6637);
#6637 = CARTESIAN_POINT('',(0.625,-2.225,0.));
#6638 = LINE('',#6639,#6640);
#6639 = CARTESIAN_POINT('',(0.625,-2.225,0.));
#6640 = VECTOR('',#6641,1.);
#6641 = DIRECTION('',(0.,0.,1.));
#6642 = ORIENTED_EDGE('',*,*,#3495,.T.);
#6643 = ORIENTED_EDGE('',*,*,#6621,.F.);
#6644 = ORIENTED_EDGE('',*,*,#6645,.T.);
#6645 = EDGE_CURVE('',#6598,#6636,#6646,.T.);
#6646 = CIRCLE('',#6647,0.125);
#6647 = AXIS2_PLACEMENT_3D('',#6648,#6649,#6650);
#6648 = CARTESIAN_POINT('',(0.75,-2.225,0.));
#6649 = DIRECTION('',(-0.,0.,1.));
#6650 = DIRECTION('',(1.,-5.665538897648E-16,0.));
#6651 = CYLINDRICAL_SURFACE('',#6652,0.125);
#6652 = AXIS2_PLACEMENT_3D('',#6653,#6654,#6655);
#6653 = CARTESIAN_POINT('',(0.75,-2.225,0.));
#6654 = DIRECTION('',(-0.,0.,-1.));
#6655 = DIRECTION('',(1.,-5.665538897648E-16,-0.));
#6656 = ADVANCED_FACE('',(#6657),#6684,.F.);
#6657 = FACE_BOUND('',#6658,.F.);
#6658 = EDGE_LOOP('',(#6659,#6667,#6668,#6669,#6670,#6678));
#6659 = ORIENTED_EDGE('',*,*,#6660,.F.);
#6660 = EDGE_CURVE('',#6636,#6661,#6663,.T.);
#6661 = VERTEX_POINT('',#6662);
#6662 = CARTESIAN_POINT('',(0.625,-2.5,0.));
#6663 = LINE('',#6664,#6665);
#6664 = CARTESIAN_POINT('',(0.625,-2.225,0.));
#6665 = VECTOR('',#6666,1.);
#6666 = DIRECTION('',(-5.665538897648E-16,-1.,0.));
#6667 = ORIENTED_EDGE('',*,*,#6635,.T.);
#6668 = ORIENTED_EDGE('',*,*,#3487,.F.);
#6669 = ORIENTED_EDGE('',*,*,#6321,.T.);
#6670 = ORIENTED_EDGE('',*,*,#6671,.T.);
#6671 = EDGE_CURVE('',#6322,#6672,#6674,.T.);
#6672 = VERTEX_POINT('',#6673);
#6673 = CARTESIAN_POINT('',(0.625,-2.5,0.2));
#6674 = LINE('',#6675,#6676);
#6675 = CARTESIAN_POINT('',(0.625,-2.225,0.2));
#6676 = VECTOR('',#6677,1.);
#6677 = DIRECTION('',(-5.665538897648E-16,-1.,0.));
#6678 = ORIENTED_EDGE('',*,*,#6679,.F.);
#6679 = EDGE_CURVE('',#6661,#6672,#6680,.T.);
#6680 = LINE('',#6681,#6682);
#6681 = CARTESIAN_POINT('',(0.625,-2.5,0.));
#6682 = VECTOR('',#6683,1.);
#6683 = DIRECTION('',(0.,0.,1.));
#6684 = PLANE('',#6685);
#6685 = AXIS2_PLACEMENT_3D('',#6686,#6687,#6688);
#6686 = CARTESIAN_POINT('',(0.625,-2.225,0.));
#6687 = DIRECTION('',(1.,-5.665538897648E-16,0.));
#6688 = DIRECTION('',(-5.665538897648E-16,-1.,0.));
#6689 = ADVANCED_FACE('',(#6690),#6724,.F.);
#6690 = FACE_BOUND('',#6691,.F.);
#6691 = EDGE_LOOP('',(#6692,#6702,#6710,#6716,#6717,#6718));
#6692 = ORIENTED_EDGE('',*,*,#6693,.F.);
#6693 = EDGE_CURVE('',#6694,#6696,#6698,.T.);
#6694 = VERTEX_POINT('',#6695);
#6695 = CARTESIAN_POINT('',(0.375,-2.5,0.));
#6696 = VERTEX_POINT('',#6697);
#6697 = CARTESIAN_POINT('',(0.375,-2.225,0.));
#6698 = LINE('',#6699,#6700);
#6699 = CARTESIAN_POINT('',(0.375,-2.5,0.));
#6700 = VECTOR('',#6701,1.);
#6701 = DIRECTION('',(5.665538897648E-16,1.,0.));
#6702 = ORIENTED_EDGE('',*,*,#6703,.T.);
#6703 = EDGE_CURVE('',#6694,#6704,#6706,.T.);
#6704 = VERTEX_POINT('',#6705);
#6705 = CARTESIAN_POINT('',(0.375,-2.5,0.2));
#6706 = LINE('',#6707,#6708);
#6707 = CARTESIAN_POINT('',(0.375,-2.5,0.));
#6708 = VECTOR('',#6709,1.);
#6709 = DIRECTION('',(0.,0.,1.));
#6710 = ORIENTED_EDGE('',*,*,#6711,.T.);
#6711 = EDGE_CURVE('',#6704,#6307,#6712,.T.);
#6712 = LINE('',#6713,#6714);
#6713 = CARTESIAN_POINT('',(0.375,-2.5,0.2));
#6714 = VECTOR('',#6715,1.);
#6715 = DIRECTION('',(5.665538897648E-16,1.,0.));
#6716 = ORIENTED_EDGE('',*,*,#6314,.T.);
#6717 = ORIENTED_EDGE('',*,*,#3471,.F.);
#6718 = ORIENTED_EDGE('',*,*,#6719,.F.);
#6719 = EDGE_CURVE('',#6696,#3463,#6720,.T.);
#6720 = LINE('',#6721,#6722);
#6721 = CARTESIAN_POINT('',(0.375,-2.225,0.));
#6722 = VECTOR('',#6723,1.);
#6723 = DIRECTION('',(0.,0.,1.));
#6724 = PLANE('',#6725);
#6725 = AXIS2_PLACEMENT_3D('',#6726,#6727,#6728);
#6726 = CARTESIAN_POINT('',(0.375,-2.5,0.));
#6727 = DIRECTION('',(-1.,5.665538897648E-16,0.));
#6728 = DIRECTION('',(5.665538897648E-16,1.,0.));
#6729 = ADVANCED_FACE('',(#6730),#6749,.T.);
#6730 = FACE_BOUND('',#6731,.T.);
#6731 = EDGE_LOOP('',(#6732,#6740,#6741,#6742));
#6732 = ORIENTED_EDGE('',*,*,#6733,.T.);
#6733 = EDGE_CURVE('',#6734,#3455,#6736,.T.);
#6734 = VERTEX_POINT('',#6735);
#6735 = CARTESIAN_POINT('',(0.125,-2.225,0.));
#6736 = LINE('',#6737,#6738);
#6737 = CARTESIAN_POINT('',(0.125,-2.225,0.));
#6738 = VECTOR('',#6739,1.);
#6739 = DIRECTION('',(0.,0.,1.));
#6740 = ORIENTED_EDGE('',*,*,#3462,.T.);
#6741 = ORIENTED_EDGE('',*,*,#6719,.F.);
#6742 = ORIENTED_EDGE('',*,*,#6743,.T.);
#6743 = EDGE_CURVE('',#6696,#6734,#6744,.T.);
#6744 = CIRCLE('',#6745,0.125);
#6745 = AXIS2_PLACEMENT_3D('',#6746,#6747,#6748);
#6746 = CARTESIAN_POINT('',(0.25,-2.225,0.));
#6747 = DIRECTION('',(-0.,0.,1.));
#6748 = DIRECTION('',(1.,-5.665538897648E-16,0.));
#6749 = CYLINDRICAL_SURFACE('',#6750,0.125);
#6750 = AXIS2_PLACEMENT_3D('',#6751,#6752,#6753);
#6751 = CARTESIAN_POINT('',(0.25,-2.225,0.));
#6752 = DIRECTION('',(-0.,0.,-1.));
#6753 = DIRECTION('',(1.,-5.665538897648E-16,-0.));
#6754 = ADVANCED_FACE('',(#6755),#6782,.F.);
#6755 = FACE_BOUND('',#6756,.F.);
#6756 = EDGE_LOOP('',(#6757,#6765,#6766,#6767,#6768,#6776));
#6757 = ORIENTED_EDGE('',*,*,#6758,.F.);
#6758 = EDGE_CURVE('',#6734,#6759,#6761,.T.);
#6759 = VERTEX_POINT('',#6760);
#6760 = CARTESIAN_POINT('',(0.125,-2.5,0.));
#6761 = LINE('',#6762,#6763);
#6762 = CARTESIAN_POINT('',(0.125,-2.225,0.));
#6763 = VECTOR('',#6764,1.);
#6764 = DIRECTION('',(-5.665538897648E-16,-1.,0.));
#6765 = ORIENTED_EDGE('',*,*,#6733,.T.);
#6766 = ORIENTED_EDGE('',*,*,#3454,.F.);
#6767 = ORIENTED_EDGE('',*,*,#6298,.T.);
#6768 = ORIENTED_EDGE('',*,*,#6769,.T.);
#6769 = EDGE_CURVE('',#6299,#6770,#6772,.T.);
#6770 = VERTEX_POINT('',#6771);
#6771 = CARTESIAN_POINT('',(0.125,-2.5,0.2));
#6772 = LINE('',#6773,#6774);
#6773 = CARTESIAN_POINT('',(0.125,-2.225,0.2));
#6774 = VECTOR('',#6775,1.);
#6775 = DIRECTION('',(-5.665538897648E-16,-1.,0.));
#6776 = ORIENTED_EDGE('',*,*,#6777,.F.);
#6777 = EDGE_CURVE('',#6759,#6770,#6778,.T.);
#6778 = LINE('',#6779,#6780);
#6779 = CARTESIAN_POINT('',(0.125,-2.5,0.));
#6780 = VECTOR('',#6781,1.);
#6781 = DIRECTION('',(0.,0.,1.));
#6782 = PLANE('',#6783);
#6783 = AXIS2_PLACEMENT_3D('',#6784,#6785,#6786);
#6784 = CARTESIAN_POINT('',(0.125,-2.225,0.));
#6785 = DIRECTION('',(1.,-5.665538897648E-16,0.));
#6786 = DIRECTION('',(-5.665538897648E-16,-1.,0.));
#6787 = ADVANCED_FACE('',(#6788),#6822,.F.);
#6788 = FACE_BOUND('',#6789,.F.);
#6789 = EDGE_LOOP('',(#6790,#6800,#6808,#6814,#6815,#6816));
#6790 = ORIENTED_EDGE('',*,*,#6791,.F.);
#6791 = EDGE_CURVE('',#6792,#6794,#6796,.T.);
#6792 = VERTEX_POINT('',#6793);
#6793 = CARTESIAN_POINT('',(-0.125,-2.5,0.));
#6794 = VERTEX_POINT('',#6795);
#6795 = CARTESIAN_POINT('',(-0.125,-2.225,0.));
#6796 = LINE('',#6797,#6798);
#6797 = CARTESIAN_POINT('',(-0.125,-2.5,0.));
#6798 = VECTOR('',#6799,1.);
#6799 = DIRECTION('',(5.665538897648E-16,1.,0.));
#6800 = ORIENTED_EDGE('',*,*,#6801,.T.);
#6801 = EDGE_CURVE('',#6792,#6802,#6804,.T.);
#6802 = VERTEX_POINT('',#6803);
#6803 = CARTESIAN_POINT('',(-0.125,-2.5,0.2));
#6804 = LINE('',#6805,#6806);
#6805 = CARTESIAN_POINT('',(-0.125,-2.5,0.));
#6806 = VECTOR('',#6807,1.);
#6807 = DIRECTION('',(0.,0.,1.));
#6808 = ORIENTED_EDGE('',*,*,#6809,.T.);
#6809 = EDGE_CURVE('',#6802,#6284,#6810,.T.);
#6810 = LINE('',#6811,#6812);
#6811 = CARTESIAN_POINT('',(-0.125,-2.5,0.2));
#6812 = VECTOR('',#6813,1.);
#6813 = DIRECTION('',(5.665538897648E-16,1.,0.));
#6814 = ORIENTED_EDGE('',*,*,#6291,.T.);
#6815 = ORIENTED_EDGE('',*,*,#3438,.F.);
#6816 = ORIENTED_EDGE('',*,*,#6817,.F.);
#6817 = EDGE_CURVE('',#6794,#3430,#6818,.T.);
#6818 = LINE('',#6819,#6820);
#6819 = CARTESIAN_POINT('',(-0.125,-2.225,0.));
#6820 = VECTOR('',#6821,1.);
#6821 = DIRECTION('',(0.,0.,1.));
#6822 = PLANE('',#6823);
#6823 = AXIS2_PLACEMENT_3D('',#6824,#6825,#6826);
#6824 = CARTESIAN_POINT('',(-0.125,-2.5,0.));
#6825 = DIRECTION('',(-1.,5.665538897648E-16,0.));
#6826 = DIRECTION('',(5.665538897648E-16,1.,0.));
#6827 = ADVANCED_FACE('',(#6828),#6847,.T.);
#6828 = FACE_BOUND('',#6829,.T.);
#6829 = EDGE_LOOP('',(#6830,#6838,#6839,#6840));
#6830 = ORIENTED_EDGE('',*,*,#6831,.T.);
#6831 = EDGE_CURVE('',#6832,#3422,#6834,.T.);
#6832 = VERTEX_POINT('',#6833);
#6833 = CARTESIAN_POINT('',(-0.375,-2.225,0.));
#6834 = LINE('',#6835,#6836);
#6835 = CARTESIAN_POINT('',(-0.375,-2.225,0.));
#6836 = VECTOR('',#6837,1.);
#6837 = DIRECTION('',(0.,0.,1.));
#6838 = ORIENTED_EDGE('',*,*,#3429,.T.);
#6839 = ORIENTED_EDGE('',*,*,#6817,.F.);
#6840 = ORIENTED_EDGE('',*,*,#6841,.T.);
#6841 = EDGE_CURVE('',#6794,#6832,#6842,.T.);
#6842 = CIRCLE('',#6843,0.125);
#6843 = AXIS2_PLACEMENT_3D('',#6844,#6845,#6846);
#6844 = CARTESIAN_POINT('',(-0.25,-2.225,0.));
#6845 = DIRECTION('',(-0.,0.,1.));
#6846 = DIRECTION('',(1.,-5.665538897648E-16,0.));
#6847 = CYLINDRICAL_SURFACE('',#6848,0.125);
#6848 = AXIS2_PLACEMENT_3D('',#6849,#6850,#6851);
#6849 = CARTESIAN_POINT('',(-0.25,-2.225,0.));
#6850 = DIRECTION('',(-0.,0.,-1.));
#6851 = DIRECTION('',(1.,-5.665538897648E-16,-0.));
#6852 = ADVANCED_FACE('',(#6853),#6880,.F.);
#6853 = FACE_BOUND('',#6854,.F.);
#6854 = EDGE_LOOP('',(#6855,#6863,#6864,#6865,#6866,#6874));
#6855 = ORIENTED_EDGE('',*,*,#6856,.F.);
#6856 = EDGE_CURVE('',#6832,#6857,#6859,.T.);
#6857 = VERTEX_POINT('',#6858);
#6858 = CARTESIAN_POINT('',(-0.375,-2.5,0.));
#6859 = LINE('',#6860,#6861);
#6860 = CARTESIAN_POINT('',(-0.375,-2.225,0.));
#6861 = VECTOR('',#6862,1.);
#6862 = DIRECTION('',(-5.665538897648E-16,-1.,0.));
#6863 = ORIENTED_EDGE('',*,*,#6831,.T.);
#6864 = ORIENTED_EDGE('',*,*,#3421,.F.);
#6865 = ORIENTED_EDGE('',*,*,#6275,.T.);
#6866 = ORIENTED_EDGE('',*,*,#6867,.T.);
#6867 = EDGE_CURVE('',#6276,#6868,#6870,.T.);
#6868 = VERTEX_POINT('',#6869);
#6869 = CARTESIAN_POINT('',(-0.375,-2.5,0.2));
#6870 = LINE('',#6871,#6872);
#6871 = CARTESIAN_POINT('',(-0.375,-2.225,0.2));
#6872 = VECTOR('',#6873,1.);
#6873 = DIRECTION('',(-5.665538897648E-16,-1.,0.));
#6874 = ORIENTED_EDGE('',*,*,#6875,.F.);
#6875 = EDGE_CURVE('',#6857,#6868,#6876,.T.);
#6876 = LINE('',#6877,#6878);
#6877 = CARTESIAN_POINT('',(-0.375,-2.5,0.));
#6878 = VECTOR('',#6879,1.);
#6879 = DIRECTION('',(0.,0.,1.));
#6880 = PLANE('',#6881);
#6881 = AXIS2_PLACEMENT_3D('',#6882,#6883,#6884);
#6882 = CARTESIAN_POINT('',(-0.375,-2.225,0.));
#6883 = DIRECTION('',(1.,-5.665538897648E-16,0.));
#6884 = DIRECTION('',(-5.665538897648E-16,-1.,0.));
#6885 = ADVANCED_FACE('',(#6886),#6920,.F.);
#6886 = FACE_BOUND('',#6887,.F.);
#6887 = EDGE_LOOP('',(#6888,#6898,#6906,#6912,#6913,#6914));
#6888 = ORIENTED_EDGE('',*,*,#6889,.F.);
#6889 = EDGE_CURVE('',#6890,#6892,#6894,.T.);
#6890 = VERTEX_POINT('',#6891);
#6891 = CARTESIAN_POINT('',(-0.625,-2.5,0.));
#6892 = VERTEX_POINT('',#6893);
#6893 = CARTESIAN_POINT('',(-0.625,-2.225,0.));
#6894 = LINE('',#6895,#6896);
#6895 = CARTESIAN_POINT('',(-0.625,-2.5,0.));
#6896 = VECTOR('',#6897,1.);
#6897 = DIRECTION('',(5.665538897648E-16,1.,0.));
#6898 = ORIENTED_EDGE('',*,*,#6899,.T.);
#6899 = EDGE_CURVE('',#6890,#6900,#6902,.T.);
#6900 = VERTEX_POINT('',#6901);
#6901 = CARTESIAN_POINT('',(-0.625,-2.5,0.2));
#6902 = LINE('',#6903,#6904);
#6903 = CARTESIAN_POINT('',(-0.625,-2.5,0.));
#6904 = VECTOR('',#6905,1.);
#6905 = DIRECTION('',(0.,0.,1.));
#6906 = ORIENTED_EDGE('',*,*,#6907,.T.);
#6907 = EDGE_CURVE('',#6900,#6261,#6908,.T.);
#6908 = LINE('',#6909,#6910);
#6909 = CARTESIAN_POINT('',(-0.625,-2.5,0.2));
#6910 = VECTOR('',#6911,1.);
#6911 = DIRECTION('',(5.665538897648E-16,1.,0.));
#6912 = ORIENTED_EDGE('',*,*,#6268,.T.);
#6913 = ORIENTED_EDGE('',*,*,#3405,.F.);
#6914 = ORIENTED_EDGE('',*,*,#6915,.F.);
#6915 = EDGE_CURVE('',#6892,#3397,#6916,.T.);
#6916 = LINE('',#6917,#6918);
#6917 = CARTESIAN_POINT('',(-0.625,-2.225,0.));
#6918 = VECTOR('',#6919,1.);
#6919 = DIRECTION('',(0.,0.,1.));
#6920 = PLANE('',#6921);
#6921 = AXIS2_PLACEMENT_3D('',#6922,#6923,#6924);
#6922 = CARTESIAN_POINT('',(-0.625,-2.5,0.));
#6923 = DIRECTION('',(-1.,5.665538897648E-16,0.));
#6924 = DIRECTION('',(5.665538897648E-16,1.,0.));
#6925 = ADVANCED_FACE('',(#6926),#6945,.T.);
#6926 = FACE_BOUND('',#6927,.T.);
#6927 = EDGE_LOOP('',(#6928,#6936,#6937,#6938));
#6928 = ORIENTED_EDGE('',*,*,#6929,.T.);
#6929 = EDGE_CURVE('',#6930,#3389,#6932,.T.);
#6930 = VERTEX_POINT('',#6931);
#6931 = CARTESIAN_POINT('',(-0.875,-2.225,0.));
#6932 = LINE('',#6933,#6934);
#6933 = CARTESIAN_POINT('',(-0.875,-2.225,0.));
#6934 = VECTOR('',#6935,1.);
#6935 = DIRECTION('',(0.,0.,1.));
#6936 = ORIENTED_EDGE('',*,*,#3396,.T.);
#6937 = ORIENTED_EDGE('',*,*,#6915,.F.);
#6938 = ORIENTED_EDGE('',*,*,#6939,.T.);
#6939 = EDGE_CURVE('',#6892,#6930,#6940,.T.);
#6940 = CIRCLE('',#6941,0.125);
#6941 = AXIS2_PLACEMENT_3D('',#6942,#6943,#6944);
#6942 = CARTESIAN_POINT('',(-0.75,-2.225,0.));
#6943 = DIRECTION('',(-0.,0.,1.));
#6944 = DIRECTION('',(1.,-5.665538897648E-16,0.));
#6945 = CYLINDRICAL_SURFACE('',#6946,0.125);
#6946 = AXIS2_PLACEMENT_3D('',#6947,#6948,#6949);
#6947 = CARTESIAN_POINT('',(-0.75,-2.225,0.));
#6948 = DIRECTION('',(-0.,0.,-1.));
#6949 = DIRECTION('',(1.,-5.665538897648E-16,-0.));
#6950 = ADVANCED_FACE('',(#6951),#6978,.F.);
#6951 = FACE_BOUND('',#6952,.F.);
#6952 = EDGE_LOOP('',(#6953,#6961,#6962,#6963,#6964,#6972));
#6953 = ORIENTED_EDGE('',*,*,#6954,.F.);
#6954 = EDGE_CURVE('',#6930,#6955,#6957,.T.);
#6955 = VERTEX_POINT('',#6956);
#6956 = CARTESIAN_POINT('',(-0.875,-2.5,0.));
#6957 = LINE('',#6958,#6959);
#6958 = CARTESIAN_POINT('',(-0.875,-2.225,0.));
#6959 = VECTOR('',#6960,1.);
#6960 = DIRECTION('',(-5.665538897648E-16,-1.,0.));
#6961 = ORIENTED_EDGE('',*,*,#6929,.T.);
#6962 = ORIENTED_EDGE('',*,*,#3388,.F.);
#6963 = ORIENTED_EDGE('',*,*,#6252,.T.);
#6964 = ORIENTED_EDGE('',*,*,#6965,.T.);
#6965 = EDGE_CURVE('',#6253,#6966,#6968,.T.);
#6966 = VERTEX_POINT('',#6967);
#6967 = CARTESIAN_POINT('',(-0.875,-2.5,0.2));
#6968 = LINE('',#6969,#6970);
#6969 = CARTESIAN_POINT('',(-0.875,-2.225,0.2));
#6970 = VECTOR('',#6971,1.);
#6971 = DIRECTION('',(-5.665538897648E-16,-1.,0.));
#6972 = ORIENTED_EDGE('',*,*,#6973,.F.);
#6973 = EDGE_CURVE('',#6955,#6966,#6974,.T.);
#6974 = LINE('',#6975,#6976);
#6975 = CARTESIAN_POINT('',(-0.875,-2.5,0.));
#6976 = VECTOR('',#6977,1.);
#6977 = DIRECTION('',(0.,0.,1.));
#6978 = PLANE('',#6979);
#6979 = AXIS2_PLACEMENT_3D('',#6980,#6981,#6982);
#6980 = CARTESIAN_POINT('',(-0.875,-2.225,0.));
#6981 = DIRECTION('',(1.,-5.665538897648E-16,0.));
#6982 = DIRECTION('',(-5.665538897648E-16,-1.,0.));
#6983 = ADVANCED_FACE('',(#6984),#7018,.F.);
#6984 = FACE_BOUND('',#6985,.F.);
#6985 = EDGE_LOOP('',(#6986,#6996,#7004,#7010,#7011,#7012));
#6986 = ORIENTED_EDGE('',*,*,#6987,.F.);
#6987 = EDGE_CURVE('',#6988,#6990,#6992,.T.);
#6988 = VERTEX_POINT('',#6989);
#6989 = CARTESIAN_POINT('',(-1.125,-2.5,0.));
#6990 = VERTEX_POINT('',#6991);
#6991 = CARTESIAN_POINT('',(-1.125,-2.225,0.));
#6992 = LINE('',#6993,#6994);
#6993 = CARTESIAN_POINT('',(-1.125,-2.5,0.));
#6994 = VECTOR('',#6995,1.);
#6995 = DIRECTION('',(5.665538897648E-16,1.,0.));
#6996 = ORIENTED_EDGE('',*,*,#6997,.T.);
#6997 = EDGE_CURVE('',#6988,#6998,#7000,.T.);
#6998 = VERTEX_POINT('',#6999);
#6999 = CARTESIAN_POINT('',(-1.125,-2.5,0.2));
#7000 = LINE('',#7001,#7002);
#7001 = CARTESIAN_POINT('',(-1.125,-2.5,0.));
#7002 = VECTOR('',#7003,1.);
#7003 = DIRECTION('',(0.,0.,1.));
#7004 = ORIENTED_EDGE('',*,*,#7005,.T.);
#7005 = EDGE_CURVE('',#6998,#6238,#7006,.T.);
#7006 = LINE('',#7007,#7008);
#7007 = CARTESIAN_POINT('',(-1.125,-2.5,0.2));
#7008 = VECTOR('',#7009,1.);
#7009 = DIRECTION('',(5.665538897648E-16,1.,0.));
#7010 = ORIENTED_EDGE('',*,*,#6245,.T.);
#7011 = ORIENTED_EDGE('',*,*,#3372,.F.);
#7012 = ORIENTED_EDGE('',*,*,#7013,.F.);
#7013 = EDGE_CURVE('',#6990,#3364,#7014,.T.);
#7014 = LINE('',#7015,#7016);
#7015 = CARTESIAN_POINT('',(-1.125,-2.225,0.));
#7016 = VECTOR('',#7017,1.);
#7017 = DIRECTION('',(0.,0.,1.));
#7018 = PLANE('',#7019);
#7019 = AXIS2_PLACEMENT_3D('',#7020,#7021,#7022);
#7020 = CARTESIAN_POINT('',(-1.125,-2.5,0.));
#7021 = DIRECTION('',(-1.,5.665538897648E-16,0.));
#7022 = DIRECTION('',(5.665538897648E-16,1.,0.));
#7023 = ADVANCED_FACE('',(#7024),#7043,.T.);
#7024 = FACE_BOUND('',#7025,.T.);
#7025 = EDGE_LOOP('',(#7026,#7034,#7035,#7036));
#7026 = ORIENTED_EDGE('',*,*,#7027,.T.);
#7027 = EDGE_CURVE('',#7028,#3356,#7030,.T.);
#7028 = VERTEX_POINT('',#7029);
#7029 = CARTESIAN_POINT('',(-1.375,-2.225,0.));
#7030 = LINE('',#7031,#7032);
#7031 = CARTESIAN_POINT('',(-1.375,-2.225,0.));
#7032 = VECTOR('',#7033,1.);
#7033 = DIRECTION('',(0.,0.,1.));
#7034 = ORIENTED_EDGE('',*,*,#3363,.T.);
#7035 = ORIENTED_EDGE('',*,*,#7013,.F.);
#7036 = ORIENTED_EDGE('',*,*,#7037,.T.);
#7037 = EDGE_CURVE('',#6990,#7028,#7038,.T.);
#7038 = CIRCLE('',#7039,0.125);
#7039 = AXIS2_PLACEMENT_3D('',#7040,#7041,#7042);
#7040 = CARTESIAN_POINT('',(-1.25,-2.225,0.));
#7041 = DIRECTION('',(-0.,0.,1.));
#7042 = DIRECTION('',(1.,-5.665538897648E-16,0.));
#7043 = CYLINDRICAL_SURFACE('',#7044,0.125);
#7044 = AXIS2_PLACEMENT_3D('',#7045,#7046,#7047);
#7045 = CARTESIAN_POINT('',(-1.25,-2.225,0.));
#7046 = DIRECTION('',(-0.,0.,-1.));
#7047 = DIRECTION('',(1.,-5.665538897648E-16,-0.));
#7048 = ADVANCED_FACE('',(#7049),#7076,.F.);
#7049 = FACE_BOUND('',#7050,.F.);
#7050 = EDGE_LOOP('',(#7051,#7059,#7060,#7061,#7062,#7070));
#7051 = ORIENTED_EDGE('',*,*,#7052,.F.);
#7052 = EDGE_CURVE('',#7028,#7053,#7055,.T.);
#7053 = VERTEX_POINT('',#7054);
#7054 = CARTESIAN_POINT('',(-1.375,-2.5,0.));
#7055 = LINE('',#7056,#7057);
#7056 = CARTESIAN_POINT('',(-1.375,-2.225,0.));
#7057 = VECTOR('',#7058,1.);
#7058 = DIRECTION('',(-5.665538897648E-16,-1.,0.));
#7059 = ORIENTED_EDGE('',*,*,#7027,.T.);
#7060 = ORIENTED_EDGE('',*,*,#3355,.F.);
#7061 = ORIENTED_EDGE('',*,*,#6229,.T.);
#7062 = ORIENTED_EDGE('',*,*,#7063,.T.);
#7063 = EDGE_CURVE('',#6230,#7064,#7066,.T.);
#7064 = VERTEX_POINT('',#7065);
#7065 = CARTESIAN_POINT('',(-1.375,-2.5,0.2));
#7066 = LINE('',#7067,#7068);
#7067 = CARTESIAN_POINT('',(-1.375,-2.225,0.2));
#7068 = VECTOR('',#7069,1.);
#7069 = DIRECTION('',(-5.665538897648E-16,-1.,0.));
#7070 = ORIENTED_EDGE('',*,*,#7071,.F.);
#7071 = EDGE_CURVE('',#7053,#7064,#7072,.T.);
#7072 = LINE('',#7073,#7074);
#7073 = CARTESIAN_POINT('',(-1.375,-2.5,0.));
#7074 = VECTOR('',#7075,1.);
#7075 = DIRECTION('',(0.,0.,1.));
#7076 = PLANE('',#7077);
#7077 = AXIS2_PLACEMENT_3D('',#7078,#7079,#7080);
#7078 = CARTESIAN_POINT('',(-1.375,-2.225,0.));
#7079 = DIRECTION('',(1.,-5.665538897648E-16,0.));
#7080 = DIRECTION('',(-5.665538897648E-16,-1.,0.));
#7081 = ADVANCED_FACE('',(#7082),#7116,.F.);
#7082 = FACE_BOUND('',#7083,.F.);
#7083 = EDGE_LOOP('',(#7084,#7094,#7102,#7108,#7109,#7110));
#7084 = ORIENTED_EDGE('',*,*,#7085,.F.);
#7085 = EDGE_CURVE('',#7086,#7088,#7090,.T.);
#7086 = VERTEX_POINT('',#7087);
#7087 = CARTESIAN_POINT('',(-1.625,-2.5,0.));
#7088 = VERTEX_POINT('',#7089);
#7089 = CARTESIAN_POINT('',(-1.625,-2.225,0.));
#7090 = LINE('',#7091,#7092);
#7091 = CARTESIAN_POINT('',(-1.625,-2.5,0.));
#7092 = VECTOR('',#7093,1.);
#7093 = DIRECTION('',(5.665538897648E-16,1.,0.));
#7094 = ORIENTED_EDGE('',*,*,#7095,.T.);
#7095 = EDGE_CURVE('',#7086,#7096,#7098,.T.);
#7096 = VERTEX_POINT('',#7097);
#7097 = CARTESIAN_POINT('',(-1.625,-2.5,0.2));
#7098 = LINE('',#7099,#7100);
#7099 = CARTESIAN_POINT('',(-1.625,-2.5,0.));
#7100 = VECTOR('',#7101,1.);
#7101 = DIRECTION('',(0.,0.,1.));
#7102 = ORIENTED_EDGE('',*,*,#7103,.T.);
#7103 = EDGE_CURVE('',#7096,#6215,#7104,.T.);
#7104 = LINE('',#7105,#7106);
#7105 = CARTESIAN_POINT('',(-1.625,-2.5,0.2));
#7106 = VECTOR('',#7107,1.);
#7107 = DIRECTION('',(5.665538897648E-16,1.,0.));
#7108 = ORIENTED_EDGE('',*,*,#6222,.T.);
#7109 = ORIENTED_EDGE('',*,*,#3339,.F.);
#7110 = ORIENTED_EDGE('',*,*,#7111,.F.);
#7111 = EDGE_CURVE('',#7088,#3331,#7112,.T.);
#7112 = LINE('',#7113,#7114);
#7113 = CARTESIAN_POINT('',(-1.625,-2.225,0.));
#7114 = VECTOR('',#7115,1.);
#7115 = DIRECTION('',(0.,0.,1.));
#7116 = PLANE('',#7117);
#7117 = AXIS2_PLACEMENT_3D('',#7118,#7119,#7120);
#7118 = CARTESIAN_POINT('',(-1.625,-2.5,0.));
#7119 = DIRECTION('',(-1.,5.665538897648E-16,0.));
#7120 = DIRECTION('',(5.665538897648E-16,1.,0.));
#7121 = ADVANCED_FACE('',(#7122),#7141,.T.);
#7122 = FACE_BOUND('',#7123,.T.);
#7123 = EDGE_LOOP('',(#7124,#7132,#7133,#7134));
#7124 = ORIENTED_EDGE('',*,*,#7125,.T.);
#7125 = EDGE_CURVE('',#7126,#3323,#7128,.T.);
#7126 = VERTEX_POINT('',#7127);
#7127 = CARTESIAN_POINT('',(-1.875,-2.225,0.));
#7128 = LINE('',#7129,#7130);
#7129 = CARTESIAN_POINT('',(-1.875,-2.225,0.));
#7130 = VECTOR('',#7131,1.);
#7131 = DIRECTION('',(0.,0.,1.));
#7132 = ORIENTED_EDGE('',*,*,#3330,.T.);
#7133 = ORIENTED_EDGE('',*,*,#7111,.F.);
#7134 = ORIENTED_EDGE('',*,*,#7135,.T.);
#7135 = EDGE_CURVE('',#7088,#7126,#7136,.T.);
#7136 = CIRCLE('',#7137,0.125);
#7137 = AXIS2_PLACEMENT_3D('',#7138,#7139,#7140);
#7138 = CARTESIAN_POINT('',(-1.75,-2.225,0.));
#7139 = DIRECTION('',(-0.,0.,1.));
#7140 = DIRECTION('',(1.,-5.665538897648E-16,0.));
#7141 = CYLINDRICAL_SURFACE('',#7142,0.125);
#7142 = AXIS2_PLACEMENT_3D('',#7143,#7144,#7145);
#7143 = CARTESIAN_POINT('',(-1.75,-2.225,0.));
#7144 = DIRECTION('',(-0.,0.,-1.));
#7145 = DIRECTION('',(1.,-5.665538897648E-16,-0.));
#7146 = ADVANCED_FACE('',(#7147),#7174,.F.);
#7147 = FACE_BOUND('',#7148,.F.);
#7148 = EDGE_LOOP('',(#7149,#7157,#7158,#7159,#7160,#7168));
#7149 = ORIENTED_EDGE('',*,*,#7150,.F.);
#7150 = EDGE_CURVE('',#7126,#7151,#7153,.T.);
#7151 = VERTEX_POINT('',#7152);
#7152 = CARTESIAN_POINT('',(-1.875,-2.5,0.));
#7153 = LINE('',#7154,#7155);
#7154 = CARTESIAN_POINT('',(-1.875,-2.225,0.));
#7155 = VECTOR('',#7156,1.);
#7156 = DIRECTION('',(-5.665538897648E-16,-1.,0.));
#7157 = ORIENTED_EDGE('',*,*,#7125,.T.);
#7158 = ORIENTED_EDGE('',*,*,#3322,.F.);
#7159 = ORIENTED_EDGE('',*,*,#6206,.T.);
#7160 = ORIENTED_EDGE('',*,*,#7161,.T.);
#7161 = EDGE_CURVE('',#6207,#7162,#7164,.T.);
#7162 = VERTEX_POINT('',#7163);
#7163 = CARTESIAN_POINT('',(-1.875,-2.5,0.2));
#7164 = LINE('',#7165,#7166);
#7165 = CARTESIAN_POINT('',(-1.875,-2.225,0.2));
#7166 = VECTOR('',#7167,1.);
#7167 = DIRECTION('',(-5.665538897648E-16,-1.,0.));
#7168 = ORIENTED_EDGE('',*,*,#7169,.F.);
#7169 = EDGE_CURVE('',#7151,#7162,#7170,.T.);
#7170 = LINE('',#7171,#7172);
#7171 = CARTESIAN_POINT('',(-1.875,-2.5,0.));
#7172 = VECTOR('',#7173,1.);
#7173 = DIRECTION('',(0.,0.,1.));
#7174 = PLANE('',#7175);
#7175 = AXIS2_PLACEMENT_3D('',#7176,#7177,#7178);
#7176 = CARTESIAN_POINT('',(-1.875,-2.225,0.));
#7177 = DIRECTION('',(1.,-5.665538897648E-16,0.));
#7178 = DIRECTION('',(-5.665538897648E-16,-1.,0.));
#7179 = ADVANCED_FACE('',(#7180),#7375,.F.);
#7180 = FACE_BOUND('',#7181,.F.);
#7181 = EDGE_LOOP('',(#7182,#7183,#7184,#7190,#7191,#7192,#7200,#7208,
    #7214,#7215,#7223,#7231,#7237,#7238,#7246,#7254,#7260,#7261,#7269,
    #7277,#7283,#7284,#7292,#7300,#7306,#7307,#7315,#7323,#7329,#7330,
    #7338,#7346,#7352,#7353,#7361,#7369));
#7182 = ORIENTED_EDGE('',*,*,#3042,.F.);
#7183 = ORIENTED_EDGE('',*,*,#4210,.T.);
#7184 = ORIENTED_EDGE('',*,*,#7185,.T.);
#7185 = EDGE_CURVE('',#4201,#6192,#7186,.T.);
#7186 = LINE('',#7187,#7188);
#7187 = CARTESIAN_POINT('',(-2.4875,2.4875,0.875));
#7188 = VECTOR('',#7189,1.);
#7189 = DIRECTION('',(-2.22044604925E-16,-1.,0.));
#7190 = ORIENTED_EDGE('',*,*,#6199,.F.);
#7191 = ORIENTED_EDGE('',*,*,#3306,.F.);
#7192 = ORIENTED_EDGE('',*,*,#7193,.T.);
#7193 = EDGE_CURVE('',#3299,#7194,#7196,.T.);
#7194 = VERTEX_POINT('',#7195);
#7195 = CARTESIAN_POINT('',(-2.4875,-1.875,0.2));
#7196 = LINE('',#7197,#7198);
#7197 = CARTESIAN_POINT('',(-2.4875,-1.875,1.25E-02));
#7198 = VECTOR('',#7199,1.);
#7199 = DIRECTION('',(0.,0.,1.));
#7200 = ORIENTED_EDGE('',*,*,#7201,.F.);
#7201 = EDGE_CURVE('',#7202,#7194,#7204,.T.);
#7202 = VERTEX_POINT('',#7203);
#7203 = CARTESIAN_POINT('',(-2.4875,-1.625,0.2));
#7204 = LINE('',#7205,#7206);
#7205 = CARTESIAN_POINT('',(-2.4875,0.36875,0.2));
#7206 = VECTOR('',#7207,1.);
#7207 = DIRECTION('',(-2.22044604925E-16,-1.,0.));
#7208 = ORIENTED_EDGE('',*,*,#7209,.T.);
#7209 = EDGE_CURVE('',#7202,#3274,#7210,.T.);
#7210 = LINE('',#7211,#7212);
#7211 = CARTESIAN_POINT('',(-2.4875,-1.625,1.25E-02));
#7212 = VECTOR('',#7213,1.);
#7213 = DIRECTION('',(0.,-0.,-1.));
#7214 = ORIENTED_EDGE('',*,*,#3273,.F.);
#7215 = ORIENTED_EDGE('',*,*,#7216,.T.);
#7216 = EDGE_CURVE('',#3266,#7217,#7219,.T.);
#7217 = VERTEX_POINT('',#7218);
#7218 = CARTESIAN_POINT('',(-2.4875,-1.375,0.2));
#7219 = LINE('',#7220,#7221);
#7220 = CARTESIAN_POINT('',(-2.4875,-1.375,1.25E-02));
#7221 = VECTOR('',#7222,1.);
#7222 = DIRECTION('',(0.,0.,1.));
#7223 = ORIENTED_EDGE('',*,*,#7224,.F.);
#7224 = EDGE_CURVE('',#7225,#7217,#7227,.T.);
#7225 = VERTEX_POINT('',#7226);
#7226 = CARTESIAN_POINT('',(-2.4875,-1.125,0.2));
#7227 = LINE('',#7228,#7229);
#7228 = CARTESIAN_POINT('',(-2.4875,0.61875,0.2));
#7229 = VECTOR('',#7230,1.);
#7230 = DIRECTION('',(-2.22044604925E-16,-1.,0.));
#7231 = ORIENTED_EDGE('',*,*,#7232,.T.);
#7232 = EDGE_CURVE('',#7225,#3241,#7233,.T.);
#7233 = LINE('',#7234,#7235);
#7234 = CARTESIAN_POINT('',(-2.4875,-1.125,1.25E-02));
#7235 = VECTOR('',#7236,1.);
#7236 = DIRECTION('',(0.,-0.,-1.));
#7237 = ORIENTED_EDGE('',*,*,#3240,.F.);
#7238 = ORIENTED_EDGE('',*,*,#7239,.T.);
#7239 = EDGE_CURVE('',#3233,#7240,#7242,.T.);
#7240 = VERTEX_POINT('',#7241);
#7241 = CARTESIAN_POINT('',(-2.4875,-0.875,0.2));
#7242 = LINE('',#7243,#7244);
#7243 = CARTESIAN_POINT('',(-2.4875,-0.875,1.25E-02));
#7244 = VECTOR('',#7245,1.);
#7245 = DIRECTION('',(0.,0.,1.));
#7246 = ORIENTED_EDGE('',*,*,#7247,.F.);
#7247 = EDGE_CURVE('',#7248,#7240,#7250,.T.);
#7248 = VERTEX_POINT('',#7249);
#7249 = CARTESIAN_POINT('',(-2.4875,-0.625,0.2));
#7250 = LINE('',#7251,#7252);
#7251 = CARTESIAN_POINT('',(-2.4875,0.86875,0.2));
#7252 = VECTOR('',#7253,1.);
#7253 = DIRECTION('',(-2.22044604925E-16,-1.,0.));
#7254 = ORIENTED_EDGE('',*,*,#7255,.T.);
#7255 = EDGE_CURVE('',#7248,#3208,#7256,.T.);
#7256 = LINE('',#7257,#7258);
#7257 = CARTESIAN_POINT('',(-2.4875,-0.625,1.25E-02));
#7258 = VECTOR('',#7259,1.);
#7259 = DIRECTION('',(0.,-0.,-1.));
#7260 = ORIENTED_EDGE('',*,*,#3207,.F.);
#7261 = ORIENTED_EDGE('',*,*,#7262,.T.);
#7262 = EDGE_CURVE('',#3200,#7263,#7265,.T.);
#7263 = VERTEX_POINT('',#7264);
#7264 = CARTESIAN_POINT('',(-2.4875,-0.375,0.2));
#7265 = LINE('',#7266,#7267);
#7266 = CARTESIAN_POINT('',(-2.4875,-0.375,1.25E-02));
#7267 = VECTOR('',#7268,1.);
#7268 = DIRECTION('',(0.,0.,1.));
#7269 = ORIENTED_EDGE('',*,*,#7270,.F.);
#7270 = EDGE_CURVE('',#7271,#7263,#7273,.T.);
#7271 = VERTEX_POINT('',#7272);
#7272 = CARTESIAN_POINT('',(-2.4875,-0.125,0.2));
#7273 = LINE('',#7274,#7275);
#7274 = CARTESIAN_POINT('',(-2.4875,1.11875,0.2));
#7275 = VECTOR('',#7276,1.);
#7276 = DIRECTION('',(-2.22044604925E-16,-1.,0.));
#7277 = ORIENTED_EDGE('',*,*,#7278,.T.);
#7278 = EDGE_CURVE('',#7271,#3175,#7279,.T.);
#7279 = LINE('',#7280,#7281);
#7280 = CARTESIAN_POINT('',(-2.4875,-0.125,1.25E-02));
#7281 = VECTOR('',#7282,1.);
#7282 = DIRECTION('',(0.,-0.,-1.));
#7283 = ORIENTED_EDGE('',*,*,#3174,.F.);
#7284 = ORIENTED_EDGE('',*,*,#7285,.T.);
#7285 = EDGE_CURVE('',#3167,#7286,#7288,.T.);
#7286 = VERTEX_POINT('',#7287);
#7287 = CARTESIAN_POINT('',(-2.4875,0.125,0.2));
#7288 = LINE('',#7289,#7290);
#7289 = CARTESIAN_POINT('',(-2.4875,0.125,1.25E-02));
#7290 = VECTOR('',#7291,1.);
#7291 = DIRECTION('',(0.,0.,1.));
#7292 = ORIENTED_EDGE('',*,*,#7293,.F.);
#7293 = EDGE_CURVE('',#7294,#7286,#7296,.T.);
#7294 = VERTEX_POINT('',#7295);
#7295 = CARTESIAN_POINT('',(-2.4875,0.375,0.2));
#7296 = LINE('',#7297,#7298);
#7297 = CARTESIAN_POINT('',(-2.4875,1.36875,0.2));
#7298 = VECTOR('',#7299,1.);
#7299 = DIRECTION('',(-2.22044604925E-16,-1.,0.));
#7300 = ORIENTED_EDGE('',*,*,#7301,.T.);
#7301 = EDGE_CURVE('',#7294,#3142,#7302,.T.);
#7302 = LINE('',#7303,#7304);
#7303 = CARTESIAN_POINT('',(-2.4875,0.375,1.25E-02));
#7304 = VECTOR('',#7305,1.);
#7305 = DIRECTION('',(0.,-0.,-1.));
#7306 = ORIENTED_EDGE('',*,*,#3141,.F.);
#7307 = ORIENTED_EDGE('',*,*,#7308,.T.);
#7308 = EDGE_CURVE('',#3134,#7309,#7311,.T.);
#7309 = VERTEX_POINT('',#7310);
#7310 = CARTESIAN_POINT('',(-2.4875,0.625,0.2));
#7311 = LINE('',#7312,#7313);
#7312 = CARTESIAN_POINT('',(-2.4875,0.625,1.25E-02));
#7313 = VECTOR('',#7314,1.);
#7314 = DIRECTION('',(0.,0.,1.));
#7315 = ORIENTED_EDGE('',*,*,#7316,.F.);
#7316 = EDGE_CURVE('',#7317,#7309,#7319,.T.);
#7317 = VERTEX_POINT('',#7318);
#7318 = CARTESIAN_POINT('',(-2.4875,0.875,0.2));
#7319 = LINE('',#7320,#7321);
#7320 = CARTESIAN_POINT('',(-2.4875,1.61875,0.2));
#7321 = VECTOR('',#7322,1.);
#7322 = DIRECTION('',(-2.22044604925E-16,-1.,0.));
#7323 = ORIENTED_EDGE('',*,*,#7324,.T.);
#7324 = EDGE_CURVE('',#7317,#3109,#7325,.T.);
#7325 = LINE('',#7326,#7327);
#7326 = CARTESIAN_POINT('',(-2.4875,0.875,1.25E-02));
#7327 = VECTOR('',#7328,1.);
#7328 = DIRECTION('',(0.,-0.,-1.));
#7329 = ORIENTED_EDGE('',*,*,#3108,.F.);
#7330 = ORIENTED_EDGE('',*,*,#7331,.T.);
#7331 = EDGE_CURVE('',#3101,#7332,#7334,.T.);
#7332 = VERTEX_POINT('',#7333);
#7333 = CARTESIAN_POINT('',(-2.4875,1.125,0.2));
#7334 = LINE('',#7335,#7336);
#7335 = CARTESIAN_POINT('',(-2.4875,1.125,1.25E-02));
#7336 = VECTOR('',#7337,1.);
#7337 = DIRECTION('',(0.,0.,1.));
#7338 = ORIENTED_EDGE('',*,*,#7339,.F.);
#7339 = EDGE_CURVE('',#7340,#7332,#7342,.T.);
#7340 = VERTEX_POINT('',#7341);
#7341 = CARTESIAN_POINT('',(-2.4875,1.375,0.2));
#7342 = LINE('',#7343,#7344);
#7343 = CARTESIAN_POINT('',(-2.4875,1.86875,0.2));
#7344 = VECTOR('',#7345,1.);
#7345 = DIRECTION('',(-2.22044604925E-16,-1.,0.));
#7346 = ORIENTED_EDGE('',*,*,#7347,.T.);
#7347 = EDGE_CURVE('',#7340,#3076,#7348,.T.);
#7348 = LINE('',#7349,#7350);
#7349 = CARTESIAN_POINT('',(-2.4875,1.375,1.25E-02));
#7350 = VECTOR('',#7351,1.);
#7351 = DIRECTION('',(0.,-0.,-1.));
#7352 = ORIENTED_EDGE('',*,*,#3075,.F.);
#7353 = ORIENTED_EDGE('',*,*,#7354,.T.);
#7354 = EDGE_CURVE('',#3068,#7355,#7357,.T.);
#7355 = VERTEX_POINT('',#7356);
#7356 = CARTESIAN_POINT('',(-2.4875,1.625,0.2));
#7357 = LINE('',#7358,#7359);
#7358 = CARTESIAN_POINT('',(-2.4875,1.625,1.25E-02));
#7359 = VECTOR('',#7360,1.);
#7360 = DIRECTION('',(0.,0.,1.));
#7361 = ORIENTED_EDGE('',*,*,#7362,.F.);
#7362 = EDGE_CURVE('',#7363,#7355,#7365,.T.);
#7363 = VERTEX_POINT('',#7364);
#7364 = CARTESIAN_POINT('',(-2.4875,1.875,0.2));
#7365 = LINE('',#7366,#7367);
#7366 = CARTESIAN_POINT('',(-2.4875,2.11875,0.2));
#7367 = VECTOR('',#7368,1.);
#7368 = DIRECTION('',(-2.22044604925E-16,-1.,0.));
#7369 = ORIENTED_EDGE('',*,*,#7370,.T.);
#7370 = EDGE_CURVE('',#7363,#3043,#7371,.T.);
#7371 = LINE('',#7372,#7373);
#7372 = CARTESIAN_POINT('',(-2.4875,1.875,1.25E-02));
#7373 = VECTOR('',#7374,1.);
#7374 = DIRECTION('',(0.,-0.,-1.));
#7375 = PLANE('',#7376);
#7376 = AXIS2_PLACEMENT_3D('',#7377,#7378,#7379);
#7377 = CARTESIAN_POINT('',(-2.4875,2.4875,2.5E-02));
#7378 = DIRECTION('',(1.,-2.22044604925E-16,0.));
#7379 = DIRECTION('',(0.,0.,1.));
#7380 = ADVANCED_FACE('',(#7381),#7415,.F.);
#7381 = FACE_BOUND('',#7382,.F.);
#7382 = EDGE_LOOP('',(#7383,#7393,#7401,#7407,#7408,#7409));
#7383 = ORIENTED_EDGE('',*,*,#7384,.F.);
#7384 = EDGE_CURVE('',#7385,#7387,#7389,.T.);
#7385 = VERTEX_POINT('',#7386);
#7386 = CARTESIAN_POINT('',(-2.5,-1.875,0.));
#7387 = VERTEX_POINT('',#7388);
#7388 = CARTESIAN_POINT('',(-2.225,-1.875,0.));
#7389 = LINE('',#7390,#7391);
#7390 = CARTESIAN_POINT('',(-2.5,-1.875,0.));
#7391 = VECTOR('',#7392,1.);
#7392 = DIRECTION('',(1.,-4.669739647545E-16,0.));
#7393 = ORIENTED_EDGE('',*,*,#7394,.T.);
#7394 = EDGE_CURVE('',#7385,#7395,#7397,.T.);
#7395 = VERTEX_POINT('',#7396);
#7396 = CARTESIAN_POINT('',(-2.5,-1.875,0.2));
#7397 = LINE('',#7398,#7399);
#7398 = CARTESIAN_POINT('',(-2.5,-1.875,0.));
#7399 = VECTOR('',#7400,1.);
#7400 = DIRECTION('',(0.,0.,1.));
#7401 = ORIENTED_EDGE('',*,*,#7402,.T.);
#7402 = EDGE_CURVE('',#7395,#7194,#7403,.T.);
#7403 = LINE('',#7404,#7405);
#7404 = CARTESIAN_POINT('',(-2.5,-1.875,0.2));
#7405 = VECTOR('',#7406,1.);
#7406 = DIRECTION('',(1.,-4.669739647545E-16,0.));
#7407 = ORIENTED_EDGE('',*,*,#7193,.F.);
#7408 = ORIENTED_EDGE('',*,*,#3298,.F.);
#7409 = ORIENTED_EDGE('',*,*,#7410,.F.);
#7410 = EDGE_CURVE('',#7387,#3290,#7411,.T.);
#7411 = LINE('',#7412,#7413);
#7412 = CARTESIAN_POINT('',(-2.225,-1.875,0.));
#7413 = VECTOR('',#7414,1.);
#7414 = DIRECTION('',(0.,0.,1.));
#7415 = PLANE('',#7416);
#7416 = AXIS2_PLACEMENT_3D('',#7417,#7418,#7419);
#7417 = CARTESIAN_POINT('',(-2.5,-1.875,0.));
#7418 = DIRECTION('',(4.669739647545E-16,1.,0.));
#7419 = DIRECTION('',(1.,-4.669739647545E-16,0.));
#7420 = ADVANCED_FACE('',(#7421),#7440,.T.);
#7421 = FACE_BOUND('',#7422,.T.);
#7422 = EDGE_LOOP('',(#7423,#7431,#7432,#7433));
#7423 = ORIENTED_EDGE('',*,*,#7424,.T.);
#7424 = EDGE_CURVE('',#7425,#3282,#7427,.T.);
#7425 = VERTEX_POINT('',#7426);
#7426 = CARTESIAN_POINT('',(-2.225,-1.625,0.));
#7427 = LINE('',#7428,#7429);
#7428 = CARTESIAN_POINT('',(-2.225,-1.625,0.));
#7429 = VECTOR('',#7430,1.);
#7430 = DIRECTION('',(0.,0.,1.));
#7431 = ORIENTED_EDGE('',*,*,#3289,.T.);
#7432 = ORIENTED_EDGE('',*,*,#7410,.F.);
#7433 = ORIENTED_EDGE('',*,*,#7434,.T.);
#7434 = EDGE_CURVE('',#7387,#7425,#7435,.T.);
#7435 = CIRCLE('',#7436,0.125);
#7436 = AXIS2_PLACEMENT_3D('',#7437,#7438,#7439);
#7437 = CARTESIAN_POINT('',(-2.225,-1.75,0.));
#7438 = DIRECTION('',(0.,0.,1.));
#7439 = DIRECTION('',(-4.669739647545E-16,-1.,0.));
#7440 = CYLINDRICAL_SURFACE('',#7441,0.125);
#7441 = AXIS2_PLACEMENT_3D('',#7442,#7443,#7444);
#7442 = CARTESIAN_POINT('',(-2.225,-1.75,0.));
#7443 = DIRECTION('',(0.,0.,-1.));
#7444 = DIRECTION('',(-4.669739647545E-16,-1.,-0.));
#7445 = ADVANCED_FACE('',(#7446),#7473,.F.);
#7446 = FACE_BOUND('',#7447,.F.);
#7447 = EDGE_LOOP('',(#7448,#7456,#7457,#7458,#7459,#7467));
#7448 = ORIENTED_EDGE('',*,*,#7449,.F.);
#7449 = EDGE_CURVE('',#7425,#7450,#7452,.T.);
#7450 = VERTEX_POINT('',#7451);
#7451 = CARTESIAN_POINT('',(-2.5,-1.625,0.));
#7452 = LINE('',#7453,#7454);
#7453 = CARTESIAN_POINT('',(-2.225,-1.625,0.));
#7454 = VECTOR('',#7455,1.);
#7455 = DIRECTION('',(-1.,4.669739647545E-16,0.));
#7456 = ORIENTED_EDGE('',*,*,#7424,.T.);
#7457 = ORIENTED_EDGE('',*,*,#3281,.F.);
#7458 = ORIENTED_EDGE('',*,*,#7209,.F.);
#7459 = ORIENTED_EDGE('',*,*,#7460,.T.);
#7460 = EDGE_CURVE('',#7202,#7461,#7463,.T.);
#7461 = VERTEX_POINT('',#7462);
#7462 = CARTESIAN_POINT('',(-2.5,-1.625,0.2));
#7463 = LINE('',#7464,#7465);
#7464 = CARTESIAN_POINT('',(-2.225,-1.625,0.2));
#7465 = VECTOR('',#7466,1.);
#7466 = DIRECTION('',(-1.,4.669739647545E-16,0.));
#7467 = ORIENTED_EDGE('',*,*,#7468,.F.);
#7468 = EDGE_CURVE('',#7450,#7461,#7469,.T.);
#7469 = LINE('',#7470,#7471);
#7470 = CARTESIAN_POINT('',(-2.5,-1.625,0.));
#7471 = VECTOR('',#7472,1.);
#7472 = DIRECTION('',(0.,0.,1.));
#7473 = PLANE('',#7474);
#7474 = AXIS2_PLACEMENT_3D('',#7475,#7476,#7477);
#7475 = CARTESIAN_POINT('',(-2.225,-1.625,0.));
#7476 = DIRECTION('',(-4.669739647545E-16,-1.,0.));
#7477 = DIRECTION('',(-1.,4.669739647545E-16,0.));
#7478 = ADVANCED_FACE('',(#7479),#7513,.F.);
#7479 = FACE_BOUND('',#7480,.F.);
#7480 = EDGE_LOOP('',(#7481,#7491,#7499,#7505,#7506,#7507));
#7481 = ORIENTED_EDGE('',*,*,#7482,.F.);
#7482 = EDGE_CURVE('',#7483,#7485,#7487,.T.);
#7483 = VERTEX_POINT('',#7484);
#7484 = CARTESIAN_POINT('',(-2.5,-1.375,0.));
#7485 = VERTEX_POINT('',#7486);
#7486 = CARTESIAN_POINT('',(-2.225,-1.375,0.));
#7487 = LINE('',#7488,#7489);
#7488 = CARTESIAN_POINT('',(-2.5,-1.375,0.));
#7489 = VECTOR('',#7490,1.);
#7490 = DIRECTION('',(1.,-4.669739647545E-16,0.));
#7491 = ORIENTED_EDGE('',*,*,#7492,.T.);
#7492 = EDGE_CURVE('',#7483,#7493,#7495,.T.);
#7493 = VERTEX_POINT('',#7494);
#7494 = CARTESIAN_POINT('',(-2.5,-1.375,0.2));
#7495 = LINE('',#7496,#7497);
#7496 = CARTESIAN_POINT('',(-2.5,-1.375,0.));
#7497 = VECTOR('',#7498,1.);
#7498 = DIRECTION('',(0.,0.,1.));
#7499 = ORIENTED_EDGE('',*,*,#7500,.T.);
#7500 = EDGE_CURVE('',#7493,#7217,#7501,.T.);
#7501 = LINE('',#7502,#7503);
#7502 = CARTESIAN_POINT('',(-2.5,-1.375,0.2));
#7503 = VECTOR('',#7504,1.);
#7504 = DIRECTION('',(1.,-4.669739647545E-16,0.));
#7505 = ORIENTED_EDGE('',*,*,#7216,.F.);
#7506 = ORIENTED_EDGE('',*,*,#3265,.F.);
#7507 = ORIENTED_EDGE('',*,*,#7508,.F.);
#7508 = EDGE_CURVE('',#7485,#3257,#7509,.T.);
#7509 = LINE('',#7510,#7511);
#7510 = CARTESIAN_POINT('',(-2.225,-1.375,0.));
#7511 = VECTOR('',#7512,1.);
#7512 = DIRECTION('',(0.,0.,1.));
#7513 = PLANE('',#7514);
#7514 = AXIS2_PLACEMENT_3D('',#7515,#7516,#7517);
#7515 = CARTESIAN_POINT('',(-2.5,-1.375,0.));
#7516 = DIRECTION('',(4.669739647545E-16,1.,0.));
#7517 = DIRECTION('',(1.,-4.669739647545E-16,0.));
#7518 = ADVANCED_FACE('',(#7519),#7538,.T.);
#7519 = FACE_BOUND('',#7520,.T.);
#7520 = EDGE_LOOP('',(#7521,#7529,#7530,#7531));
#7521 = ORIENTED_EDGE('',*,*,#7522,.T.);
#7522 = EDGE_CURVE('',#7523,#3249,#7525,.T.);
#7523 = VERTEX_POINT('',#7524);
#7524 = CARTESIAN_POINT('',(-2.225,-1.125,0.));
#7525 = LINE('',#7526,#7527);
#7526 = CARTESIAN_POINT('',(-2.225,-1.125,0.));
#7527 = VECTOR('',#7528,1.);
#7528 = DIRECTION('',(0.,0.,1.));
#7529 = ORIENTED_EDGE('',*,*,#3256,.T.);
#7530 = ORIENTED_EDGE('',*,*,#7508,.F.);
#7531 = ORIENTED_EDGE('',*,*,#7532,.T.);
#7532 = EDGE_CURVE('',#7485,#7523,#7533,.T.);
#7533 = CIRCLE('',#7534,0.125);
#7534 = AXIS2_PLACEMENT_3D('',#7535,#7536,#7537);
#7535 = CARTESIAN_POINT('',(-2.225,-1.25,0.));
#7536 = DIRECTION('',(0.,0.,1.));
#7537 = DIRECTION('',(-4.669739647545E-16,-1.,0.));
#7538 = CYLINDRICAL_SURFACE('',#7539,0.125);
#7539 = AXIS2_PLACEMENT_3D('',#7540,#7541,#7542);
#7540 = CARTESIAN_POINT('',(-2.225,-1.25,0.));
#7541 = DIRECTION('',(0.,0.,-1.));
#7542 = DIRECTION('',(-4.669739647545E-16,-1.,-0.));
#7543 = ADVANCED_FACE('',(#7544),#7571,.F.);
#7544 = FACE_BOUND('',#7545,.F.);
#7545 = EDGE_LOOP('',(#7546,#7554,#7555,#7556,#7557,#7565));
#7546 = ORIENTED_EDGE('',*,*,#7547,.F.);
#7547 = EDGE_CURVE('',#7523,#7548,#7550,.T.);
#7548 = VERTEX_POINT('',#7549);
#7549 = CARTESIAN_POINT('',(-2.5,-1.125,0.));
#7550 = LINE('',#7551,#7552);
#7551 = CARTESIAN_POINT('',(-2.225,-1.125,0.));
#7552 = VECTOR('',#7553,1.);
#7553 = DIRECTION('',(-1.,4.669739647545E-16,0.));
#7554 = ORIENTED_EDGE('',*,*,#7522,.T.);
#7555 = ORIENTED_EDGE('',*,*,#3248,.F.);
#7556 = ORIENTED_EDGE('',*,*,#7232,.F.);
#7557 = ORIENTED_EDGE('',*,*,#7558,.T.);
#7558 = EDGE_CURVE('',#7225,#7559,#7561,.T.);
#7559 = VERTEX_POINT('',#7560);
#7560 = CARTESIAN_POINT('',(-2.5,-1.125,0.2));
#7561 = LINE('',#7562,#7563);
#7562 = CARTESIAN_POINT('',(-2.225,-1.125,0.2));
#7563 = VECTOR('',#7564,1.);
#7564 = DIRECTION('',(-1.,4.669739647545E-16,0.));
#7565 = ORIENTED_EDGE('',*,*,#7566,.F.);
#7566 = EDGE_CURVE('',#7548,#7559,#7567,.T.);
#7567 = LINE('',#7568,#7569);
#7568 = CARTESIAN_POINT('',(-2.5,-1.125,0.));
#7569 = VECTOR('',#7570,1.);
#7570 = DIRECTION('',(0.,0.,1.));
#7571 = PLANE('',#7572);
#7572 = AXIS2_PLACEMENT_3D('',#7573,#7574,#7575);
#7573 = CARTESIAN_POINT('',(-2.225,-1.125,0.));
#7574 = DIRECTION('',(-4.669739647545E-16,-1.,0.));
#7575 = DIRECTION('',(-1.,4.669739647545E-16,0.));
#7576 = ADVANCED_FACE('',(#7577),#7611,.F.);
#7577 = FACE_BOUND('',#7578,.F.);
#7578 = EDGE_LOOP('',(#7579,#7589,#7597,#7603,#7604,#7605));
#7579 = ORIENTED_EDGE('',*,*,#7580,.F.);
#7580 = EDGE_CURVE('',#7581,#7583,#7585,.T.);
#7581 = VERTEX_POINT('',#7582);
#7582 = CARTESIAN_POINT('',(-2.5,-0.875,0.));
#7583 = VERTEX_POINT('',#7584);
#7584 = CARTESIAN_POINT('',(-2.225,-0.875,0.));
#7585 = LINE('',#7586,#7587);
#7586 = CARTESIAN_POINT('',(-2.5,-0.875,0.));
#7587 = VECTOR('',#7588,1.);
#7588 = DIRECTION('',(1.,-4.669739647545E-16,0.));
#7589 = ORIENTED_EDGE('',*,*,#7590,.T.);
#7590 = EDGE_CURVE('',#7581,#7591,#7593,.T.);
#7591 = VERTEX_POINT('',#7592);
#7592 = CARTESIAN_POINT('',(-2.5,-0.875,0.2));
#7593 = LINE('',#7594,#7595);
#7594 = CARTESIAN_POINT('',(-2.5,-0.875,0.));
#7595 = VECTOR('',#7596,1.);
#7596 = DIRECTION('',(0.,0.,1.));
#7597 = ORIENTED_EDGE('',*,*,#7598,.T.);
#7598 = EDGE_CURVE('',#7591,#7240,#7599,.T.);
#7599 = LINE('',#7600,#7601);
#7600 = CARTESIAN_POINT('',(-2.5,-0.875,0.2));
#7601 = VECTOR('',#7602,1.);
#7602 = DIRECTION('',(1.,-4.669739647545E-16,0.));
#7603 = ORIENTED_EDGE('',*,*,#7239,.F.);
#7604 = ORIENTED_EDGE('',*,*,#3232,.F.);
#7605 = ORIENTED_EDGE('',*,*,#7606,.F.);
#7606 = EDGE_CURVE('',#7583,#3224,#7607,.T.);
#7607 = LINE('',#7608,#7609);
#7608 = CARTESIAN_POINT('',(-2.225,-0.875,0.));
#7609 = VECTOR('',#7610,1.);
#7610 = DIRECTION('',(0.,0.,1.));
#7611 = PLANE('',#7612);
#7612 = AXIS2_PLACEMENT_3D('',#7613,#7614,#7615);
#7613 = CARTESIAN_POINT('',(-2.5,-0.875,0.));
#7614 = DIRECTION('',(4.669739647545E-16,1.,0.));
#7615 = DIRECTION('',(1.,-4.669739647545E-16,0.));
#7616 = ADVANCED_FACE('',(#7617),#7636,.T.);
#7617 = FACE_BOUND('',#7618,.T.);
#7618 = EDGE_LOOP('',(#7619,#7627,#7628,#7629));
#7619 = ORIENTED_EDGE('',*,*,#7620,.T.);
#7620 = EDGE_CURVE('',#7621,#3216,#7623,.T.);
#7621 = VERTEX_POINT('',#7622);
#7622 = CARTESIAN_POINT('',(-2.225,-0.625,0.));
#7623 = LINE('',#7624,#7625);
#7624 = CARTESIAN_POINT('',(-2.225,-0.625,0.));
#7625 = VECTOR('',#7626,1.);
#7626 = DIRECTION('',(0.,0.,1.));
#7627 = ORIENTED_EDGE('',*,*,#3223,.T.);
#7628 = ORIENTED_EDGE('',*,*,#7606,.F.);
#7629 = ORIENTED_EDGE('',*,*,#7630,.T.);
#7630 = EDGE_CURVE('',#7583,#7621,#7631,.T.);
#7631 = CIRCLE('',#7632,0.125);
#7632 = AXIS2_PLACEMENT_3D('',#7633,#7634,#7635);
#7633 = CARTESIAN_POINT('',(-2.225,-0.75,0.));
#7634 = DIRECTION('',(0.,0.,1.));
#7635 = DIRECTION('',(-4.669739647545E-16,-1.,0.));
#7636 = CYLINDRICAL_SURFACE('',#7637,0.125);
#7637 = AXIS2_PLACEMENT_3D('',#7638,#7639,#7640);
#7638 = CARTESIAN_POINT('',(-2.225,-0.75,0.));
#7639 = DIRECTION('',(0.,0.,-1.));
#7640 = DIRECTION('',(-4.669739647545E-16,-1.,-0.));
#7641 = ADVANCED_FACE('',(#7642),#7669,.F.);
#7642 = FACE_BOUND('',#7643,.F.);
#7643 = EDGE_LOOP('',(#7644,#7652,#7653,#7654,#7655,#7663));
#7644 = ORIENTED_EDGE('',*,*,#7645,.F.);
#7645 = EDGE_CURVE('',#7621,#7646,#7648,.T.);
#7646 = VERTEX_POINT('',#7647);
#7647 = CARTESIAN_POINT('',(-2.5,-0.625,0.));
#7648 = LINE('',#7649,#7650);
#7649 = CARTESIAN_POINT('',(-2.225,-0.625,0.));
#7650 = VECTOR('',#7651,1.);
#7651 = DIRECTION('',(-1.,4.669739647545E-16,0.));
#7652 = ORIENTED_EDGE('',*,*,#7620,.T.);
#7653 = ORIENTED_EDGE('',*,*,#3215,.F.);
#7654 = ORIENTED_EDGE('',*,*,#7255,.F.);
#7655 = ORIENTED_EDGE('',*,*,#7656,.T.);
#7656 = EDGE_CURVE('',#7248,#7657,#7659,.T.);
#7657 = VERTEX_POINT('',#7658);
#7658 = CARTESIAN_POINT('',(-2.5,-0.625,0.2));
#7659 = LINE('',#7660,#7661);
#7660 = CARTESIAN_POINT('',(-2.225,-0.625,0.2));
#7661 = VECTOR('',#7662,1.);
#7662 = DIRECTION('',(-1.,4.669739647545E-16,0.));
#7663 = ORIENTED_EDGE('',*,*,#7664,.F.);
#7664 = EDGE_CURVE('',#7646,#7657,#7665,.T.);
#7665 = LINE('',#7666,#7667);
#7666 = CARTESIAN_POINT('',(-2.5,-0.625,0.));
#7667 = VECTOR('',#7668,1.);
#7668 = DIRECTION('',(0.,0.,1.));
#7669 = PLANE('',#7670);
#7670 = AXIS2_PLACEMENT_3D('',#7671,#7672,#7673);
#7671 = CARTESIAN_POINT('',(-2.225,-0.625,0.));
#7672 = DIRECTION('',(-4.669739647545E-16,-1.,0.));
#7673 = DIRECTION('',(-1.,4.669739647545E-16,0.));
#7674 = ADVANCED_FACE('',(#7675),#7709,.F.);
#7675 = FACE_BOUND('',#7676,.F.);
#7676 = EDGE_LOOP('',(#7677,#7687,#7695,#7701,#7702,#7703));
#7677 = ORIENTED_EDGE('',*,*,#7678,.F.);
#7678 = EDGE_CURVE('',#7679,#7681,#7683,.T.);
#7679 = VERTEX_POINT('',#7680);
#7680 = CARTESIAN_POINT('',(-2.5,-0.375,0.));
#7681 = VERTEX_POINT('',#7682);
#7682 = CARTESIAN_POINT('',(-2.225,-0.375,0.));
#7683 = LINE('',#7684,#7685);
#7684 = CARTESIAN_POINT('',(-2.5,-0.375,0.));
#7685 = VECTOR('',#7686,1.);
#7686 = DIRECTION('',(1.,-4.669739647545E-16,0.));
#7687 = ORIENTED_EDGE('',*,*,#7688,.T.);
#7688 = EDGE_CURVE('',#7679,#7689,#7691,.T.);
#7689 = VERTEX_POINT('',#7690);
#7690 = CARTESIAN_POINT('',(-2.5,-0.375,0.2));
#7691 = LINE('',#7692,#7693);
#7692 = CARTESIAN_POINT('',(-2.5,-0.375,0.));
#7693 = VECTOR('',#7694,1.);
#7694 = DIRECTION('',(0.,0.,1.));
#7695 = ORIENTED_EDGE('',*,*,#7696,.T.);
#7696 = EDGE_CURVE('',#7689,#7263,#7697,.T.);
#7697 = LINE('',#7698,#7699);
#7698 = CARTESIAN_POINT('',(-2.5,-0.375,0.2));
#7699 = VECTOR('',#7700,1.);
#7700 = DIRECTION('',(1.,-4.669739647545E-16,0.));
#7701 = ORIENTED_EDGE('',*,*,#7262,.F.);
#7702 = ORIENTED_EDGE('',*,*,#3199,.F.);
#7703 = ORIENTED_EDGE('',*,*,#7704,.F.);
#7704 = EDGE_CURVE('',#7681,#3191,#7705,.T.);
#7705 = LINE('',#7706,#7707);
#7706 = CARTESIAN_POINT('',(-2.225,-0.375,0.));
#7707 = VECTOR('',#7708,1.);
#7708 = DIRECTION('',(0.,0.,1.));
#7709 = PLANE('',#7710);
#7710 = AXIS2_PLACEMENT_3D('',#7711,#7712,#7713);
#7711 = CARTESIAN_POINT('',(-2.5,-0.375,0.));
#7712 = DIRECTION('',(4.669739647545E-16,1.,0.));
#7713 = DIRECTION('',(1.,-4.669739647545E-16,0.));
#7714 = ADVANCED_FACE('',(#7715),#7734,.T.);
#7715 = FACE_BOUND('',#7716,.T.);
#7716 = EDGE_LOOP('',(#7717,#7725,#7726,#7727));
#7717 = ORIENTED_EDGE('',*,*,#7718,.T.);
#7718 = EDGE_CURVE('',#7719,#3183,#7721,.T.);
#7719 = VERTEX_POINT('',#7720);
#7720 = CARTESIAN_POINT('',(-2.225,-0.125,0.));
#7721 = LINE('',#7722,#7723);
#7722 = CARTESIAN_POINT('',(-2.225,-0.125,0.));
#7723 = VECTOR('',#7724,1.);
#7724 = DIRECTION('',(0.,0.,1.));
#7725 = ORIENTED_EDGE('',*,*,#3190,.T.);
#7726 = ORIENTED_EDGE('',*,*,#7704,.F.);
#7727 = ORIENTED_EDGE('',*,*,#7728,.T.);
#7728 = EDGE_CURVE('',#7681,#7719,#7729,.T.);
#7729 = CIRCLE('',#7730,0.125);
#7730 = AXIS2_PLACEMENT_3D('',#7731,#7732,#7733);
#7731 = CARTESIAN_POINT('',(-2.225,-0.25,0.));
#7732 = DIRECTION('',(0.,0.,1.));
#7733 = DIRECTION('',(-4.669739647545E-16,-1.,0.));
#7734 = CYLINDRICAL_SURFACE('',#7735,0.125);
#7735 = AXIS2_PLACEMENT_3D('',#7736,#7737,#7738);
#7736 = CARTESIAN_POINT('',(-2.225,-0.25,0.));
#7737 = DIRECTION('',(0.,0.,-1.));
#7738 = DIRECTION('',(-4.669739647545E-16,-1.,-0.));
#7739 = ADVANCED_FACE('',(#7740),#7767,.F.);
#7740 = FACE_BOUND('',#7741,.F.);
#7741 = EDGE_LOOP('',(#7742,#7750,#7751,#7752,#7753,#7761));
#7742 = ORIENTED_EDGE('',*,*,#7743,.F.);
#7743 = EDGE_CURVE('',#7719,#7744,#7746,.T.);
#7744 = VERTEX_POINT('',#7745);
#7745 = CARTESIAN_POINT('',(-2.5,-0.125,0.));
#7746 = LINE('',#7747,#7748);
#7747 = CARTESIAN_POINT('',(-2.225,-0.125,0.));
#7748 = VECTOR('',#7749,1.);
#7749 = DIRECTION('',(-1.,4.669739647545E-16,0.));
#7750 = ORIENTED_EDGE('',*,*,#7718,.T.);
#7751 = ORIENTED_EDGE('',*,*,#3182,.F.);
#7752 = ORIENTED_EDGE('',*,*,#7278,.F.);
#7753 = ORIENTED_EDGE('',*,*,#7754,.T.);
#7754 = EDGE_CURVE('',#7271,#7755,#7757,.T.);
#7755 = VERTEX_POINT('',#7756);
#7756 = CARTESIAN_POINT('',(-2.5,-0.125,0.2));
#7757 = LINE('',#7758,#7759);
#7758 = CARTESIAN_POINT('',(-2.225,-0.125,0.2));
#7759 = VECTOR('',#7760,1.);
#7760 = DIRECTION('',(-1.,4.669739647545E-16,0.));
#7761 = ORIENTED_EDGE('',*,*,#7762,.F.);
#7762 = EDGE_CURVE('',#7744,#7755,#7763,.T.);
#7763 = LINE('',#7764,#7765);
#7764 = CARTESIAN_POINT('',(-2.5,-0.125,0.));
#7765 = VECTOR('',#7766,1.);
#7766 = DIRECTION('',(0.,0.,1.));
#7767 = PLANE('',#7768);
#7768 = AXIS2_PLACEMENT_3D('',#7769,#7770,#7771);
#7769 = CARTESIAN_POINT('',(-2.225,-0.125,0.));
#7770 = DIRECTION('',(-4.669739647545E-16,-1.,0.));
#7771 = DIRECTION('',(-1.,4.669739647545E-16,0.));
#7772 = ADVANCED_FACE('',(#7773),#7807,.F.);
#7773 = FACE_BOUND('',#7774,.F.);
#7774 = EDGE_LOOP('',(#7775,#7785,#7793,#7799,#7800,#7801));
#7775 = ORIENTED_EDGE('',*,*,#7776,.F.);
#7776 = EDGE_CURVE('',#7777,#7779,#7781,.T.);
#7777 = VERTEX_POINT('',#7778);
#7778 = CARTESIAN_POINT('',(-2.5,0.125,0.));
#7779 = VERTEX_POINT('',#7780);
#7780 = CARTESIAN_POINT('',(-2.225,0.125,0.));
#7781 = LINE('',#7782,#7783);
#7782 = CARTESIAN_POINT('',(-2.5,0.125,0.));
#7783 = VECTOR('',#7784,1.);
#7784 = DIRECTION('',(1.,-4.669739647545E-16,0.));
#7785 = ORIENTED_EDGE('',*,*,#7786,.T.);
#7786 = EDGE_CURVE('',#7777,#7787,#7789,.T.);
#7787 = VERTEX_POINT('',#7788);
#7788 = CARTESIAN_POINT('',(-2.5,0.125,0.2));
#7789 = LINE('',#7790,#7791);
#7790 = CARTESIAN_POINT('',(-2.5,0.125,0.));
#7791 = VECTOR('',#7792,1.);
#7792 = DIRECTION('',(0.,0.,1.));
#7793 = ORIENTED_EDGE('',*,*,#7794,.T.);
#7794 = EDGE_CURVE('',#7787,#7286,#7795,.T.);
#7795 = LINE('',#7796,#7797);
#7796 = CARTESIAN_POINT('',(-2.5,0.125,0.2));
#7797 = VECTOR('',#7798,1.);
#7798 = DIRECTION('',(1.,-4.669739647545E-16,0.));
#7799 = ORIENTED_EDGE('',*,*,#7285,.F.);
#7800 = ORIENTED_EDGE('',*,*,#3166,.F.);
#7801 = ORIENTED_EDGE('',*,*,#7802,.F.);
#7802 = EDGE_CURVE('',#7779,#3158,#7803,.T.);
#7803 = LINE('',#7804,#7805);
#7804 = CARTESIAN_POINT('',(-2.225,0.125,0.));
#7805 = VECTOR('',#7806,1.);
#7806 = DIRECTION('',(0.,0.,1.));
#7807 = PLANE('',#7808);
#7808 = AXIS2_PLACEMENT_3D('',#7809,#7810,#7811);
#7809 = CARTESIAN_POINT('',(-2.5,0.125,0.));
#7810 = DIRECTION('',(4.669739647545E-16,1.,0.));
#7811 = DIRECTION('',(1.,-4.669739647545E-16,0.));
#7812 = ADVANCED_FACE('',(#7813),#7832,.T.);
#7813 = FACE_BOUND('',#7814,.T.);
#7814 = EDGE_LOOP('',(#7815,#7823,#7824,#7825));
#7815 = ORIENTED_EDGE('',*,*,#7816,.T.);
#7816 = EDGE_CURVE('',#7817,#3150,#7819,.T.);
#7817 = VERTEX_POINT('',#7818);
#7818 = CARTESIAN_POINT('',(-2.225,0.375,0.));
#7819 = LINE('',#7820,#7821);
#7820 = CARTESIAN_POINT('',(-2.225,0.375,0.));
#7821 = VECTOR('',#7822,1.);
#7822 = DIRECTION('',(0.,0.,1.));
#7823 = ORIENTED_EDGE('',*,*,#3157,.T.);
#7824 = ORIENTED_EDGE('',*,*,#7802,.F.);
#7825 = ORIENTED_EDGE('',*,*,#7826,.T.);
#7826 = EDGE_CURVE('',#7779,#7817,#7827,.T.);
#7827 = CIRCLE('',#7828,0.125);
#7828 = AXIS2_PLACEMENT_3D('',#7829,#7830,#7831);
#7829 = CARTESIAN_POINT('',(-2.225,0.25,0.));
#7830 = DIRECTION('',(0.,0.,1.));
#7831 = DIRECTION('',(-4.669739647545E-16,-1.,0.));
#7832 = CYLINDRICAL_SURFACE('',#7833,0.125);
#7833 = AXIS2_PLACEMENT_3D('',#7834,#7835,#7836);
#7834 = CARTESIAN_POINT('',(-2.225,0.25,0.));
#7835 = DIRECTION('',(0.,0.,-1.));
#7836 = DIRECTION('',(-4.669739647545E-16,-1.,-0.));
#7837 = ADVANCED_FACE('',(#7838),#7865,.F.);
#7838 = FACE_BOUND('',#7839,.F.);
#7839 = EDGE_LOOP('',(#7840,#7848,#7849,#7850,#7851,#7859));
#7840 = ORIENTED_EDGE('',*,*,#7841,.F.);
#7841 = EDGE_CURVE('',#7817,#7842,#7844,.T.);
#7842 = VERTEX_POINT('',#7843);
#7843 = CARTESIAN_POINT('',(-2.5,0.375,0.));
#7844 = LINE('',#7845,#7846);
#7845 = CARTESIAN_POINT('',(-2.225,0.375,0.));
#7846 = VECTOR('',#7847,1.);
#7847 = DIRECTION('',(-1.,4.669739647545E-16,0.));
#7848 = ORIENTED_EDGE('',*,*,#7816,.T.);
#7849 = ORIENTED_EDGE('',*,*,#3149,.F.);
#7850 = ORIENTED_EDGE('',*,*,#7301,.F.);
#7851 = ORIENTED_EDGE('',*,*,#7852,.T.);
#7852 = EDGE_CURVE('',#7294,#7853,#7855,.T.);
#7853 = VERTEX_POINT('',#7854);
#7854 = CARTESIAN_POINT('',(-2.5,0.375,0.2));
#7855 = LINE('',#7856,#7857);
#7856 = CARTESIAN_POINT('',(-2.225,0.375,0.2));
#7857 = VECTOR('',#7858,1.);
#7858 = DIRECTION('',(-1.,4.669739647545E-16,0.));
#7859 = ORIENTED_EDGE('',*,*,#7860,.F.);
#7860 = EDGE_CURVE('',#7842,#7853,#7861,.T.);
#7861 = LINE('',#7862,#7863);
#7862 = CARTESIAN_POINT('',(-2.5,0.375,0.));
#7863 = VECTOR('',#7864,1.);
#7864 = DIRECTION('',(0.,0.,1.));
#7865 = PLANE('',#7866);
#7866 = AXIS2_PLACEMENT_3D('',#7867,#7868,#7869);
#7867 = CARTESIAN_POINT('',(-2.225,0.375,0.));
#7868 = DIRECTION('',(-4.669739647545E-16,-1.,0.));
#7869 = DIRECTION('',(-1.,4.669739647545E-16,0.));
#7870 = ADVANCED_FACE('',(#7871),#7905,.F.);
#7871 = FACE_BOUND('',#7872,.F.);
#7872 = EDGE_LOOP('',(#7873,#7883,#7891,#7897,#7898,#7899));
#7873 = ORIENTED_EDGE('',*,*,#7874,.F.);
#7874 = EDGE_CURVE('',#7875,#7877,#7879,.T.);
#7875 = VERTEX_POINT('',#7876);
#7876 = CARTESIAN_POINT('',(-2.5,0.625,0.));
#7877 = VERTEX_POINT('',#7878);
#7878 = CARTESIAN_POINT('',(-2.225,0.625,0.));
#7879 = LINE('',#7880,#7881);
#7880 = CARTESIAN_POINT('',(-2.5,0.625,0.));
#7881 = VECTOR('',#7882,1.);
#7882 = DIRECTION('',(1.,-4.669739647545E-16,0.));
#7883 = ORIENTED_EDGE('',*,*,#7884,.T.);
#7884 = EDGE_CURVE('',#7875,#7885,#7887,.T.);
#7885 = VERTEX_POINT('',#7886);
#7886 = CARTESIAN_POINT('',(-2.5,0.625,0.2));
#7887 = LINE('',#7888,#7889);
#7888 = CARTESIAN_POINT('',(-2.5,0.625,0.));
#7889 = VECTOR('',#7890,1.);
#7890 = DIRECTION('',(0.,0.,1.));
#7891 = ORIENTED_EDGE('',*,*,#7892,.T.);
#7892 = EDGE_CURVE('',#7885,#7309,#7893,.T.);
#7893 = LINE('',#7894,#7895);
#7894 = CARTESIAN_POINT('',(-2.5,0.625,0.2));
#7895 = VECTOR('',#7896,1.);
#7896 = DIRECTION('',(1.,-4.669739647545E-16,0.));
#7897 = ORIENTED_EDGE('',*,*,#7308,.F.);
#7898 = ORIENTED_EDGE('',*,*,#3133,.F.);
#7899 = ORIENTED_EDGE('',*,*,#7900,.F.);
#7900 = EDGE_CURVE('',#7877,#3125,#7901,.T.);
#7901 = LINE('',#7902,#7903);
#7902 = CARTESIAN_POINT('',(-2.225,0.625,0.));
#7903 = VECTOR('',#7904,1.);
#7904 = DIRECTION('',(0.,0.,1.));
#7905 = PLANE('',#7906);
#7906 = AXIS2_PLACEMENT_3D('',#7907,#7908,#7909);
#7907 = CARTESIAN_POINT('',(-2.5,0.625,0.));
#7908 = DIRECTION('',(4.669739647545E-16,1.,0.));
#7909 = DIRECTION('',(1.,-4.669739647545E-16,0.));
#7910 = ADVANCED_FACE('',(#7911),#7930,.T.);
#7911 = FACE_BOUND('',#7912,.T.);
#7912 = EDGE_LOOP('',(#7913,#7921,#7922,#7923));
#7913 = ORIENTED_EDGE('',*,*,#7914,.T.);
#7914 = EDGE_CURVE('',#7915,#3117,#7917,.T.);
#7915 = VERTEX_POINT('',#7916);
#7916 = CARTESIAN_POINT('',(-2.225,0.875,0.));
#7917 = LINE('',#7918,#7919);
#7918 = CARTESIAN_POINT('',(-2.225,0.875,0.));
#7919 = VECTOR('',#7920,1.);
#7920 = DIRECTION('',(0.,0.,1.));
#7921 = ORIENTED_EDGE('',*,*,#3124,.T.);
#7922 = ORIENTED_EDGE('',*,*,#7900,.F.);
#7923 = ORIENTED_EDGE('',*,*,#7924,.T.);
#7924 = EDGE_CURVE('',#7877,#7915,#7925,.T.);
#7925 = CIRCLE('',#7926,0.125);
#7926 = AXIS2_PLACEMENT_3D('',#7927,#7928,#7929);
#7927 = CARTESIAN_POINT('',(-2.225,0.75,0.));
#7928 = DIRECTION('',(0.,0.,1.));
#7929 = DIRECTION('',(-4.669739647545E-16,-1.,0.));
#7930 = CYLINDRICAL_SURFACE('',#7931,0.125);
#7931 = AXIS2_PLACEMENT_3D('',#7932,#7933,#7934);
#7932 = CARTESIAN_POINT('',(-2.225,0.75,0.));
#7933 = DIRECTION('',(0.,0.,-1.));
#7934 = DIRECTION('',(-4.669739647545E-16,-1.,-0.));
#7935 = ADVANCED_FACE('',(#7936),#7963,.F.);
#7936 = FACE_BOUND('',#7937,.F.);
#7937 = EDGE_LOOP('',(#7938,#7946,#7947,#7948,#7949,#7957));
#7938 = ORIENTED_EDGE('',*,*,#7939,.F.);
#7939 = EDGE_CURVE('',#7915,#7940,#7942,.T.);
#7940 = VERTEX_POINT('',#7941);
#7941 = CARTESIAN_POINT('',(-2.5,0.875,0.));
#7942 = LINE('',#7943,#7944);
#7943 = CARTESIAN_POINT('',(-2.225,0.875,0.));
#7944 = VECTOR('',#7945,1.);
#7945 = DIRECTION('',(-1.,4.669739647545E-16,0.));
#7946 = ORIENTED_EDGE('',*,*,#7914,.T.);
#7947 = ORIENTED_EDGE('',*,*,#3116,.F.);
#7948 = ORIENTED_EDGE('',*,*,#7324,.F.);
#7949 = ORIENTED_EDGE('',*,*,#7950,.T.);
#7950 = EDGE_CURVE('',#7317,#7951,#7953,.T.);
#7951 = VERTEX_POINT('',#7952);
#7952 = CARTESIAN_POINT('',(-2.5,0.875,0.2));
#7953 = LINE('',#7954,#7955);
#7954 = CARTESIAN_POINT('',(-2.225,0.875,0.2));
#7955 = VECTOR('',#7956,1.);
#7956 = DIRECTION('',(-1.,4.669739647545E-16,0.));
#7957 = ORIENTED_EDGE('',*,*,#7958,.F.);
#7958 = EDGE_CURVE('',#7940,#7951,#7959,.T.);
#7959 = LINE('',#7960,#7961);
#7960 = CARTESIAN_POINT('',(-2.5,0.875,0.));
#7961 = VECTOR('',#7962,1.);
#7962 = DIRECTION('',(0.,0.,1.));
#7963 = PLANE('',#7964);
#7964 = AXIS2_PLACEMENT_3D('',#7965,#7966,#7967);
#7965 = CARTESIAN_POINT('',(-2.225,0.875,0.));
#7966 = DIRECTION('',(-4.669739647545E-16,-1.,0.));
#7967 = DIRECTION('',(-1.,4.669739647545E-16,0.));
#7968 = ADVANCED_FACE('',(#7969),#8003,.F.);
#7969 = FACE_BOUND('',#7970,.F.);
#7970 = EDGE_LOOP('',(#7971,#7981,#7989,#7995,#7996,#7997));
#7971 = ORIENTED_EDGE('',*,*,#7972,.F.);
#7972 = EDGE_CURVE('',#7973,#7975,#7977,.T.);
#7973 = VERTEX_POINT('',#7974);
#7974 = CARTESIAN_POINT('',(-2.5,1.125,0.));
#7975 = VERTEX_POINT('',#7976);
#7976 = CARTESIAN_POINT('',(-2.225,1.125,0.));
#7977 = LINE('',#7978,#7979);
#7978 = CARTESIAN_POINT('',(-2.5,1.125,0.));
#7979 = VECTOR('',#7980,1.);
#7980 = DIRECTION('',(1.,-4.669739647545E-16,0.));
#7981 = ORIENTED_EDGE('',*,*,#7982,.T.);
#7982 = EDGE_CURVE('',#7973,#7983,#7985,.T.);
#7983 = VERTEX_POINT('',#7984);
#7984 = CARTESIAN_POINT('',(-2.5,1.125,0.2));
#7985 = LINE('',#7986,#7987);
#7986 = CARTESIAN_POINT('',(-2.5,1.125,0.));
#7987 = VECTOR('',#7988,1.);
#7988 = DIRECTION('',(0.,0.,1.));
#7989 = ORIENTED_EDGE('',*,*,#7990,.T.);
#7990 = EDGE_CURVE('',#7983,#7332,#7991,.T.);
#7991 = LINE('',#7992,#7993);
#7992 = CARTESIAN_POINT('',(-2.5,1.125,0.2));
#7993 = VECTOR('',#7994,1.);
#7994 = DIRECTION('',(1.,-4.669739647545E-16,0.));
#7995 = ORIENTED_EDGE('',*,*,#7331,.F.);
#7996 = ORIENTED_EDGE('',*,*,#3100,.F.);
#7997 = ORIENTED_EDGE('',*,*,#7998,.F.);
#7998 = EDGE_CURVE('',#7975,#3092,#7999,.T.);
#7999 = LINE('',#8000,#8001);
#8000 = CARTESIAN_POINT('',(-2.225,1.125,0.));
#8001 = VECTOR('',#8002,1.);
#8002 = DIRECTION('',(0.,0.,1.));
#8003 = PLANE('',#8004);
#8004 = AXIS2_PLACEMENT_3D('',#8005,#8006,#8007);
#8005 = CARTESIAN_POINT('',(-2.5,1.125,0.));
#8006 = DIRECTION('',(4.669739647545E-16,1.,0.));
#8007 = DIRECTION('',(1.,-4.669739647545E-16,0.));
#8008 = ADVANCED_FACE('',(#8009),#8028,.T.);
#8009 = FACE_BOUND('',#8010,.T.);
#8010 = EDGE_LOOP('',(#8011,#8019,#8020,#8021));
#8011 = ORIENTED_EDGE('',*,*,#8012,.T.);
#8012 = EDGE_CURVE('',#8013,#3084,#8015,.T.);
#8013 = VERTEX_POINT('',#8014);
#8014 = CARTESIAN_POINT('',(-2.225,1.375,0.));
#8015 = LINE('',#8016,#8017);
#8016 = CARTESIAN_POINT('',(-2.225,1.375,0.));
#8017 = VECTOR('',#8018,1.);
#8018 = DIRECTION('',(0.,0.,1.));
#8019 = ORIENTED_EDGE('',*,*,#3091,.T.);
#8020 = ORIENTED_EDGE('',*,*,#7998,.F.);
#8021 = ORIENTED_EDGE('',*,*,#8022,.T.);
#8022 = EDGE_CURVE('',#7975,#8013,#8023,.T.);
#8023 = CIRCLE('',#8024,0.125);
#8024 = AXIS2_PLACEMENT_3D('',#8025,#8026,#8027);
#8025 = CARTESIAN_POINT('',(-2.225,1.25,0.));
#8026 = DIRECTION('',(0.,0.,1.));
#8027 = DIRECTION('',(-4.669739647545E-16,-1.,0.));
#8028 = CYLINDRICAL_SURFACE('',#8029,0.125);
#8029 = AXIS2_PLACEMENT_3D('',#8030,#8031,#8032);
#8030 = CARTESIAN_POINT('',(-2.225,1.25,0.));
#8031 = DIRECTION('',(0.,0.,-1.));
#8032 = DIRECTION('',(-4.669739647545E-16,-1.,-0.));
#8033 = ADVANCED_FACE('',(#8034),#8061,.F.);
#8034 = FACE_BOUND('',#8035,.F.);
#8035 = EDGE_LOOP('',(#8036,#8044,#8045,#8046,#8047,#8055));
#8036 = ORIENTED_EDGE('',*,*,#8037,.F.);
#8037 = EDGE_CURVE('',#8013,#8038,#8040,.T.);
#8038 = VERTEX_POINT('',#8039);
#8039 = CARTESIAN_POINT('',(-2.5,1.375,0.));
#8040 = LINE('',#8041,#8042);
#8041 = CARTESIAN_POINT('',(-2.225,1.375,0.));
#8042 = VECTOR('',#8043,1.);
#8043 = DIRECTION('',(-1.,4.669739647545E-16,0.));
#8044 = ORIENTED_EDGE('',*,*,#8012,.T.);
#8045 = ORIENTED_EDGE('',*,*,#3083,.F.);
#8046 = ORIENTED_EDGE('',*,*,#7347,.F.);
#8047 = ORIENTED_EDGE('',*,*,#8048,.T.);
#8048 = EDGE_CURVE('',#7340,#8049,#8051,.T.);
#8049 = VERTEX_POINT('',#8050);
#8050 = CARTESIAN_POINT('',(-2.5,1.375,0.2));
#8051 = LINE('',#8052,#8053);
#8052 = CARTESIAN_POINT('',(-2.225,1.375,0.2));
#8053 = VECTOR('',#8054,1.);
#8054 = DIRECTION('',(-1.,4.669739647545E-16,0.));
#8055 = ORIENTED_EDGE('',*,*,#8056,.F.);
#8056 = EDGE_CURVE('',#8038,#8049,#8057,.T.);
#8057 = LINE('',#8058,#8059);
#8058 = CARTESIAN_POINT('',(-2.5,1.375,0.));
#8059 = VECTOR('',#8060,1.);
#8060 = DIRECTION('',(0.,0.,1.));
#8061 = PLANE('',#8062);
#8062 = AXIS2_PLACEMENT_3D('',#8063,#8064,#8065);
#8063 = CARTESIAN_POINT('',(-2.225,1.375,0.));
#8064 = DIRECTION('',(-4.669739647545E-16,-1.,0.));
#8065 = DIRECTION('',(-1.,4.669739647545E-16,0.));
#8066 = ADVANCED_FACE('',(#8067),#8101,.F.);
#8067 = FACE_BOUND('',#8068,.F.);
#8068 = EDGE_LOOP('',(#8069,#8079,#8087,#8093,#8094,#8095));
#8069 = ORIENTED_EDGE('',*,*,#8070,.F.);
#8070 = EDGE_CURVE('',#8071,#8073,#8075,.T.);
#8071 = VERTEX_POINT('',#8072);
#8072 = CARTESIAN_POINT('',(-2.5,1.625,0.));
#8073 = VERTEX_POINT('',#8074);
#8074 = CARTESIAN_POINT('',(-2.225,1.625,0.));
#8075 = LINE('',#8076,#8077);
#8076 = CARTESIAN_POINT('',(-2.5,1.625,0.));
#8077 = VECTOR('',#8078,1.);
#8078 = DIRECTION('',(1.,-4.669739647545E-16,0.));
#8079 = ORIENTED_EDGE('',*,*,#8080,.T.);
#8080 = EDGE_CURVE('',#8071,#8081,#8083,.T.);
#8081 = VERTEX_POINT('',#8082);
#8082 = CARTESIAN_POINT('',(-2.5,1.625,0.2));
#8083 = LINE('',#8084,#8085);
#8084 = CARTESIAN_POINT('',(-2.5,1.625,0.));
#8085 = VECTOR('',#8086,1.);
#8086 = DIRECTION('',(0.,0.,1.));
#8087 = ORIENTED_EDGE('',*,*,#8088,.T.);
#8088 = EDGE_CURVE('',#8081,#7355,#8089,.T.);
#8089 = LINE('',#8090,#8091);
#8090 = CARTESIAN_POINT('',(-2.5,1.625,0.2));
#8091 = VECTOR('',#8092,1.);
#8092 = DIRECTION('',(1.,-4.669739647545E-16,0.));
#8093 = ORIENTED_EDGE('',*,*,#7354,.F.);
#8094 = ORIENTED_EDGE('',*,*,#3067,.F.);
#8095 = ORIENTED_EDGE('',*,*,#8096,.F.);
#8096 = EDGE_CURVE('',#8073,#3059,#8097,.T.);
#8097 = LINE('',#8098,#8099);
#8098 = CARTESIAN_POINT('',(-2.225,1.625,0.));
#8099 = VECTOR('',#8100,1.);
#8100 = DIRECTION('',(0.,0.,1.));
#8101 = PLANE('',#8102);
#8102 = AXIS2_PLACEMENT_3D('',#8103,#8104,#8105);
#8103 = CARTESIAN_POINT('',(-2.5,1.625,0.));
#8104 = DIRECTION('',(4.669739647545E-16,1.,0.));
#8105 = DIRECTION('',(1.,-4.669739647545E-16,0.));
#8106 = ADVANCED_FACE('',(#8107),#8126,.T.);
#8107 = FACE_BOUND('',#8108,.T.);
#8108 = EDGE_LOOP('',(#8109,#8117,#8118,#8119));
#8109 = ORIENTED_EDGE('',*,*,#8110,.T.);
#8110 = EDGE_CURVE('',#8111,#3051,#8113,.T.);
#8111 = VERTEX_POINT('',#8112);
#8112 = CARTESIAN_POINT('',(-2.225,1.875,0.));
#8113 = LINE('',#8114,#8115);
#8114 = CARTESIAN_POINT('',(-2.225,1.875,0.));
#8115 = VECTOR('',#8116,1.);
#8116 = DIRECTION('',(0.,0.,1.));
#8117 = ORIENTED_EDGE('',*,*,#3058,.T.);
#8118 = ORIENTED_EDGE('',*,*,#8096,.F.);
#8119 = ORIENTED_EDGE('',*,*,#8120,.T.);
#8120 = EDGE_CURVE('',#8073,#8111,#8121,.T.);
#8121 = CIRCLE('',#8122,0.125);
#8122 = AXIS2_PLACEMENT_3D('',#8123,#8124,#8125);
#8123 = CARTESIAN_POINT('',(-2.225,1.75,0.));
#8124 = DIRECTION('',(0.,0.,1.));
#8125 = DIRECTION('',(-4.669739647545E-16,-1.,0.));
#8126 = CYLINDRICAL_SURFACE('',#8127,0.125);
#8127 = AXIS2_PLACEMENT_3D('',#8128,#8129,#8130);
#8128 = CARTESIAN_POINT('',(-2.225,1.75,0.));
#8129 = DIRECTION('',(0.,0.,-1.));
#8130 = DIRECTION('',(-4.669739647545E-16,-1.,-0.));
#8131 = ADVANCED_FACE('',(#8132),#8159,.F.);
#8132 = FACE_BOUND('',#8133,.F.);
#8133 = EDGE_LOOP('',(#8134,#8142,#8143,#8144,#8145,#8153));
#8134 = ORIENTED_EDGE('',*,*,#8135,.F.);
#8135 = EDGE_CURVE('',#8111,#8136,#8138,.T.);
#8136 = VERTEX_POINT('',#8137);
#8137 = CARTESIAN_POINT('',(-2.5,1.875,0.));
#8138 = LINE('',#8139,#8140);
#8139 = CARTESIAN_POINT('',(-2.225,1.875,0.));
#8140 = VECTOR('',#8141,1.);
#8141 = DIRECTION('',(-1.,4.669739647545E-16,0.));
#8142 = ORIENTED_EDGE('',*,*,#8110,.T.);
#8143 = ORIENTED_EDGE('',*,*,#3050,.F.);
#8144 = ORIENTED_EDGE('',*,*,#7370,.F.);
#8145 = ORIENTED_EDGE('',*,*,#8146,.T.);
#8146 = EDGE_CURVE('',#7363,#8147,#8149,.T.);
#8147 = VERTEX_POINT('',#8148);
#8148 = CARTESIAN_POINT('',(-2.5,1.875,0.2));
#8149 = LINE('',#8150,#8151);
#8150 = CARTESIAN_POINT('',(-2.225,1.875,0.2));
#8151 = VECTOR('',#8152,1.);
#8152 = DIRECTION('',(-1.,4.669739647545E-16,0.));
#8153 = ORIENTED_EDGE('',*,*,#8154,.F.);
#8154 = EDGE_CURVE('',#8136,#8147,#8155,.T.);
#8155 = LINE('',#8156,#8157);
#8156 = CARTESIAN_POINT('',(-2.5,1.875,0.));
#8157 = VECTOR('',#8158,1.);
#8158 = DIRECTION('',(0.,0.,1.));
#8159 = PLANE('',#8160);
#8160 = AXIS2_PLACEMENT_3D('',#8161,#8162,#8163);
#8161 = CARTESIAN_POINT('',(-2.225,1.875,0.));
#8162 = DIRECTION('',(-4.669739647545E-16,-1.,0.));
#8163 = DIRECTION('',(-1.,4.669739647545E-16,0.));
#8164 = ADVANCED_FACE('',(#8165,#8171),#8182,.T.);
#8165 = FACE_BOUND('',#8166,.T.);
#8166 = EDGE_LOOP('',(#8167,#8168,#8169,#8170));
#8167 = ORIENTED_EDGE('',*,*,#4200,.F.);
#8168 = ORIENTED_EDGE('',*,*,#7185,.T.);
#8169 = ORIENTED_EDGE('',*,*,#6191,.T.);
#8170 = ORIENTED_EDGE('',*,*,#5201,.F.);
#8171 = FACE_BOUND('',#8172,.T.);
#8172 = EDGE_LOOP('',(#8173));
#8173 = ORIENTED_EDGE('',*,*,#8174,.T.);
#8174 = EDGE_CURVE('',#8175,#8175,#8177,.T.);
#8175 = VERTEX_POINT('',#8176);
#8176 = CARTESIAN_POINT('',(-1.9,1.65,0.875));
#8177 = CIRCLE('',#8178,0.25);
#8178 = AXIS2_PLACEMENT_3D('',#8179,#8180,#8181);
#8179 = CARTESIAN_POINT('',(-1.9,1.9,0.875));
#8180 = DIRECTION('',(0.,-0.,-1.));
#8181 = DIRECTION('',(6.661338147751E-16,-1.,0.));
#8182 = PLANE('',#8183);
#8183 = AXIS2_PLACEMENT_3D('',#8184,#8185,#8186);
#8184 = CARTESIAN_POINT('',(-2.4875,2.4875,0.875));
#8185 = DIRECTION('',(0.,0.,1.));
#8186 = DIRECTION('',(-2.22044604925E-16,-1.,0.));
#8187 = ADVANCED_FACE('',(#8188),#8199,.T.);
#8188 = FACE_BOUND('',#8189,.T.);
#8189 = EDGE_LOOP('',(#8190,#8196,#8197,#8198));
#8190 = ORIENTED_EDGE('',*,*,#8191,.T.);
#8191 = EDGE_CURVE('',#5178,#5112,#8192,.T.);
#8192 = LINE('',#8193,#8194);
#8193 = CARTESIAN_POINT('',(1.875,2.5,0.2));
#8194 = VECTOR('',#8195,1.);
#8195 = DIRECTION('',(-1.,4.555315873023E-16,0.));
#8196 = ORIENTED_EDGE('',*,*,#5119,.T.);
#8197 = ORIENTED_EDGE('',*,*,#4386,.F.);
#8198 = ORIENTED_EDGE('',*,*,#5177,.T.);
#8199 = PLANE('',#8200);
#8200 = AXIS2_PLACEMENT_3D('',#8201,#8202,#8203);
#8201 = CARTESIAN_POINT('',(1.75,2.324839749899,0.2));
#8202 = DIRECTION('',(0.,0.,1.));
#8203 = DIRECTION('',(-1.,4.555315873023E-16,0.));
#8204 = ADVANCED_FACE('',(#8205),#8216,.T.);
#8205 = FACE_BOUND('',#8206,.T.);
#8206 = EDGE_LOOP('',(#8207,#8213,#8214,#8215));
#8207 = ORIENTED_EDGE('',*,*,#8208,.T.);
#8208 = EDGE_CURVE('',#5080,#5014,#8209,.T.);
#8209 = LINE('',#8210,#8211);
#8210 = CARTESIAN_POINT('',(1.375,2.5,0.2));
#8211 = VECTOR('',#8212,1.);
#8212 = DIRECTION('',(-1.,4.555315873023E-16,0.));
#8213 = ORIENTED_EDGE('',*,*,#5021,.T.);
#8214 = ORIENTED_EDGE('',*,*,#4363,.F.);
#8215 = ORIENTED_EDGE('',*,*,#5079,.T.);
#8216 = PLANE('',#8217);
#8217 = AXIS2_PLACEMENT_3D('',#8218,#8219,#8220);
#8218 = CARTESIAN_POINT('',(1.25,2.324839749899,0.2));
#8219 = DIRECTION('',(0.,0.,1.));
#8220 = DIRECTION('',(-1.,4.555315873023E-16,0.));
#8221 = ADVANCED_FACE('',(#8222),#8233,.T.);
#8222 = FACE_BOUND('',#8223,.T.);
#8223 = EDGE_LOOP('',(#8224,#8230,#8231,#8232));
#8224 = ORIENTED_EDGE('',*,*,#8225,.T.);
#8225 = EDGE_CURVE('',#4982,#4916,#8226,.T.);
#8226 = LINE('',#8227,#8228);
#8227 = CARTESIAN_POINT('',(0.875,2.5,0.2));
#8228 = VECTOR('',#8229,1.);
#8229 = DIRECTION('',(-1.,4.555315873023E-16,0.));
#8230 = ORIENTED_EDGE('',*,*,#4923,.T.);
#8231 = ORIENTED_EDGE('',*,*,#4340,.F.);
#8232 = ORIENTED_EDGE('',*,*,#4981,.T.);
#8233 = PLANE('',#8234);
#8234 = AXIS2_PLACEMENT_3D('',#8235,#8236,#8237);
#8235 = CARTESIAN_POINT('',(0.75,2.324839749899,0.2));
#8236 = DIRECTION('',(0.,0.,1.));
#8237 = DIRECTION('',(-1.,4.555315873023E-16,0.));
#8238 = ADVANCED_FACE('',(#8239),#8250,.T.);
#8239 = FACE_BOUND('',#8240,.T.);
#8240 = EDGE_LOOP('',(#8241,#8247,#8248,#8249));
#8241 = ORIENTED_EDGE('',*,*,#8242,.T.);
#8242 = EDGE_CURVE('',#4884,#4818,#8243,.T.);
#8243 = LINE('',#8244,#8245);
#8244 = CARTESIAN_POINT('',(0.375,2.5,0.2));
#8245 = VECTOR('',#8246,1.);
#8246 = DIRECTION('',(-1.,4.555315873023E-16,0.));
#8247 = ORIENTED_EDGE('',*,*,#4825,.T.);
#8248 = ORIENTED_EDGE('',*,*,#4317,.F.);
#8249 = ORIENTED_EDGE('',*,*,#4883,.T.);
#8250 = PLANE('',#8251);
#8251 = AXIS2_PLACEMENT_3D('',#8252,#8253,#8254);
#8252 = CARTESIAN_POINT('',(0.25,2.324839749899,0.2));
#8253 = DIRECTION('',(0.,0.,1.));
#8254 = DIRECTION('',(-1.,4.555315873023E-16,0.));
#8255 = ADVANCED_FACE('',(#8256),#8267,.T.);
#8256 = FACE_BOUND('',#8257,.T.);
#8257 = EDGE_LOOP('',(#8258,#8264,#8265,#8266));
#8258 = ORIENTED_EDGE('',*,*,#8259,.T.);
#8259 = EDGE_CURVE('',#4786,#4720,#8260,.T.);
#8260 = LINE('',#8261,#8262);
#8261 = CARTESIAN_POINT('',(-0.125,2.5,0.2));
#8262 = VECTOR('',#8263,1.);
#8263 = DIRECTION('',(-1.,4.555315873023E-16,0.));
#8264 = ORIENTED_EDGE('',*,*,#4727,.T.);
#8265 = ORIENTED_EDGE('',*,*,#4294,.F.);
#8266 = ORIENTED_EDGE('',*,*,#4785,.T.);
#8267 = PLANE('',#8268);
#8268 = AXIS2_PLACEMENT_3D('',#8269,#8270,#8271);
#8269 = CARTESIAN_POINT('',(-0.25,2.324839749899,0.2));
#8270 = DIRECTION('',(0.,0.,1.));
#8271 = DIRECTION('',(-1.,4.555315873023E-16,0.));
#8272 = ADVANCED_FACE('',(#8273),#8284,.T.);
#8273 = FACE_BOUND('',#8274,.T.);
#8274 = EDGE_LOOP('',(#8275,#8281,#8282,#8283));
#8275 = ORIENTED_EDGE('',*,*,#8276,.T.);
#8276 = EDGE_CURVE('',#4688,#4622,#8277,.T.);
#8277 = LINE('',#8278,#8279);
#8278 = CARTESIAN_POINT('',(-0.625,2.5,0.2));
#8279 = VECTOR('',#8280,1.);
#8280 = DIRECTION('',(-1.,4.555315873023E-16,0.));
#8281 = ORIENTED_EDGE('',*,*,#4629,.T.);
#8282 = ORIENTED_EDGE('',*,*,#4271,.F.);
#8283 = ORIENTED_EDGE('',*,*,#4687,.T.);
#8284 = PLANE('',#8285);
#8285 = AXIS2_PLACEMENT_3D('',#8286,#8287,#8288);
#8286 = CARTESIAN_POINT('',(-0.75,2.324839749899,0.2));
#8287 = DIRECTION('',(0.,0.,1.));
#8288 = DIRECTION('',(-1.,4.555315873023E-16,0.));
#8289 = ADVANCED_FACE('',(#8290),#8301,.T.);
#8290 = FACE_BOUND('',#8291,.T.);
#8291 = EDGE_LOOP('',(#8292,#8298,#8299,#8300));
#8292 = ORIENTED_EDGE('',*,*,#8293,.T.);
#8293 = EDGE_CURVE('',#4590,#4524,#8294,.T.);
#8294 = LINE('',#8295,#8296);
#8295 = CARTESIAN_POINT('',(-1.125,2.5,0.2));
#8296 = VECTOR('',#8297,1.);
#8297 = DIRECTION('',(-1.,4.555315873023E-16,0.));
#8298 = ORIENTED_EDGE('',*,*,#4531,.T.);
#8299 = ORIENTED_EDGE('',*,*,#4248,.F.);
#8300 = ORIENTED_EDGE('',*,*,#4589,.T.);
#8301 = PLANE('',#8302);
#8302 = AXIS2_PLACEMENT_3D('',#8303,#8304,#8305);
#8303 = CARTESIAN_POINT('',(-1.25,2.324839749899,0.2));
#8304 = DIRECTION('',(0.,0.,1.));
#8305 = DIRECTION('',(-1.,4.555315873023E-16,0.));
#8306 = ADVANCED_FACE('',(#8307),#8318,.T.);
#8307 = FACE_BOUND('',#8308,.T.);
#8308 = EDGE_LOOP('',(#8309,#8315,#8316,#8317));
#8309 = ORIENTED_EDGE('',*,*,#8310,.T.);
#8310 = EDGE_CURVE('',#4492,#4426,#8311,.T.);
#8311 = LINE('',#8312,#8313);
#8312 = CARTESIAN_POINT('',(-1.625,2.5,0.2));
#8313 = VECTOR('',#8314,1.);
#8314 = DIRECTION('',(-1.,4.555315873023E-16,0.));
#8315 = ORIENTED_EDGE('',*,*,#4433,.T.);
#8316 = ORIENTED_EDGE('',*,*,#4225,.F.);
#8317 = ORIENTED_EDGE('',*,*,#4491,.T.);
#8318 = PLANE('',#8319);
#8319 = AXIS2_PLACEMENT_3D('',#8320,#8321,#8322);
#8320 = CARTESIAN_POINT('',(-1.75,2.324839749899,0.2));
#8321 = DIRECTION('',(0.,0.,1.));
#8322 = DIRECTION('',(-1.,4.555315873023E-16,0.));
#8323 = ADVANCED_FACE('',(#8324),#8335,.F.);
#8324 = FACE_BOUND('',#8325,.F.);
#8325 = EDGE_LOOP('',(#8326,#8327,#8328,#8329));
#8326 = ORIENTED_EDGE('',*,*,#4415,.T.);
#8327 = ORIENTED_EDGE('',*,*,#4465,.T.);
#8328 = ORIENTED_EDGE('',*,*,#4480,.T.);
#8329 = ORIENTED_EDGE('',*,*,#8330,.T.);
#8330 = EDGE_CURVE('',#4481,#4416,#8331,.T.);
#8331 = LINE('',#8332,#8333);
#8332 = CARTESIAN_POINT('',(-1.625,2.5,0.));
#8333 = VECTOR('',#8334,1.);
#8334 = DIRECTION('',(-1.,4.555315873023E-16,0.));
#8335 = PLANE('',#8336);
#8336 = AXIS2_PLACEMENT_3D('',#8337,#8338,#8339);
#8337 = CARTESIAN_POINT('',(-1.75,2.324839749899,0.));
#8338 = DIRECTION('',(0.,0.,1.));
#8339 = DIRECTION('',(-1.,4.555315873023E-16,0.));
#8340 = ADVANCED_FACE('',(#8341),#8347,.F.);
#8341 = FACE_BOUND('',#8342,.F.);
#8342 = EDGE_LOOP('',(#8343,#8344,#8345,#8346));
#8343 = ORIENTED_EDGE('',*,*,#4499,.T.);
#8344 = ORIENTED_EDGE('',*,*,#8310,.T.);
#8345 = ORIENTED_EDGE('',*,*,#4425,.F.);
#8346 = ORIENTED_EDGE('',*,*,#8330,.F.);
#8347 = PLANE('',#8348);
#8348 = AXIS2_PLACEMENT_3D('',#8349,#8350,#8351);
#8349 = CARTESIAN_POINT('',(-1.625,2.5,0.));
#8350 = DIRECTION('',(-4.555315873023E-16,-1.,0.));
#8351 = DIRECTION('',(-1.,4.555315873023E-16,0.));
#8352 = ADVANCED_FACE('',(#8353),#8364,.F.);
#8353 = FACE_BOUND('',#8354,.F.);
#8354 = EDGE_LOOP('',(#8355,#8356,#8357,#8358));
#8355 = ORIENTED_EDGE('',*,*,#4513,.T.);
#8356 = ORIENTED_EDGE('',*,*,#4563,.T.);
#8357 = ORIENTED_EDGE('',*,*,#4578,.T.);
#8358 = ORIENTED_EDGE('',*,*,#8359,.T.);
#8359 = EDGE_CURVE('',#4579,#4514,#8360,.T.);
#8360 = LINE('',#8361,#8362);
#8361 = CARTESIAN_POINT('',(-1.125,2.5,0.));
#8362 = VECTOR('',#8363,1.);
#8363 = DIRECTION('',(-1.,4.555315873023E-16,0.));
#8364 = PLANE('',#8365);
#8365 = AXIS2_PLACEMENT_3D('',#8366,#8367,#8368);
#8366 = CARTESIAN_POINT('',(-1.25,2.324839749899,0.));
#8367 = DIRECTION('',(0.,0.,1.));
#8368 = DIRECTION('',(-1.,4.555315873023E-16,0.));
#8369 = ADVANCED_FACE('',(#8370),#8376,.F.);
#8370 = FACE_BOUND('',#8371,.F.);
#8371 = EDGE_LOOP('',(#8372,#8373,#8374,#8375));
#8372 = ORIENTED_EDGE('',*,*,#4597,.T.);
#8373 = ORIENTED_EDGE('',*,*,#8293,.T.);
#8374 = ORIENTED_EDGE('',*,*,#4523,.F.);
#8375 = ORIENTED_EDGE('',*,*,#8359,.F.);
#8376 = PLANE('',#8377);
#8377 = AXIS2_PLACEMENT_3D('',#8378,#8379,#8380);
#8378 = CARTESIAN_POINT('',(-1.125,2.5,0.));
#8379 = DIRECTION('',(-4.555315873023E-16,-1.,0.));
#8380 = DIRECTION('',(-1.,4.555315873023E-16,0.));
#8381 = ADVANCED_FACE('',(#8382),#8393,.F.);
#8382 = FACE_BOUND('',#8383,.F.);
#8383 = EDGE_LOOP('',(#8384,#8385,#8386,#8387));
#8384 = ORIENTED_EDGE('',*,*,#4611,.T.);
#8385 = ORIENTED_EDGE('',*,*,#4661,.T.);
#8386 = ORIENTED_EDGE('',*,*,#4676,.T.);
#8387 = ORIENTED_EDGE('',*,*,#8388,.T.);
#8388 = EDGE_CURVE('',#4677,#4612,#8389,.T.);
#8389 = LINE('',#8390,#8391);
#8390 = CARTESIAN_POINT('',(-0.625,2.5,0.));
#8391 = VECTOR('',#8392,1.);
#8392 = DIRECTION('',(-1.,4.555315873023E-16,0.));
#8393 = PLANE('',#8394);
#8394 = AXIS2_PLACEMENT_3D('',#8395,#8396,#8397);
#8395 = CARTESIAN_POINT('',(-0.75,2.324839749899,0.));
#8396 = DIRECTION('',(0.,0.,1.));
#8397 = DIRECTION('',(-1.,4.555315873023E-16,0.));
#8398 = ADVANCED_FACE('',(#8399),#8405,.F.);
#8399 = FACE_BOUND('',#8400,.F.);
#8400 = EDGE_LOOP('',(#8401,#8402,#8403,#8404));
#8401 = ORIENTED_EDGE('',*,*,#4695,.T.);
#8402 = ORIENTED_EDGE('',*,*,#8276,.T.);
#8403 = ORIENTED_EDGE('',*,*,#4621,.F.);
#8404 = ORIENTED_EDGE('',*,*,#8388,.F.);
#8405 = PLANE('',#8406);
#8406 = AXIS2_PLACEMENT_3D('',#8407,#8408,#8409);
#8407 = CARTESIAN_POINT('',(-0.625,2.5,0.));
#8408 = DIRECTION('',(-4.555315873023E-16,-1.,0.));
#8409 = DIRECTION('',(-1.,4.555315873023E-16,0.));
#8410 = ADVANCED_FACE('',(#8411),#8422,.F.);
#8411 = FACE_BOUND('',#8412,.F.);
#8412 = EDGE_LOOP('',(#8413,#8414,#8415,#8416));
#8413 = ORIENTED_EDGE('',*,*,#4709,.T.);
#8414 = ORIENTED_EDGE('',*,*,#4759,.T.);
#8415 = ORIENTED_EDGE('',*,*,#4774,.T.);
#8416 = ORIENTED_EDGE('',*,*,#8417,.T.);
#8417 = EDGE_CURVE('',#4775,#4710,#8418,.T.);
#8418 = LINE('',#8419,#8420);
#8419 = CARTESIAN_POINT('',(-0.125,2.5,0.));
#8420 = VECTOR('',#8421,1.);
#8421 = DIRECTION('',(-1.,4.555315873023E-16,0.));
#8422 = PLANE('',#8423);
#8423 = AXIS2_PLACEMENT_3D('',#8424,#8425,#8426);
#8424 = CARTESIAN_POINT('',(-0.25,2.324839749899,0.));
#8425 = DIRECTION('',(0.,0.,1.));
#8426 = DIRECTION('',(-1.,4.555315873023E-16,0.));
#8427 = ADVANCED_FACE('',(#8428),#8434,.F.);
#8428 = FACE_BOUND('',#8429,.F.);
#8429 = EDGE_LOOP('',(#8430,#8431,#8432,#8433));
#8430 = ORIENTED_EDGE('',*,*,#4793,.T.);
#8431 = ORIENTED_EDGE('',*,*,#8259,.T.);
#8432 = ORIENTED_EDGE('',*,*,#4719,.F.);
#8433 = ORIENTED_EDGE('',*,*,#8417,.F.);
#8434 = PLANE('',#8435);
#8435 = AXIS2_PLACEMENT_3D('',#8436,#8437,#8438);
#8436 = CARTESIAN_POINT('',(-0.125,2.5,0.));
#8437 = DIRECTION('',(-4.555315873023E-16,-1.,0.));
#8438 = DIRECTION('',(-1.,4.555315873023E-16,0.));
#8439 = ADVANCED_FACE('',(#8440),#8451,.F.);
#8440 = FACE_BOUND('',#8441,.F.);
#8441 = EDGE_LOOP('',(#8442,#8443,#8444,#8445));
#8442 = ORIENTED_EDGE('',*,*,#4807,.T.);
#8443 = ORIENTED_EDGE('',*,*,#4857,.T.);
#8444 = ORIENTED_EDGE('',*,*,#4872,.T.);
#8445 = ORIENTED_EDGE('',*,*,#8446,.T.);
#8446 = EDGE_CURVE('',#4873,#4808,#8447,.T.);
#8447 = LINE('',#8448,#8449);
#8448 = CARTESIAN_POINT('',(0.375,2.5,0.));
#8449 = VECTOR('',#8450,1.);
#8450 = DIRECTION('',(-1.,4.555315873023E-16,0.));
#8451 = PLANE('',#8452);
#8452 = AXIS2_PLACEMENT_3D('',#8453,#8454,#8455);
#8453 = CARTESIAN_POINT('',(0.25,2.324839749899,0.));
#8454 = DIRECTION('',(0.,0.,1.));
#8455 = DIRECTION('',(-1.,4.555315873023E-16,0.));
#8456 = ADVANCED_FACE('',(#8457),#8463,.F.);
#8457 = FACE_BOUND('',#8458,.F.);
#8458 = EDGE_LOOP('',(#8459,#8460,#8461,#8462));
#8459 = ORIENTED_EDGE('',*,*,#4891,.T.);
#8460 = ORIENTED_EDGE('',*,*,#8242,.T.);
#8461 = ORIENTED_EDGE('',*,*,#4817,.F.);
#8462 = ORIENTED_EDGE('',*,*,#8446,.F.);
#8463 = PLANE('',#8464);
#8464 = AXIS2_PLACEMENT_3D('',#8465,#8466,#8467);
#8465 = CARTESIAN_POINT('',(0.375,2.5,0.));
#8466 = DIRECTION('',(-4.555315873023E-16,-1.,0.));
#8467 = DIRECTION('',(-1.,4.555315873023E-16,0.));
#8468 = ADVANCED_FACE('',(#8469),#8480,.F.);
#8469 = FACE_BOUND('',#8470,.F.);
#8470 = EDGE_LOOP('',(#8471,#8472,#8473,#8474));
#8471 = ORIENTED_EDGE('',*,*,#4905,.T.);
#8472 = ORIENTED_EDGE('',*,*,#4955,.T.);
#8473 = ORIENTED_EDGE('',*,*,#4970,.T.);
#8474 = ORIENTED_EDGE('',*,*,#8475,.T.);
#8475 = EDGE_CURVE('',#4971,#4906,#8476,.T.);
#8476 = LINE('',#8477,#8478);
#8477 = CARTESIAN_POINT('',(0.875,2.5,0.));
#8478 = VECTOR('',#8479,1.);
#8479 = DIRECTION('',(-1.,4.555315873023E-16,0.));
#8480 = PLANE('',#8481);
#8481 = AXIS2_PLACEMENT_3D('',#8482,#8483,#8484);
#8482 = CARTESIAN_POINT('',(0.75,2.324839749899,0.));
#8483 = DIRECTION('',(0.,0.,1.));
#8484 = DIRECTION('',(-1.,4.555315873023E-16,0.));
#8485 = ADVANCED_FACE('',(#8486),#8492,.F.);
#8486 = FACE_BOUND('',#8487,.F.);
#8487 = EDGE_LOOP('',(#8488,#8489,#8490,#8491));
#8488 = ORIENTED_EDGE('',*,*,#4989,.T.);
#8489 = ORIENTED_EDGE('',*,*,#8225,.T.);
#8490 = ORIENTED_EDGE('',*,*,#4915,.F.);
#8491 = ORIENTED_EDGE('',*,*,#8475,.F.);
#8492 = PLANE('',#8493);
#8493 = AXIS2_PLACEMENT_3D('',#8494,#8495,#8496);
#8494 = CARTESIAN_POINT('',(0.875,2.5,0.));
#8495 = DIRECTION('',(-4.555315873023E-16,-1.,0.));
#8496 = DIRECTION('',(-1.,4.555315873023E-16,0.));
#8497 = ADVANCED_FACE('',(#8498),#8509,.F.);
#8498 = FACE_BOUND('',#8499,.F.);
#8499 = EDGE_LOOP('',(#8500,#8501,#8502,#8503));
#8500 = ORIENTED_EDGE('',*,*,#5003,.T.);
#8501 = ORIENTED_EDGE('',*,*,#5053,.T.);
#8502 = ORIENTED_EDGE('',*,*,#5068,.T.);
#8503 = ORIENTED_EDGE('',*,*,#8504,.T.);
#8504 = EDGE_CURVE('',#5069,#5004,#8505,.T.);
#8505 = LINE('',#8506,#8507);
#8506 = CARTESIAN_POINT('',(1.375,2.5,0.));
#8507 = VECTOR('',#8508,1.);
#8508 = DIRECTION('',(-1.,4.555315873023E-16,0.));
#8509 = PLANE('',#8510);
#8510 = AXIS2_PLACEMENT_3D('',#8511,#8512,#8513);
#8511 = CARTESIAN_POINT('',(1.25,2.324839749899,0.));
#8512 = DIRECTION('',(0.,0.,1.));
#8513 = DIRECTION('',(-1.,4.555315873023E-16,0.));
#8514 = ADVANCED_FACE('',(#8515),#8521,.F.);
#8515 = FACE_BOUND('',#8516,.F.);
#8516 = EDGE_LOOP('',(#8517,#8518,#8519,#8520));
#8517 = ORIENTED_EDGE('',*,*,#5087,.T.);
#8518 = ORIENTED_EDGE('',*,*,#8208,.T.);
#8519 = ORIENTED_EDGE('',*,*,#5013,.F.);
#8520 = ORIENTED_EDGE('',*,*,#8504,.F.);
#8521 = PLANE('',#8522);
#8522 = AXIS2_PLACEMENT_3D('',#8523,#8524,#8525);
#8523 = CARTESIAN_POINT('',(1.375,2.5,0.));
#8524 = DIRECTION('',(-4.555315873023E-16,-1.,0.));
#8525 = DIRECTION('',(-1.,4.555315873023E-16,0.));
#8526 = ADVANCED_FACE('',(#8527),#8538,.F.);
#8527 = FACE_BOUND('',#8528,.F.);
#8528 = EDGE_LOOP('',(#8529,#8530,#8531,#8532));
#8529 = ORIENTED_EDGE('',*,*,#5101,.T.);
#8530 = ORIENTED_EDGE('',*,*,#5151,.T.);
#8531 = ORIENTED_EDGE('',*,*,#5166,.T.);
#8532 = ORIENTED_EDGE('',*,*,#8533,.T.);
#8533 = EDGE_CURVE('',#5167,#5102,#8534,.T.);
#8534 = LINE('',#8535,#8536);
#8535 = CARTESIAN_POINT('',(1.875,2.5,0.));
#8536 = VECTOR('',#8537,1.);
#8537 = DIRECTION('',(-1.,4.555315873023E-16,0.));
#8538 = PLANE('',#8539);
#8539 = AXIS2_PLACEMENT_3D('',#8540,#8541,#8542);
#8540 = CARTESIAN_POINT('',(1.75,2.324839749899,0.));
#8541 = DIRECTION('',(0.,0.,1.));
#8542 = DIRECTION('',(-1.,4.555315873023E-16,0.));
#8543 = ADVANCED_FACE('',(#8544),#8550,.F.);
#8544 = FACE_BOUND('',#8545,.F.);
#8545 = EDGE_LOOP('',(#8546,#8547,#8548,#8549));
#8546 = ORIENTED_EDGE('',*,*,#5185,.T.);
#8547 = ORIENTED_EDGE('',*,*,#8191,.T.);
#8548 = ORIENTED_EDGE('',*,*,#5111,.F.);
#8549 = ORIENTED_EDGE('',*,*,#8533,.F.);
#8550 = PLANE('',#8551);
#8551 = AXIS2_PLACEMENT_3D('',#8552,#8553,#8554);
#8552 = CARTESIAN_POINT('',(1.875,2.5,0.));
#8553 = DIRECTION('',(-4.555315873023E-16,-1.,0.));
#8554 = DIRECTION('',(-1.,4.555315873023E-16,0.));
#8555 = ADVANCED_FACE('',(#8556),#8567,.T.);
#8556 = FACE_BOUND('',#8557,.T.);
#8557 = EDGE_LOOP('',(#8558,#8564,#8565,#8566));
#8558 = ORIENTED_EDGE('',*,*,#8559,.T.);
#8559 = EDGE_CURVE('',#5484,#5418,#8560,.T.);
#8560 = LINE('',#8561,#8562);
#8561 = CARTESIAN_POINT('',(2.5,1.625,0.2));
#8562 = VECTOR('',#8563,1.);
#8563 = DIRECTION('',(3.445092848398E-16,1.,0.));
#8564 = ORIENTED_EDGE('',*,*,#5425,.T.);
#8565 = ORIENTED_EDGE('',*,*,#5385,.T.);
#8566 = ORIENTED_EDGE('',*,*,#5483,.T.);
#8567 = PLANE('',#8568);
#8568 = AXIS2_PLACEMENT_3D('',#8569,#8570,#8571);
#8569 = CARTESIAN_POINT('',(2.324839749899,1.75,0.2));
#8570 = DIRECTION('',(0.,0.,1.));
#8571 = DIRECTION('',(3.445092848398E-16,1.,-0.));
#8572 = ADVANCED_FACE('',(#8573),#8584,.T.);
#8573 = FACE_BOUND('',#8574,.T.);
#8574 = EDGE_LOOP('',(#8575,#8581,#8582,#8583));
#8575 = ORIENTED_EDGE('',*,*,#8576,.T.);
#8576 = EDGE_CURVE('',#5582,#5516,#8577,.T.);
#8577 = LINE('',#8578,#8579);
#8578 = CARTESIAN_POINT('',(2.5,1.125,0.2));
#8579 = VECTOR('',#8580,1.);
#8580 = DIRECTION('',(3.445092848398E-16,1.,0.));
#8581 = ORIENTED_EDGE('',*,*,#5523,.T.);
#8582 = ORIENTED_EDGE('',*,*,#5362,.T.);
#8583 = ORIENTED_EDGE('',*,*,#5581,.T.);
#8584 = PLANE('',#8585);
#8585 = AXIS2_PLACEMENT_3D('',#8586,#8587,#8588);
#8586 = CARTESIAN_POINT('',(2.324839749899,1.25,0.2));
#8587 = DIRECTION('',(0.,0.,1.));
#8588 = DIRECTION('',(3.445092848398E-16,1.,-0.));
#8589 = ADVANCED_FACE('',(#8590),#8601,.T.);
#8590 = FACE_BOUND('',#8591,.T.);
#8591 = EDGE_LOOP('',(#8592,#8598,#8599,#8600));
#8592 = ORIENTED_EDGE('',*,*,#8593,.T.);
#8593 = EDGE_CURVE('',#5680,#5614,#8594,.T.);
#8594 = LINE('',#8595,#8596);
#8595 = CARTESIAN_POINT('',(2.5,0.625,0.2));
#8596 = VECTOR('',#8597,1.);
#8597 = DIRECTION('',(3.445092848398E-16,1.,0.));
#8598 = ORIENTED_EDGE('',*,*,#5621,.T.);
#8599 = ORIENTED_EDGE('',*,*,#5339,.T.);
#8600 = ORIENTED_EDGE('',*,*,#5679,.T.);
#8601 = PLANE('',#8602);
#8602 = AXIS2_PLACEMENT_3D('',#8603,#8604,#8605);
#8603 = CARTESIAN_POINT('',(2.324839749899,0.75,0.2));
#8604 = DIRECTION('',(0.,0.,1.));
#8605 = DIRECTION('',(3.445092848398E-16,1.,-0.));
#8606 = ADVANCED_FACE('',(#8607),#8618,.T.);
#8607 = FACE_BOUND('',#8608,.T.);
#8608 = EDGE_LOOP('',(#8609,#8615,#8616,#8617));
#8609 = ORIENTED_EDGE('',*,*,#8610,.T.);
#8610 = EDGE_CURVE('',#5778,#5712,#8611,.T.);
#8611 = LINE('',#8612,#8613);
#8612 = CARTESIAN_POINT('',(2.5,0.125,0.2));
#8613 = VECTOR('',#8614,1.);
#8614 = DIRECTION('',(3.445092848398E-16,1.,0.));
#8615 = ORIENTED_EDGE('',*,*,#5719,.T.);
#8616 = ORIENTED_EDGE('',*,*,#5316,.T.);
#8617 = ORIENTED_EDGE('',*,*,#5777,.T.);
#8618 = PLANE('',#8619);
#8619 = AXIS2_PLACEMENT_3D('',#8620,#8621,#8622);
#8620 = CARTESIAN_POINT('',(2.324839749899,0.25,0.2));
#8621 = DIRECTION('',(0.,0.,1.));
#8622 = DIRECTION('',(3.445092848398E-16,1.,-0.));
#8623 = ADVANCED_FACE('',(#8624),#8635,.T.);
#8624 = FACE_BOUND('',#8625,.T.);
#8625 = EDGE_LOOP('',(#8626,#8632,#8633,#8634));
#8626 = ORIENTED_EDGE('',*,*,#8627,.T.);
#8627 = EDGE_CURVE('',#5876,#5810,#8628,.T.);
#8628 = LINE('',#8629,#8630);
#8629 = CARTESIAN_POINT('',(2.5,-0.375,0.2));
#8630 = VECTOR('',#8631,1.);
#8631 = DIRECTION('',(3.445092848398E-16,1.,0.));
#8632 = ORIENTED_EDGE('',*,*,#5817,.T.);
#8633 = ORIENTED_EDGE('',*,*,#5293,.T.);
#8634 = ORIENTED_EDGE('',*,*,#5875,.T.);
#8635 = PLANE('',#8636);
#8636 = AXIS2_PLACEMENT_3D('',#8637,#8638,#8639);
#8637 = CARTESIAN_POINT('',(2.324839749899,-0.25,0.2));
#8638 = DIRECTION('',(0.,0.,1.));
#8639 = DIRECTION('',(3.445092848398E-16,1.,-0.));
#8640 = ADVANCED_FACE('',(#8641),#8652,.T.);
#8641 = FACE_BOUND('',#8642,.T.);
#8642 = EDGE_LOOP('',(#8643,#8649,#8650,#8651));
#8643 = ORIENTED_EDGE('',*,*,#8644,.T.);
#8644 = EDGE_CURVE('',#5974,#5908,#8645,.T.);
#8645 = LINE('',#8646,#8647);
#8646 = CARTESIAN_POINT('',(2.5,-0.875,0.2));
#8647 = VECTOR('',#8648,1.);
#8648 = DIRECTION('',(3.445092848398E-16,1.,0.));
#8649 = ORIENTED_EDGE('',*,*,#5915,.T.);
#8650 = ORIENTED_EDGE('',*,*,#5270,.T.);
#8651 = ORIENTED_EDGE('',*,*,#5973,.T.);
#8652 = PLANE('',#8653);
#8653 = AXIS2_PLACEMENT_3D('',#8654,#8655,#8656);
#8654 = CARTESIAN_POINT('',(2.324839749899,-0.75,0.2));
#8655 = DIRECTION('',(0.,0.,1.));
#8656 = DIRECTION('',(3.445092848398E-16,1.,-0.));
#8657 = ADVANCED_FACE('',(#8658),#8669,.T.);
#8658 = FACE_BOUND('',#8659,.T.);
#8659 = EDGE_LOOP('',(#8660,#8666,#8667,#8668));
#8660 = ORIENTED_EDGE('',*,*,#8661,.T.);
#8661 = EDGE_CURVE('',#6072,#6006,#8662,.T.);
#8662 = LINE('',#8663,#8664);
#8663 = CARTESIAN_POINT('',(2.5,-1.375,0.2));
#8664 = VECTOR('',#8665,1.);
#8665 = DIRECTION('',(3.445092848398E-16,1.,0.));
#8666 = ORIENTED_EDGE('',*,*,#6013,.T.);
#8667 = ORIENTED_EDGE('',*,*,#5247,.T.);
#8668 = ORIENTED_EDGE('',*,*,#6071,.T.);
#8669 = PLANE('',#8670);
#8670 = AXIS2_PLACEMENT_3D('',#8671,#8672,#8673);
#8671 = CARTESIAN_POINT('',(2.324839749899,-1.25,0.2));
#8672 = DIRECTION('',(0.,0.,1.));
#8673 = DIRECTION('',(3.445092848398E-16,1.,-0.));
#8674 = ADVANCED_FACE('',(#8675),#8686,.T.);
#8675 = FACE_BOUND('',#8676,.T.);
#8676 = EDGE_LOOP('',(#8677,#8683,#8684,#8685));
#8677 = ORIENTED_EDGE('',*,*,#8678,.T.);
#8678 = EDGE_CURVE('',#6170,#6104,#8679,.T.);
#8679 = LINE('',#8680,#8681);
#8680 = CARTESIAN_POINT('',(2.5,-1.875,0.2));
#8681 = VECTOR('',#8682,1.);
#8682 = DIRECTION('',(3.445092848398E-16,1.,0.));
#8683 = ORIENTED_EDGE('',*,*,#6111,.T.);
#8684 = ORIENTED_EDGE('',*,*,#5224,.T.);
#8685 = ORIENTED_EDGE('',*,*,#6169,.T.);
#8686 = PLANE('',#8687);
#8687 = AXIS2_PLACEMENT_3D('',#8688,#8689,#8690);
#8688 = CARTESIAN_POINT('',(2.324839749899,-1.75,0.2));
#8689 = DIRECTION('',(0.,0.,1.));
#8690 = DIRECTION('',(3.445092848398E-16,1.,-0.));
#8691 = ADVANCED_FACE('',(#8692),#8703,.F.);
#8692 = FACE_BOUND('',#8693,.F.);
#8693 = EDGE_LOOP('',(#8694,#8695,#8696,#8697));
#8694 = ORIENTED_EDGE('',*,*,#5407,.T.);
#8695 = ORIENTED_EDGE('',*,*,#5457,.T.);
#8696 = ORIENTED_EDGE('',*,*,#5472,.T.);
#8697 = ORIENTED_EDGE('',*,*,#8698,.T.);
#8698 = EDGE_CURVE('',#5473,#5408,#8699,.T.);
#8699 = LINE('',#8700,#8701);
#8700 = CARTESIAN_POINT('',(2.5,1.625,0.));
#8701 = VECTOR('',#8702,1.);
#8702 = DIRECTION('',(3.445092848398E-16,1.,0.));
#8703 = PLANE('',#8704);
#8704 = AXIS2_PLACEMENT_3D('',#8705,#8706,#8707);
#8705 = CARTESIAN_POINT('',(2.324839749899,1.75,0.));
#8706 = DIRECTION('',(0.,0.,1.));
#8707 = DIRECTION('',(3.445092848398E-16,1.,-0.));
#8708 = ADVANCED_FACE('',(#8709),#8715,.F.);
#8709 = FACE_BOUND('',#8710,.F.);
#8710 = EDGE_LOOP('',(#8711,#8712,#8713,#8714));
#8711 = ORIENTED_EDGE('',*,*,#5491,.T.);
#8712 = ORIENTED_EDGE('',*,*,#8559,.T.);
#8713 = ORIENTED_EDGE('',*,*,#5417,.F.);
#8714 = ORIENTED_EDGE('',*,*,#8698,.F.);
#8715 = PLANE('',#8716);
#8716 = AXIS2_PLACEMENT_3D('',#8717,#8718,#8719);
#8717 = CARTESIAN_POINT('',(2.5,1.625,0.));
#8718 = DIRECTION('',(-1.,3.445092848398E-16,0.));
#8719 = DIRECTION('',(3.445092848398E-16,1.,0.));
#8720 = ADVANCED_FACE('',(#8721),#8732,.F.);
#8721 = FACE_BOUND('',#8722,.F.);
#8722 = EDGE_LOOP('',(#8723,#8724,#8725,#8726));
#8723 = ORIENTED_EDGE('',*,*,#5505,.T.);
#8724 = ORIENTED_EDGE('',*,*,#5555,.T.);
#8725 = ORIENTED_EDGE('',*,*,#5570,.T.);
#8726 = ORIENTED_EDGE('',*,*,#8727,.T.);
#8727 = EDGE_CURVE('',#5571,#5506,#8728,.T.);
#8728 = LINE('',#8729,#8730);
#8729 = CARTESIAN_POINT('',(2.5,1.125,0.));
#8730 = VECTOR('',#8731,1.);
#8731 = DIRECTION('',(3.445092848398E-16,1.,0.));
#8732 = PLANE('',#8733);
#8733 = AXIS2_PLACEMENT_3D('',#8734,#8735,#8736);
#8734 = CARTESIAN_POINT('',(2.324839749899,1.25,0.));
#8735 = DIRECTION('',(0.,0.,1.));
#8736 = DIRECTION('',(3.445092848398E-16,1.,-0.));
#8737 = ADVANCED_FACE('',(#8738),#8744,.F.);
#8738 = FACE_BOUND('',#8739,.F.);
#8739 = EDGE_LOOP('',(#8740,#8741,#8742,#8743));
#8740 = ORIENTED_EDGE('',*,*,#5589,.T.);
#8741 = ORIENTED_EDGE('',*,*,#8576,.T.);
#8742 = ORIENTED_EDGE('',*,*,#5515,.F.);
#8743 = ORIENTED_EDGE('',*,*,#8727,.F.);
#8744 = PLANE('',#8745);
#8745 = AXIS2_PLACEMENT_3D('',#8746,#8747,#8748);
#8746 = CARTESIAN_POINT('',(2.5,1.125,0.));
#8747 = DIRECTION('',(-1.,3.445092848398E-16,0.));
#8748 = DIRECTION('',(3.445092848398E-16,1.,0.));
#8749 = ADVANCED_FACE('',(#8750),#8761,.F.);
#8750 = FACE_BOUND('',#8751,.F.);
#8751 = EDGE_LOOP('',(#8752,#8753,#8754,#8755));
#8752 = ORIENTED_EDGE('',*,*,#5603,.T.);
#8753 = ORIENTED_EDGE('',*,*,#5653,.T.);
#8754 = ORIENTED_EDGE('',*,*,#5668,.T.);
#8755 = ORIENTED_EDGE('',*,*,#8756,.T.);
#8756 = EDGE_CURVE('',#5669,#5604,#8757,.T.);
#8757 = LINE('',#8758,#8759);
#8758 = CARTESIAN_POINT('',(2.5,0.625,0.));
#8759 = VECTOR('',#8760,1.);
#8760 = DIRECTION('',(3.445092848398E-16,1.,0.));
#8761 = PLANE('',#8762);
#8762 = AXIS2_PLACEMENT_3D('',#8763,#8764,#8765);
#8763 = CARTESIAN_POINT('',(2.324839749899,0.75,0.));
#8764 = DIRECTION('',(0.,0.,1.));
#8765 = DIRECTION('',(3.445092848398E-16,1.,-0.));
#8766 = ADVANCED_FACE('',(#8767),#8773,.F.);
#8767 = FACE_BOUND('',#8768,.F.);
#8768 = EDGE_LOOP('',(#8769,#8770,#8771,#8772));
#8769 = ORIENTED_EDGE('',*,*,#5687,.T.);
#8770 = ORIENTED_EDGE('',*,*,#8593,.T.);
#8771 = ORIENTED_EDGE('',*,*,#5613,.F.);
#8772 = ORIENTED_EDGE('',*,*,#8756,.F.);
#8773 = PLANE('',#8774);
#8774 = AXIS2_PLACEMENT_3D('',#8775,#8776,#8777);
#8775 = CARTESIAN_POINT('',(2.5,0.625,0.));
#8776 = DIRECTION('',(-1.,3.445092848398E-16,0.));
#8777 = DIRECTION('',(3.445092848398E-16,1.,0.));
#8778 = ADVANCED_FACE('',(#8779),#8790,.F.);
#8779 = FACE_BOUND('',#8780,.F.);
#8780 = EDGE_LOOP('',(#8781,#8782,#8783,#8784));
#8781 = ORIENTED_EDGE('',*,*,#5701,.T.);
#8782 = ORIENTED_EDGE('',*,*,#5751,.T.);
#8783 = ORIENTED_EDGE('',*,*,#5766,.T.);
#8784 = ORIENTED_EDGE('',*,*,#8785,.T.);
#8785 = EDGE_CURVE('',#5767,#5702,#8786,.T.);
#8786 = LINE('',#8787,#8788);
#8787 = CARTESIAN_POINT('',(2.5,0.125,0.));
#8788 = VECTOR('',#8789,1.);
#8789 = DIRECTION('',(3.445092848398E-16,1.,0.));
#8790 = PLANE('',#8791);
#8791 = AXIS2_PLACEMENT_3D('',#8792,#8793,#8794);
#8792 = CARTESIAN_POINT('',(2.324839749899,0.25,0.));
#8793 = DIRECTION('',(0.,0.,1.));
#8794 = DIRECTION('',(3.445092848398E-16,1.,-0.));
#8795 = ADVANCED_FACE('',(#8796),#8802,.F.);
#8796 = FACE_BOUND('',#8797,.F.);
#8797 = EDGE_LOOP('',(#8798,#8799,#8800,#8801));
#8798 = ORIENTED_EDGE('',*,*,#5785,.T.);
#8799 = ORIENTED_EDGE('',*,*,#8610,.T.);
#8800 = ORIENTED_EDGE('',*,*,#5711,.F.);
#8801 = ORIENTED_EDGE('',*,*,#8785,.F.);
#8802 = PLANE('',#8803);
#8803 = AXIS2_PLACEMENT_3D('',#8804,#8805,#8806);
#8804 = CARTESIAN_POINT('',(2.5,0.125,0.));
#8805 = DIRECTION('',(-1.,3.445092848398E-16,0.));
#8806 = DIRECTION('',(3.445092848398E-16,1.,0.));
#8807 = ADVANCED_FACE('',(#8808),#8819,.F.);
#8808 = FACE_BOUND('',#8809,.F.);
#8809 = EDGE_LOOP('',(#8810,#8811,#8812,#8813));
#8810 = ORIENTED_EDGE('',*,*,#5799,.T.);
#8811 = ORIENTED_EDGE('',*,*,#5849,.T.);
#8812 = ORIENTED_EDGE('',*,*,#5864,.T.);
#8813 = ORIENTED_EDGE('',*,*,#8814,.T.);
#8814 = EDGE_CURVE('',#5865,#5800,#8815,.T.);
#8815 = LINE('',#8816,#8817);
#8816 = CARTESIAN_POINT('',(2.5,-0.375,0.));
#8817 = VECTOR('',#8818,1.);
#8818 = DIRECTION('',(3.445092848398E-16,1.,0.));
#8819 = PLANE('',#8820);
#8820 = AXIS2_PLACEMENT_3D('',#8821,#8822,#8823);
#8821 = CARTESIAN_POINT('',(2.324839749899,-0.25,0.));
#8822 = DIRECTION('',(0.,0.,1.));
#8823 = DIRECTION('',(3.445092848398E-16,1.,-0.));
#8824 = ADVANCED_FACE('',(#8825),#8831,.F.);
#8825 = FACE_BOUND('',#8826,.F.);
#8826 = EDGE_LOOP('',(#8827,#8828,#8829,#8830));
#8827 = ORIENTED_EDGE('',*,*,#5883,.T.);
#8828 = ORIENTED_EDGE('',*,*,#8627,.T.);
#8829 = ORIENTED_EDGE('',*,*,#5809,.F.);
#8830 = ORIENTED_EDGE('',*,*,#8814,.F.);
#8831 = PLANE('',#8832);
#8832 = AXIS2_PLACEMENT_3D('',#8833,#8834,#8835);
#8833 = CARTESIAN_POINT('',(2.5,-0.375,0.));
#8834 = DIRECTION('',(-1.,3.445092848398E-16,0.));
#8835 = DIRECTION('',(3.445092848398E-16,1.,0.));
#8836 = ADVANCED_FACE('',(#8837),#8848,.F.);
#8837 = FACE_BOUND('',#8838,.F.);
#8838 = EDGE_LOOP('',(#8839,#8840,#8841,#8842));
#8839 = ORIENTED_EDGE('',*,*,#5897,.T.);
#8840 = ORIENTED_EDGE('',*,*,#5947,.T.);
#8841 = ORIENTED_EDGE('',*,*,#5962,.T.);
#8842 = ORIENTED_EDGE('',*,*,#8843,.T.);
#8843 = EDGE_CURVE('',#5963,#5898,#8844,.T.);
#8844 = LINE('',#8845,#8846);
#8845 = CARTESIAN_POINT('',(2.5,-0.875,0.));
#8846 = VECTOR('',#8847,1.);
#8847 = DIRECTION('',(3.445092848398E-16,1.,0.));
#8848 = PLANE('',#8849);
#8849 = AXIS2_PLACEMENT_3D('',#8850,#8851,#8852);
#8850 = CARTESIAN_POINT('',(2.324839749899,-0.75,0.));
#8851 = DIRECTION('',(0.,0.,1.));
#8852 = DIRECTION('',(3.445092848398E-16,1.,-0.));
#8853 = ADVANCED_FACE('',(#8854),#8860,.F.);
#8854 = FACE_BOUND('',#8855,.F.);
#8855 = EDGE_LOOP('',(#8856,#8857,#8858,#8859));
#8856 = ORIENTED_EDGE('',*,*,#5981,.T.);
#8857 = ORIENTED_EDGE('',*,*,#8644,.T.);
#8858 = ORIENTED_EDGE('',*,*,#5907,.F.);
#8859 = ORIENTED_EDGE('',*,*,#8843,.F.);
#8860 = PLANE('',#8861);
#8861 = AXIS2_PLACEMENT_3D('',#8862,#8863,#8864);
#8862 = CARTESIAN_POINT('',(2.5,-0.875,0.));
#8863 = DIRECTION('',(-1.,3.445092848398E-16,0.));
#8864 = DIRECTION('',(3.445092848398E-16,1.,0.));
#8865 = ADVANCED_FACE('',(#8866),#8877,.F.);
#8866 = FACE_BOUND('',#8867,.F.);
#8867 = EDGE_LOOP('',(#8868,#8869,#8870,#8871));
#8868 = ORIENTED_EDGE('',*,*,#5995,.T.);
#8869 = ORIENTED_EDGE('',*,*,#6045,.T.);
#8870 = ORIENTED_EDGE('',*,*,#6060,.T.);
#8871 = ORIENTED_EDGE('',*,*,#8872,.T.);
#8872 = EDGE_CURVE('',#6061,#5996,#8873,.T.);
#8873 = LINE('',#8874,#8875);
#8874 = CARTESIAN_POINT('',(2.5,-1.375,0.));
#8875 = VECTOR('',#8876,1.);
#8876 = DIRECTION('',(3.445092848398E-16,1.,0.));
#8877 = PLANE('',#8878);
#8878 = AXIS2_PLACEMENT_3D('',#8879,#8880,#8881);
#8879 = CARTESIAN_POINT('',(2.324839749899,-1.25,0.));
#8880 = DIRECTION('',(0.,0.,1.));
#8881 = DIRECTION('',(3.445092848398E-16,1.,-0.));
#8882 = ADVANCED_FACE('',(#8883),#8889,.F.);
#8883 = FACE_BOUND('',#8884,.F.);
#8884 = EDGE_LOOP('',(#8885,#8886,#8887,#8888));
#8885 = ORIENTED_EDGE('',*,*,#6079,.T.);
#8886 = ORIENTED_EDGE('',*,*,#8661,.T.);
#8887 = ORIENTED_EDGE('',*,*,#6005,.F.);
#8888 = ORIENTED_EDGE('',*,*,#8872,.F.);
#8889 = PLANE('',#8890);
#8890 = AXIS2_PLACEMENT_3D('',#8891,#8892,#8893);
#8891 = CARTESIAN_POINT('',(2.5,-1.375,0.));
#8892 = DIRECTION('',(-1.,3.445092848398E-16,0.));
#8893 = DIRECTION('',(3.445092848398E-16,1.,0.));
#8894 = ADVANCED_FACE('',(#8895),#8906,.F.);
#8895 = FACE_BOUND('',#8896,.F.);
#8896 = EDGE_LOOP('',(#8897,#8898,#8899,#8900));
#8897 = ORIENTED_EDGE('',*,*,#6093,.T.);
#8898 = ORIENTED_EDGE('',*,*,#6143,.T.);
#8899 = ORIENTED_EDGE('',*,*,#6158,.T.);
#8900 = ORIENTED_EDGE('',*,*,#8901,.T.);
#8901 = EDGE_CURVE('',#6159,#6094,#8902,.T.);
#8902 = LINE('',#8903,#8904);
#8903 = CARTESIAN_POINT('',(2.5,-1.875,0.));
#8904 = VECTOR('',#8905,1.);
#8905 = DIRECTION('',(3.445092848398E-16,1.,0.));
#8906 = PLANE('',#8907);
#8907 = AXIS2_PLACEMENT_3D('',#8908,#8909,#8910);
#8908 = CARTESIAN_POINT('',(2.324839749899,-1.75,0.));
#8909 = DIRECTION('',(0.,0.,1.));
#8910 = DIRECTION('',(3.445092848398E-16,1.,-0.));
#8911 = ADVANCED_FACE('',(#8912),#8918,.F.);
#8912 = FACE_BOUND('',#8913,.F.);
#8913 = EDGE_LOOP('',(#8914,#8915,#8916,#8917));
#8914 = ORIENTED_EDGE('',*,*,#6177,.T.);
#8915 = ORIENTED_EDGE('',*,*,#8678,.T.);
#8916 = ORIENTED_EDGE('',*,*,#6103,.F.);
#8917 = ORIENTED_EDGE('',*,*,#8901,.F.);
#8918 = PLANE('',#8919);
#8919 = AXIS2_PLACEMENT_3D('',#8920,#8921,#8922);
#8920 = CARTESIAN_POINT('',(2.5,-1.875,0.));
#8921 = DIRECTION('',(-1.,3.445092848398E-16,0.));
#8922 = DIRECTION('',(3.445092848398E-16,1.,0.));
#8923 = ADVANCED_FACE('',(#8924),#8935,.T.);
#8924 = FACE_BOUND('',#8925,.T.);
#8925 = EDGE_LOOP('',(#8926,#8932,#8933,#8934));
#8926 = ORIENTED_EDGE('',*,*,#8927,.T.);
#8927 = EDGE_CURVE('',#6476,#6410,#8928,.T.);
#8928 = LINE('',#8929,#8930);
#8929 = CARTESIAN_POINT('',(1.625,-2.5,0.2));
#8930 = VECTOR('',#8931,1.);
#8931 = DIRECTION('',(1.,-5.665538897648E-16,0.));
#8932 = ORIENTED_EDGE('',*,*,#6417,.T.);
#8933 = ORIENTED_EDGE('',*,*,#6375,.T.);
#8934 = ORIENTED_EDGE('',*,*,#6475,.T.);
#8935 = PLANE('',#8936);
#8936 = AXIS2_PLACEMENT_3D('',#8937,#8938,#8939);
#8937 = CARTESIAN_POINT('',(1.75,-2.324839749899,0.2));
#8938 = DIRECTION('',(0.,0.,1.));
#8939 = DIRECTION('',(1.,-5.665538897648E-16,0.));
#8940 = ADVANCED_FACE('',(#8941),#8952,.T.);
#8941 = FACE_BOUND('',#8942,.T.);
#8942 = EDGE_LOOP('',(#8943,#8949,#8950,#8951));
#8943 = ORIENTED_EDGE('',*,*,#8944,.T.);
#8944 = EDGE_CURVE('',#6574,#6508,#8945,.T.);
#8945 = LINE('',#8946,#8947);
#8946 = CARTESIAN_POINT('',(1.125,-2.5,0.2));
#8947 = VECTOR('',#8948,1.);
#8948 = DIRECTION('',(1.,-5.665538897648E-16,0.));
#8949 = ORIENTED_EDGE('',*,*,#6515,.T.);
#8950 = ORIENTED_EDGE('',*,*,#6352,.T.);
#8951 = ORIENTED_EDGE('',*,*,#6573,.T.);
#8952 = PLANE('',#8953);
#8953 = AXIS2_PLACEMENT_3D('',#8954,#8955,#8956);
#8954 = CARTESIAN_POINT('',(1.25,-2.324839749899,0.2));
#8955 = DIRECTION('',(0.,0.,1.));
#8956 = DIRECTION('',(1.,-5.665538897648E-16,0.));
#8957 = ADVANCED_FACE('',(#8958),#8969,.T.);
#8958 = FACE_BOUND('',#8959,.T.);
#8959 = EDGE_LOOP('',(#8960,#8966,#8967,#8968));
#8960 = ORIENTED_EDGE('',*,*,#8961,.T.);
#8961 = EDGE_CURVE('',#6672,#6606,#8962,.T.);
#8962 = LINE('',#8963,#8964);
#8963 = CARTESIAN_POINT('',(0.625,-2.5,0.2));
#8964 = VECTOR('',#8965,1.);
#8965 = DIRECTION('',(1.,-5.665538897648E-16,0.));
#8966 = ORIENTED_EDGE('',*,*,#6613,.T.);
#8967 = ORIENTED_EDGE('',*,*,#6329,.T.);
#8968 = ORIENTED_EDGE('',*,*,#6671,.T.);
#8969 = PLANE('',#8970);
#8970 = AXIS2_PLACEMENT_3D('',#8971,#8972,#8973);
#8971 = CARTESIAN_POINT('',(0.75,-2.324839749899,0.2));
#8972 = DIRECTION('',(0.,0.,1.));
#8973 = DIRECTION('',(1.,-5.665538897648E-16,0.));
#8974 = ADVANCED_FACE('',(#8975),#8986,.T.);
#8975 = FACE_BOUND('',#8976,.T.);
#8976 = EDGE_LOOP('',(#8977,#8983,#8984,#8985));
#8977 = ORIENTED_EDGE('',*,*,#8978,.T.);
#8978 = EDGE_CURVE('',#6770,#6704,#8979,.T.);
#8979 = LINE('',#8980,#8981);
#8980 = CARTESIAN_POINT('',(0.125,-2.5,0.2));
#8981 = VECTOR('',#8982,1.);
#8982 = DIRECTION('',(1.,-5.665538897648E-16,0.));
#8983 = ORIENTED_EDGE('',*,*,#6711,.T.);
#8984 = ORIENTED_EDGE('',*,*,#6306,.T.);
#8985 = ORIENTED_EDGE('',*,*,#6769,.T.);
#8986 = PLANE('',#8987);
#8987 = AXIS2_PLACEMENT_3D('',#8988,#8989,#8990);
#8988 = CARTESIAN_POINT('',(0.25,-2.324839749899,0.2));
#8989 = DIRECTION('',(0.,0.,1.));
#8990 = DIRECTION('',(1.,-5.665538897648E-16,0.));
#8991 = ADVANCED_FACE('',(#8992),#9003,.T.);
#8992 = FACE_BOUND('',#8993,.T.);
#8993 = EDGE_LOOP('',(#8994,#9000,#9001,#9002));
#8994 = ORIENTED_EDGE('',*,*,#8995,.T.);
#8995 = EDGE_CURVE('',#6868,#6802,#8996,.T.);
#8996 = LINE('',#8997,#8998);
#8997 = CARTESIAN_POINT('',(-0.375,-2.5,0.2));
#8998 = VECTOR('',#8999,1.);
#8999 = DIRECTION('',(1.,-5.665538897648E-16,0.));
#9000 = ORIENTED_EDGE('',*,*,#6809,.T.);
#9001 = ORIENTED_EDGE('',*,*,#6283,.T.);
#9002 = ORIENTED_EDGE('',*,*,#6867,.T.);
#9003 = PLANE('',#9004);
#9004 = AXIS2_PLACEMENT_3D('',#9005,#9006,#9007);
#9005 = CARTESIAN_POINT('',(-0.25,-2.324839749899,0.2));
#9006 = DIRECTION('',(0.,0.,1.));
#9007 = DIRECTION('',(1.,-5.665538897648E-16,0.));
#9008 = ADVANCED_FACE('',(#9009),#9020,.T.);
#9009 = FACE_BOUND('',#9010,.T.);
#9010 = EDGE_LOOP('',(#9011,#9017,#9018,#9019));
#9011 = ORIENTED_EDGE('',*,*,#9012,.T.);
#9012 = EDGE_CURVE('',#6966,#6900,#9013,.T.);
#9013 = LINE('',#9014,#9015);
#9014 = CARTESIAN_POINT('',(-0.875,-2.5,0.2));
#9015 = VECTOR('',#9016,1.);
#9016 = DIRECTION('',(1.,-5.665538897648E-16,0.));
#9017 = ORIENTED_EDGE('',*,*,#6907,.T.);
#9018 = ORIENTED_EDGE('',*,*,#6260,.T.);
#9019 = ORIENTED_EDGE('',*,*,#6965,.T.);
#9020 = PLANE('',#9021);
#9021 = AXIS2_PLACEMENT_3D('',#9022,#9023,#9024);
#9022 = CARTESIAN_POINT('',(-0.75,-2.324839749899,0.2));
#9023 = DIRECTION('',(0.,0.,1.));
#9024 = DIRECTION('',(1.,-5.665538897648E-16,0.));
#9025 = ADVANCED_FACE('',(#9026),#9037,.T.);
#9026 = FACE_BOUND('',#9027,.T.);
#9027 = EDGE_LOOP('',(#9028,#9034,#9035,#9036));
#9028 = ORIENTED_EDGE('',*,*,#9029,.T.);
#9029 = EDGE_CURVE('',#7064,#6998,#9030,.T.);
#9030 = LINE('',#9031,#9032);
#9031 = CARTESIAN_POINT('',(-1.375,-2.5,0.2));
#9032 = VECTOR('',#9033,1.);
#9033 = DIRECTION('',(1.,-5.665538897648E-16,0.));
#9034 = ORIENTED_EDGE('',*,*,#7005,.T.);
#9035 = ORIENTED_EDGE('',*,*,#6237,.T.);
#9036 = ORIENTED_EDGE('',*,*,#7063,.T.);
#9037 = PLANE('',#9038);
#9038 = AXIS2_PLACEMENT_3D('',#9039,#9040,#9041);
#9039 = CARTESIAN_POINT('',(-1.25,-2.324839749899,0.2));
#9040 = DIRECTION('',(0.,0.,1.));
#9041 = DIRECTION('',(1.,-5.665538897648E-16,0.));
#9042 = ADVANCED_FACE('',(#9043),#9054,.T.);
#9043 = FACE_BOUND('',#9044,.T.);
#9044 = EDGE_LOOP('',(#9045,#9051,#9052,#9053));
#9045 = ORIENTED_EDGE('',*,*,#9046,.T.);
#9046 = EDGE_CURVE('',#7162,#7096,#9047,.T.);
#9047 = LINE('',#9048,#9049);
#9048 = CARTESIAN_POINT('',(-1.875,-2.5,0.2));
#9049 = VECTOR('',#9050,1.);
#9050 = DIRECTION('',(1.,-5.665538897648E-16,0.));
#9051 = ORIENTED_EDGE('',*,*,#7103,.T.);
#9052 = ORIENTED_EDGE('',*,*,#6214,.T.);
#9053 = ORIENTED_EDGE('',*,*,#7161,.T.);
#9054 = PLANE('',#9055);
#9055 = AXIS2_PLACEMENT_3D('',#9056,#9057,#9058);
#9056 = CARTESIAN_POINT('',(-1.75,-2.324839749899,0.2));
#9057 = DIRECTION('',(0.,0.,1.));
#9058 = DIRECTION('',(1.,-5.665538897648E-16,0.));
#9059 = ADVANCED_FACE('',(#9060),#9071,.F.);
#9060 = FACE_BOUND('',#9061,.F.);
#9061 = EDGE_LOOP('',(#9062,#9063,#9064,#9065));
#9062 = ORIENTED_EDGE('',*,*,#6399,.T.);
#9063 = ORIENTED_EDGE('',*,*,#6449,.T.);
#9064 = ORIENTED_EDGE('',*,*,#6464,.T.);
#9065 = ORIENTED_EDGE('',*,*,#9066,.T.);
#9066 = EDGE_CURVE('',#6465,#6400,#9067,.T.);
#9067 = LINE('',#9068,#9069);
#9068 = CARTESIAN_POINT('',(1.625,-2.5,0.));
#9069 = VECTOR('',#9070,1.);
#9070 = DIRECTION('',(1.,-5.665538897648E-16,0.));
#9071 = PLANE('',#9072);
#9072 = AXIS2_PLACEMENT_3D('',#9073,#9074,#9075);
#9073 = CARTESIAN_POINT('',(1.75,-2.324839749899,0.));
#9074 = DIRECTION('',(0.,0.,1.));
#9075 = DIRECTION('',(1.,-5.665538897648E-16,0.));
#9076 = ADVANCED_FACE('',(#9077),#9083,.F.);
#9077 = FACE_BOUND('',#9078,.F.);
#9078 = EDGE_LOOP('',(#9079,#9080,#9081,#9082));
#9079 = ORIENTED_EDGE('',*,*,#6483,.T.);
#9080 = ORIENTED_EDGE('',*,*,#8927,.T.);
#9081 = ORIENTED_EDGE('',*,*,#6409,.F.);
#9082 = ORIENTED_EDGE('',*,*,#9066,.F.);
#9083 = PLANE('',#9084);
#9084 = AXIS2_PLACEMENT_3D('',#9085,#9086,#9087);
#9085 = CARTESIAN_POINT('',(1.625,-2.5,0.));
#9086 = DIRECTION('',(5.665538897648E-16,1.,0.));
#9087 = DIRECTION('',(1.,-5.665538897648E-16,0.));
#9088 = ADVANCED_FACE('',(#9089),#9100,.F.);
#9089 = FACE_BOUND('',#9090,.F.);
#9090 = EDGE_LOOP('',(#9091,#9092,#9093,#9094));
#9091 = ORIENTED_EDGE('',*,*,#6497,.T.);
#9092 = ORIENTED_EDGE('',*,*,#6547,.T.);
#9093 = ORIENTED_EDGE('',*,*,#6562,.T.);
#9094 = ORIENTED_EDGE('',*,*,#9095,.T.);
#9095 = EDGE_CURVE('',#6563,#6498,#9096,.T.);
#9096 = LINE('',#9097,#9098);
#9097 = CARTESIAN_POINT('',(1.125,-2.5,0.));
#9098 = VECTOR('',#9099,1.);
#9099 = DIRECTION('',(1.,-5.665538897648E-16,0.));
#9100 = PLANE('',#9101);
#9101 = AXIS2_PLACEMENT_3D('',#9102,#9103,#9104);
#9102 = CARTESIAN_POINT('',(1.25,-2.324839749899,0.));
#9103 = DIRECTION('',(0.,0.,1.));
#9104 = DIRECTION('',(1.,-5.665538897648E-16,0.));
#9105 = ADVANCED_FACE('',(#9106),#9112,.F.);
#9106 = FACE_BOUND('',#9107,.F.);
#9107 = EDGE_LOOP('',(#9108,#9109,#9110,#9111));
#9108 = ORIENTED_EDGE('',*,*,#6581,.T.);
#9109 = ORIENTED_EDGE('',*,*,#8944,.T.);
#9110 = ORIENTED_EDGE('',*,*,#6507,.F.);
#9111 = ORIENTED_EDGE('',*,*,#9095,.F.);
#9112 = PLANE('',#9113);
#9113 = AXIS2_PLACEMENT_3D('',#9114,#9115,#9116);
#9114 = CARTESIAN_POINT('',(1.125,-2.5,0.));
#9115 = DIRECTION('',(5.665538897648E-16,1.,0.));
#9116 = DIRECTION('',(1.,-5.665538897648E-16,0.));
#9117 = ADVANCED_FACE('',(#9118),#9129,.F.);
#9118 = FACE_BOUND('',#9119,.F.);
#9119 = EDGE_LOOP('',(#9120,#9121,#9122,#9123));
#9120 = ORIENTED_EDGE('',*,*,#6595,.T.);
#9121 = ORIENTED_EDGE('',*,*,#6645,.T.);
#9122 = ORIENTED_EDGE('',*,*,#6660,.T.);
#9123 = ORIENTED_EDGE('',*,*,#9124,.T.);
#9124 = EDGE_CURVE('',#6661,#6596,#9125,.T.);
#9125 = LINE('',#9126,#9127);
#9126 = CARTESIAN_POINT('',(0.625,-2.5,0.));
#9127 = VECTOR('',#9128,1.);
#9128 = DIRECTION('',(1.,-5.665538897648E-16,0.));
#9129 = PLANE('',#9130);
#9130 = AXIS2_PLACEMENT_3D('',#9131,#9132,#9133);
#9131 = CARTESIAN_POINT('',(0.75,-2.324839749899,0.));
#9132 = DIRECTION('',(0.,0.,1.));
#9133 = DIRECTION('',(1.,-5.665538897648E-16,0.));
#9134 = ADVANCED_FACE('',(#9135),#9141,.F.);
#9135 = FACE_BOUND('',#9136,.F.);
#9136 = EDGE_LOOP('',(#9137,#9138,#9139,#9140));
#9137 = ORIENTED_EDGE('',*,*,#6679,.T.);
#9138 = ORIENTED_EDGE('',*,*,#8961,.T.);
#9139 = ORIENTED_EDGE('',*,*,#6605,.F.);
#9140 = ORIENTED_EDGE('',*,*,#9124,.F.);
#9141 = PLANE('',#9142);
#9142 = AXIS2_PLACEMENT_3D('',#9143,#9144,#9145);
#9143 = CARTESIAN_POINT('',(0.625,-2.5,0.));
#9144 = DIRECTION('',(5.665538897648E-16,1.,0.));
#9145 = DIRECTION('',(1.,-5.665538897648E-16,0.));
#9146 = ADVANCED_FACE('',(#9147),#9158,.F.);
#9147 = FACE_BOUND('',#9148,.F.);
#9148 = EDGE_LOOP('',(#9149,#9150,#9151,#9152));
#9149 = ORIENTED_EDGE('',*,*,#6693,.T.);
#9150 = ORIENTED_EDGE('',*,*,#6743,.T.);
#9151 = ORIENTED_EDGE('',*,*,#6758,.T.);
#9152 = ORIENTED_EDGE('',*,*,#9153,.T.);
#9153 = EDGE_CURVE('',#6759,#6694,#9154,.T.);
#9154 = LINE('',#9155,#9156);
#9155 = CARTESIAN_POINT('',(0.125,-2.5,0.));
#9156 = VECTOR('',#9157,1.);
#9157 = DIRECTION('',(1.,-5.665538897648E-16,0.));
#9158 = PLANE('',#9159);
#9159 = AXIS2_PLACEMENT_3D('',#9160,#9161,#9162);
#9160 = CARTESIAN_POINT('',(0.25,-2.324839749899,0.));
#9161 = DIRECTION('',(0.,0.,1.));
#9162 = DIRECTION('',(1.,-5.665538897648E-16,0.));
#9163 = ADVANCED_FACE('',(#9164),#9170,.F.);
#9164 = FACE_BOUND('',#9165,.F.);
#9165 = EDGE_LOOP('',(#9166,#9167,#9168,#9169));
#9166 = ORIENTED_EDGE('',*,*,#6777,.T.);
#9167 = ORIENTED_EDGE('',*,*,#8978,.T.);
#9168 = ORIENTED_EDGE('',*,*,#6703,.F.);
#9169 = ORIENTED_EDGE('',*,*,#9153,.F.);
#9170 = PLANE('',#9171);
#9171 = AXIS2_PLACEMENT_3D('',#9172,#9173,#9174);
#9172 = CARTESIAN_POINT('',(0.125,-2.5,0.));
#9173 = DIRECTION('',(5.665538897648E-16,1.,0.));
#9174 = DIRECTION('',(1.,-5.665538897648E-16,0.));
#9175 = ADVANCED_FACE('',(#9176),#9187,.F.);
#9176 = FACE_BOUND('',#9177,.F.);
#9177 = EDGE_LOOP('',(#9178,#9179,#9180,#9181));
#9178 = ORIENTED_EDGE('',*,*,#6791,.T.);
#9179 = ORIENTED_EDGE('',*,*,#6841,.T.);
#9180 = ORIENTED_EDGE('',*,*,#6856,.T.);
#9181 = ORIENTED_EDGE('',*,*,#9182,.T.);
#9182 = EDGE_CURVE('',#6857,#6792,#9183,.T.);
#9183 = LINE('',#9184,#9185);
#9184 = CARTESIAN_POINT('',(-0.375,-2.5,0.));
#9185 = VECTOR('',#9186,1.);
#9186 = DIRECTION('',(1.,-5.665538897648E-16,0.));
#9187 = PLANE('',#9188);
#9188 = AXIS2_PLACEMENT_3D('',#9189,#9190,#9191);
#9189 = CARTESIAN_POINT('',(-0.25,-2.324839749899,0.));
#9190 = DIRECTION('',(0.,0.,1.));
#9191 = DIRECTION('',(1.,-5.665538897648E-16,0.));
#9192 = ADVANCED_FACE('',(#9193),#9199,.F.);
#9193 = FACE_BOUND('',#9194,.F.);
#9194 = EDGE_LOOP('',(#9195,#9196,#9197,#9198));
#9195 = ORIENTED_EDGE('',*,*,#6875,.T.);
#9196 = ORIENTED_EDGE('',*,*,#8995,.T.);
#9197 = ORIENTED_EDGE('',*,*,#6801,.F.);
#9198 = ORIENTED_EDGE('',*,*,#9182,.F.);
#9199 = PLANE('',#9200);
#9200 = AXIS2_PLACEMENT_3D('',#9201,#9202,#9203);
#9201 = CARTESIAN_POINT('',(-0.375,-2.5,0.));
#9202 = DIRECTION('',(5.665538897648E-16,1.,0.));
#9203 = DIRECTION('',(1.,-5.665538897648E-16,0.));
#9204 = ADVANCED_FACE('',(#9205),#9216,.F.);
#9205 = FACE_BOUND('',#9206,.F.);
#9206 = EDGE_LOOP('',(#9207,#9208,#9209,#9210));
#9207 = ORIENTED_EDGE('',*,*,#6889,.T.);
#9208 = ORIENTED_EDGE('',*,*,#6939,.T.);
#9209 = ORIENTED_EDGE('',*,*,#6954,.T.);
#9210 = ORIENTED_EDGE('',*,*,#9211,.T.);
#9211 = EDGE_CURVE('',#6955,#6890,#9212,.T.);
#9212 = LINE('',#9213,#9214);
#9213 = CARTESIAN_POINT('',(-0.875,-2.5,0.));
#9214 = VECTOR('',#9215,1.);
#9215 = DIRECTION('',(1.,-5.665538897648E-16,0.));
#9216 = PLANE('',#9217);
#9217 = AXIS2_PLACEMENT_3D('',#9218,#9219,#9220);
#9218 = CARTESIAN_POINT('',(-0.75,-2.324839749899,0.));
#9219 = DIRECTION('',(0.,0.,1.));
#9220 = DIRECTION('',(1.,-5.665538897648E-16,0.));
#9221 = ADVANCED_FACE('',(#9222),#9228,.F.);
#9222 = FACE_BOUND('',#9223,.F.);
#9223 = EDGE_LOOP('',(#9224,#9225,#9226,#9227));
#9224 = ORIENTED_EDGE('',*,*,#6973,.T.);
#9225 = ORIENTED_EDGE('',*,*,#9012,.T.);
#9226 = ORIENTED_EDGE('',*,*,#6899,.F.);
#9227 = ORIENTED_EDGE('',*,*,#9211,.F.);
#9228 = PLANE('',#9229);
#9229 = AXIS2_PLACEMENT_3D('',#9230,#9231,#9232);
#9230 = CARTESIAN_POINT('',(-0.875,-2.5,0.));
#9231 = DIRECTION('',(5.665538897648E-16,1.,0.));
#9232 = DIRECTION('',(1.,-5.665538897648E-16,0.));
#9233 = ADVANCED_FACE('',(#9234),#9245,.F.);
#9234 = FACE_BOUND('',#9235,.F.);
#9235 = EDGE_LOOP('',(#9236,#9237,#9238,#9239));
#9236 = ORIENTED_EDGE('',*,*,#6987,.T.);
#9237 = ORIENTED_EDGE('',*,*,#7037,.T.);
#9238 = ORIENTED_EDGE('',*,*,#7052,.T.);
#9239 = ORIENTED_EDGE('',*,*,#9240,.T.);
#9240 = EDGE_CURVE('',#7053,#6988,#9241,.T.);
#9241 = LINE('',#9242,#9243);
#9242 = CARTESIAN_POINT('',(-1.375,-2.5,0.));
#9243 = VECTOR('',#9244,1.);
#9244 = DIRECTION('',(1.,-5.665538897648E-16,0.));
#9245 = PLANE('',#9246);
#9246 = AXIS2_PLACEMENT_3D('',#9247,#9248,#9249);
#9247 = CARTESIAN_POINT('',(-1.25,-2.324839749899,0.));
#9248 = DIRECTION('',(0.,0.,1.));
#9249 = DIRECTION('',(1.,-5.665538897648E-16,0.));
#9250 = ADVANCED_FACE('',(#9251),#9257,.F.);
#9251 = FACE_BOUND('',#9252,.F.);
#9252 = EDGE_LOOP('',(#9253,#9254,#9255,#9256));
#9253 = ORIENTED_EDGE('',*,*,#7071,.T.);
#9254 = ORIENTED_EDGE('',*,*,#9029,.T.);
#9255 = ORIENTED_EDGE('',*,*,#6997,.F.);
#9256 = ORIENTED_EDGE('',*,*,#9240,.F.);
#9257 = PLANE('',#9258);
#9258 = AXIS2_PLACEMENT_3D('',#9259,#9260,#9261);
#9259 = CARTESIAN_POINT('',(-1.375,-2.5,0.));
#9260 = DIRECTION('',(5.665538897648E-16,1.,0.));
#9261 = DIRECTION('',(1.,-5.665538897648E-16,0.));
#9262 = ADVANCED_FACE('',(#9263),#9274,.F.);
#9263 = FACE_BOUND('',#9264,.F.);
#9264 = EDGE_LOOP('',(#9265,#9266,#9267,#9268));
#9265 = ORIENTED_EDGE('',*,*,#7085,.T.);
#9266 = ORIENTED_EDGE('',*,*,#7135,.T.);
#9267 = ORIENTED_EDGE('',*,*,#7150,.T.);
#9268 = ORIENTED_EDGE('',*,*,#9269,.T.);
#9269 = EDGE_CURVE('',#7151,#7086,#9270,.T.);
#9270 = LINE('',#9271,#9272);
#9271 = CARTESIAN_POINT('',(-1.875,-2.5,0.));
#9272 = VECTOR('',#9273,1.);
#9273 = DIRECTION('',(1.,-5.665538897648E-16,0.));
#9274 = PLANE('',#9275);
#9275 = AXIS2_PLACEMENT_3D('',#9276,#9277,#9278);
#9276 = CARTESIAN_POINT('',(-1.75,-2.324839749899,0.));
#9277 = DIRECTION('',(0.,0.,1.));
#9278 = DIRECTION('',(1.,-5.665538897648E-16,0.));
#9279 = ADVANCED_FACE('',(#9280),#9286,.F.);
#9280 = FACE_BOUND('',#9281,.F.);
#9281 = EDGE_LOOP('',(#9282,#9283,#9284,#9285));
#9282 = ORIENTED_EDGE('',*,*,#7169,.T.);
#9283 = ORIENTED_EDGE('',*,*,#9046,.T.);
#9284 = ORIENTED_EDGE('',*,*,#7095,.F.);
#9285 = ORIENTED_EDGE('',*,*,#9269,.F.);
#9286 = PLANE('',#9287);
#9287 = AXIS2_PLACEMENT_3D('',#9288,#9289,#9290);
#9288 = CARTESIAN_POINT('',(-1.875,-2.5,0.));
#9289 = DIRECTION('',(5.665538897648E-16,1.,0.));
#9290 = DIRECTION('',(1.,-5.665538897648E-16,0.));
#9291 = ADVANCED_FACE('',(#9292),#9303,.T.);
#9292 = FACE_BOUND('',#9293,.T.);
#9293 = EDGE_LOOP('',(#9294,#9300,#9301,#9302));
#9294 = ORIENTED_EDGE('',*,*,#9295,.T.);
#9295 = EDGE_CURVE('',#8147,#8081,#9296,.T.);
#9296 = LINE('',#9297,#9298);
#9297 = CARTESIAN_POINT('',(-2.5,1.875,0.2));
#9298 = VECTOR('',#9299,1.);
#9299 = DIRECTION('',(-4.669739647545E-16,-1.,0.));
#9300 = ORIENTED_EDGE('',*,*,#8088,.T.);
#9301 = ORIENTED_EDGE('',*,*,#7362,.F.);
#9302 = ORIENTED_EDGE('',*,*,#8146,.T.);
#9303 = PLANE('',#9304);
#9304 = AXIS2_PLACEMENT_3D('',#9305,#9306,#9307);
#9305 = CARTESIAN_POINT('',(-2.324839749899,1.75,0.2));
#9306 = DIRECTION('',(0.,0.,1.));
#9307 = DIRECTION('',(-4.669739647545E-16,-1.,0.));
#9308 = ADVANCED_FACE('',(#9309),#9320,.T.);
#9309 = FACE_BOUND('',#9310,.T.);
#9310 = EDGE_LOOP('',(#9311,#9317,#9318,#9319));
#9311 = ORIENTED_EDGE('',*,*,#9312,.T.);
#9312 = EDGE_CURVE('',#8049,#7983,#9313,.T.);
#9313 = LINE('',#9314,#9315);
#9314 = CARTESIAN_POINT('',(-2.5,1.375,0.2));
#9315 = VECTOR('',#9316,1.);
#9316 = DIRECTION('',(-4.669739647545E-16,-1.,0.));
#9317 = ORIENTED_EDGE('',*,*,#7990,.T.);
#9318 = ORIENTED_EDGE('',*,*,#7339,.F.);
#9319 = ORIENTED_EDGE('',*,*,#8048,.T.);
#9320 = PLANE('',#9321);
#9321 = AXIS2_PLACEMENT_3D('',#9322,#9323,#9324);
#9322 = CARTESIAN_POINT('',(-2.324839749899,1.25,0.2));
#9323 = DIRECTION('',(0.,0.,1.));
#9324 = DIRECTION('',(-4.669739647545E-16,-1.,0.));
#9325 = ADVANCED_FACE('',(#9326),#9337,.T.);
#9326 = FACE_BOUND('',#9327,.T.);
#9327 = EDGE_LOOP('',(#9328,#9334,#9335,#9336));
#9328 = ORIENTED_EDGE('',*,*,#9329,.T.);
#9329 = EDGE_CURVE('',#7951,#7885,#9330,.T.);
#9330 = LINE('',#9331,#9332);
#9331 = CARTESIAN_POINT('',(-2.5,0.875,0.2));
#9332 = VECTOR('',#9333,1.);
#9333 = DIRECTION('',(-4.669739647545E-16,-1.,0.));
#9334 = ORIENTED_EDGE('',*,*,#7892,.T.);
#9335 = ORIENTED_EDGE('',*,*,#7316,.F.);
#9336 = ORIENTED_EDGE('',*,*,#7950,.T.);
#9337 = PLANE('',#9338);
#9338 = AXIS2_PLACEMENT_3D('',#9339,#9340,#9341);
#9339 = CARTESIAN_POINT('',(-2.324839749899,0.75,0.2));
#9340 = DIRECTION('',(0.,0.,1.));
#9341 = DIRECTION('',(-4.669739647545E-16,-1.,0.));
#9342 = ADVANCED_FACE('',(#9343),#9354,.T.);
#9343 = FACE_BOUND('',#9344,.T.);
#9344 = EDGE_LOOP('',(#9345,#9351,#9352,#9353));
#9345 = ORIENTED_EDGE('',*,*,#9346,.T.);
#9346 = EDGE_CURVE('',#7853,#7787,#9347,.T.);
#9347 = LINE('',#9348,#9349);
#9348 = CARTESIAN_POINT('',(-2.5,0.375,0.2));
#9349 = VECTOR('',#9350,1.);
#9350 = DIRECTION('',(-4.669739647545E-16,-1.,0.));
#9351 = ORIENTED_EDGE('',*,*,#7794,.T.);
#9352 = ORIENTED_EDGE('',*,*,#7293,.F.);
#9353 = ORIENTED_EDGE('',*,*,#7852,.T.);
#9354 = PLANE('',#9355);
#9355 = AXIS2_PLACEMENT_3D('',#9356,#9357,#9358);
#9356 = CARTESIAN_POINT('',(-2.324839749899,0.25,0.2));
#9357 = DIRECTION('',(0.,0.,1.));
#9358 = DIRECTION('',(-4.669739647545E-16,-1.,0.));
#9359 = ADVANCED_FACE('',(#9360),#9371,.T.);
#9360 = FACE_BOUND('',#9361,.T.);
#9361 = EDGE_LOOP('',(#9362,#9368,#9369,#9370));
#9362 = ORIENTED_EDGE('',*,*,#9363,.T.);
#9363 = EDGE_CURVE('',#7755,#7689,#9364,.T.);
#9364 = LINE('',#9365,#9366);
#9365 = CARTESIAN_POINT('',(-2.5,-0.125,0.2));
#9366 = VECTOR('',#9367,1.);
#9367 = DIRECTION('',(-4.669739647545E-16,-1.,0.));
#9368 = ORIENTED_EDGE('',*,*,#7696,.T.);
#9369 = ORIENTED_EDGE('',*,*,#7270,.F.);
#9370 = ORIENTED_EDGE('',*,*,#7754,.T.);
#9371 = PLANE('',#9372);
#9372 = AXIS2_PLACEMENT_3D('',#9373,#9374,#9375);
#9373 = CARTESIAN_POINT('',(-2.324839749899,-0.25,0.2));
#9374 = DIRECTION('',(0.,0.,1.));
#9375 = DIRECTION('',(-4.669739647545E-16,-1.,0.));
#9376 = ADVANCED_FACE('',(#9377),#9388,.T.);
#9377 = FACE_BOUND('',#9378,.T.);
#9378 = EDGE_LOOP('',(#9379,#9385,#9386,#9387));
#9379 = ORIENTED_EDGE('',*,*,#9380,.T.);
#9380 = EDGE_CURVE('',#7657,#7591,#9381,.T.);
#9381 = LINE('',#9382,#9383);
#9382 = CARTESIAN_POINT('',(-2.5,-0.625,0.2));
#9383 = VECTOR('',#9384,1.);
#9384 = DIRECTION('',(-4.669739647545E-16,-1.,0.));
#9385 = ORIENTED_EDGE('',*,*,#7598,.T.);
#9386 = ORIENTED_EDGE('',*,*,#7247,.F.);
#9387 = ORIENTED_EDGE('',*,*,#7656,.T.);
#9388 = PLANE('',#9389);
#9389 = AXIS2_PLACEMENT_3D('',#9390,#9391,#9392);
#9390 = CARTESIAN_POINT('',(-2.324839749899,-0.75,0.2));
#9391 = DIRECTION('',(0.,0.,1.));
#9392 = DIRECTION('',(-4.669739647545E-16,-1.,0.));
#9393 = ADVANCED_FACE('',(#9394),#9405,.T.);
#9394 = FACE_BOUND('',#9395,.T.);
#9395 = EDGE_LOOP('',(#9396,#9402,#9403,#9404));
#9396 = ORIENTED_EDGE('',*,*,#9397,.T.);
#9397 = EDGE_CURVE('',#7559,#7493,#9398,.T.);
#9398 = LINE('',#9399,#9400);
#9399 = CARTESIAN_POINT('',(-2.5,-1.125,0.2));
#9400 = VECTOR('',#9401,1.);
#9401 = DIRECTION('',(-4.669739647545E-16,-1.,0.));
#9402 = ORIENTED_EDGE('',*,*,#7500,.T.);
#9403 = ORIENTED_EDGE('',*,*,#7224,.F.);
#9404 = ORIENTED_EDGE('',*,*,#7558,.T.);
#9405 = PLANE('',#9406);
#9406 = AXIS2_PLACEMENT_3D('',#9407,#9408,#9409);
#9407 = CARTESIAN_POINT('',(-2.324839749899,-1.25,0.2));
#9408 = DIRECTION('',(0.,0.,1.));
#9409 = DIRECTION('',(-4.669739647545E-16,-1.,0.));
#9410 = ADVANCED_FACE('',(#9411),#9422,.T.);
#9411 = FACE_BOUND('',#9412,.T.);
#9412 = EDGE_LOOP('',(#9413,#9419,#9420,#9421));
#9413 = ORIENTED_EDGE('',*,*,#9414,.T.);
#9414 = EDGE_CURVE('',#7461,#7395,#9415,.T.);
#9415 = LINE('',#9416,#9417);
#9416 = CARTESIAN_POINT('',(-2.5,-1.625,0.2));
#9417 = VECTOR('',#9418,1.);
#9418 = DIRECTION('',(-4.669739647545E-16,-1.,0.));
#9419 = ORIENTED_EDGE('',*,*,#7402,.T.);
#9420 = ORIENTED_EDGE('',*,*,#7201,.F.);
#9421 = ORIENTED_EDGE('',*,*,#7460,.T.);
#9422 = PLANE('',#9423);
#9423 = AXIS2_PLACEMENT_3D('',#9424,#9425,#9426);
#9424 = CARTESIAN_POINT('',(-2.324839749899,-1.75,0.2));
#9425 = DIRECTION('',(0.,0.,1.));
#9426 = DIRECTION('',(-4.669739647545E-16,-1.,0.));
#9427 = ADVANCED_FACE('',(#9428),#9439,.F.);
#9428 = FACE_BOUND('',#9429,.F.);
#9429 = EDGE_LOOP('',(#9430,#9431,#9432,#9433));
#9430 = ORIENTED_EDGE('',*,*,#7384,.T.);
#9431 = ORIENTED_EDGE('',*,*,#7434,.T.);
#9432 = ORIENTED_EDGE('',*,*,#7449,.T.);
#9433 = ORIENTED_EDGE('',*,*,#9434,.T.);
#9434 = EDGE_CURVE('',#7450,#7385,#9435,.T.);
#9435 = LINE('',#9436,#9437);
#9436 = CARTESIAN_POINT('',(-2.5,-1.625,0.));
#9437 = VECTOR('',#9438,1.);
#9438 = DIRECTION('',(-4.669739647545E-16,-1.,0.));
#9439 = PLANE('',#9440);
#9440 = AXIS2_PLACEMENT_3D('',#9441,#9442,#9443);
#9441 = CARTESIAN_POINT('',(-2.324839749899,-1.75,0.));
#9442 = DIRECTION('',(0.,0.,1.));
#9443 = DIRECTION('',(-4.669739647545E-16,-1.,0.));
#9444 = ADVANCED_FACE('',(#9445),#9451,.F.);
#9445 = FACE_BOUND('',#9446,.F.);
#9446 = EDGE_LOOP('',(#9447,#9448,#9449,#9450));
#9447 = ORIENTED_EDGE('',*,*,#7468,.T.);
#9448 = ORIENTED_EDGE('',*,*,#9414,.T.);
#9449 = ORIENTED_EDGE('',*,*,#7394,.F.);
#9450 = ORIENTED_EDGE('',*,*,#9434,.F.);
#9451 = PLANE('',#9452);
#9452 = AXIS2_PLACEMENT_3D('',#9453,#9454,#9455);
#9453 = CARTESIAN_POINT('',(-2.5,-1.625,0.));
#9454 = DIRECTION('',(1.,-4.669739647545E-16,0.));
#9455 = DIRECTION('',(-4.669739647545E-16,-1.,0.));
#9456 = ADVANCED_FACE('',(#9457),#9468,.F.);
#9457 = FACE_BOUND('',#9458,.F.);
#9458 = EDGE_LOOP('',(#9459,#9460,#9461,#9462));
#9459 = ORIENTED_EDGE('',*,*,#7482,.T.);
#9460 = ORIENTED_EDGE('',*,*,#7532,.T.);
#9461 = ORIENTED_EDGE('',*,*,#7547,.T.);
#9462 = ORIENTED_EDGE('',*,*,#9463,.T.);
#9463 = EDGE_CURVE('',#7548,#7483,#9464,.T.);
#9464 = LINE('',#9465,#9466);
#9465 = CARTESIAN_POINT('',(-2.5,-1.125,0.));
#9466 = VECTOR('',#9467,1.);
#9467 = DIRECTION('',(-4.669739647545E-16,-1.,0.));
#9468 = PLANE('',#9469);
#9469 = AXIS2_PLACEMENT_3D('',#9470,#9471,#9472);
#9470 = CARTESIAN_POINT('',(-2.324839749899,-1.25,0.));
#9471 = DIRECTION('',(0.,0.,1.));
#9472 = DIRECTION('',(-4.669739647545E-16,-1.,0.));
#9473 = ADVANCED_FACE('',(#9474),#9480,.F.);
#9474 = FACE_BOUND('',#9475,.F.);
#9475 = EDGE_LOOP('',(#9476,#9477,#9478,#9479));
#9476 = ORIENTED_EDGE('',*,*,#7566,.T.);
#9477 = ORIENTED_EDGE('',*,*,#9397,.T.);
#9478 = ORIENTED_EDGE('',*,*,#7492,.F.);
#9479 = ORIENTED_EDGE('',*,*,#9463,.F.);
#9480 = PLANE('',#9481);
#9481 = AXIS2_PLACEMENT_3D('',#9482,#9483,#9484);
#9482 = CARTESIAN_POINT('',(-2.5,-1.125,0.));
#9483 = DIRECTION('',(1.,-4.669739647545E-16,0.));
#9484 = DIRECTION('',(-4.669739647545E-16,-1.,0.));
#9485 = ADVANCED_FACE('',(#9486),#9497,.F.);
#9486 = FACE_BOUND('',#9487,.F.);
#9487 = EDGE_LOOP('',(#9488,#9489,#9490,#9491));
#9488 = ORIENTED_EDGE('',*,*,#7580,.T.);
#9489 = ORIENTED_EDGE('',*,*,#7630,.T.);
#9490 = ORIENTED_EDGE('',*,*,#7645,.T.);
#9491 = ORIENTED_EDGE('',*,*,#9492,.T.);
#9492 = EDGE_CURVE('',#7646,#7581,#9493,.T.);
#9493 = LINE('',#9494,#9495);
#9494 = CARTESIAN_POINT('',(-2.5,-0.625,0.));
#9495 = VECTOR('',#9496,1.);
#9496 = DIRECTION('',(-4.669739647545E-16,-1.,0.));
#9497 = PLANE('',#9498);
#9498 = AXIS2_PLACEMENT_3D('',#9499,#9500,#9501);
#9499 = CARTESIAN_POINT('',(-2.324839749899,-0.75,0.));
#9500 = DIRECTION('',(0.,0.,1.));
#9501 = DIRECTION('',(-4.669739647545E-16,-1.,0.));
#9502 = ADVANCED_FACE('',(#9503),#9509,.F.);
#9503 = FACE_BOUND('',#9504,.F.);
#9504 = EDGE_LOOP('',(#9505,#9506,#9507,#9508));
#9505 = ORIENTED_EDGE('',*,*,#7664,.T.);
#9506 = ORIENTED_EDGE('',*,*,#9380,.T.);
#9507 = ORIENTED_EDGE('',*,*,#7590,.F.);
#9508 = ORIENTED_EDGE('',*,*,#9492,.F.);
#9509 = PLANE('',#9510);
#9510 = AXIS2_PLACEMENT_3D('',#9511,#9512,#9513);
#9511 = CARTESIAN_POINT('',(-2.5,-0.625,0.));
#9512 = DIRECTION('',(1.,-4.669739647545E-16,0.));
#9513 = DIRECTION('',(-4.669739647545E-16,-1.,0.));
#9514 = ADVANCED_FACE('',(#9515),#9526,.F.);
#9515 = FACE_BOUND('',#9516,.F.);
#9516 = EDGE_LOOP('',(#9517,#9518,#9519,#9520));
#9517 = ORIENTED_EDGE('',*,*,#7678,.T.);
#9518 = ORIENTED_EDGE('',*,*,#7728,.T.);
#9519 = ORIENTED_EDGE('',*,*,#7743,.T.);
#9520 = ORIENTED_EDGE('',*,*,#9521,.T.);
#9521 = EDGE_CURVE('',#7744,#7679,#9522,.T.);
#9522 = LINE('',#9523,#9524);
#9523 = CARTESIAN_POINT('',(-2.5,-0.125,0.));
#9524 = VECTOR('',#9525,1.);
#9525 = DIRECTION('',(-4.669739647545E-16,-1.,0.));
#9526 = PLANE('',#9527);
#9527 = AXIS2_PLACEMENT_3D('',#9528,#9529,#9530);
#9528 = CARTESIAN_POINT('',(-2.324839749899,-0.25,0.));
#9529 = DIRECTION('',(0.,0.,1.));
#9530 = DIRECTION('',(-4.669739647545E-16,-1.,0.));
#9531 = ADVANCED_FACE('',(#9532),#9538,.F.);
#9532 = FACE_BOUND('',#9533,.F.);
#9533 = EDGE_LOOP('',(#9534,#9535,#9536,#9537));
#9534 = ORIENTED_EDGE('',*,*,#7762,.T.);
#9535 = ORIENTED_EDGE('',*,*,#9363,.T.);
#9536 = ORIENTED_EDGE('',*,*,#7688,.F.);
#9537 = ORIENTED_EDGE('',*,*,#9521,.F.);
#9538 = PLANE('',#9539);
#9539 = AXIS2_PLACEMENT_3D('',#9540,#9541,#9542);
#9540 = CARTESIAN_POINT('',(-2.5,-0.125,0.));
#9541 = DIRECTION('',(1.,-4.669739647545E-16,0.));
#9542 = DIRECTION('',(-4.669739647545E-16,-1.,0.));
#9543 = ADVANCED_FACE('',(#9544),#9555,.F.);
#9544 = FACE_BOUND('',#9545,.F.);
#9545 = EDGE_LOOP('',(#9546,#9547,#9548,#9549));
#9546 = ORIENTED_EDGE('',*,*,#7776,.T.);
#9547 = ORIENTED_EDGE('',*,*,#7826,.T.);
#9548 = ORIENTED_EDGE('',*,*,#7841,.T.);
#9549 = ORIENTED_EDGE('',*,*,#9550,.T.);
#9550 = EDGE_CURVE('',#7842,#7777,#9551,.T.);
#9551 = LINE('',#9552,#9553);
#9552 = CARTESIAN_POINT('',(-2.5,0.375,0.));
#9553 = VECTOR('',#9554,1.);
#9554 = DIRECTION('',(-4.669739647545E-16,-1.,0.));
#9555 = PLANE('',#9556);
#9556 = AXIS2_PLACEMENT_3D('',#9557,#9558,#9559);
#9557 = CARTESIAN_POINT('',(-2.324839749899,0.25,0.));
#9558 = DIRECTION('',(0.,0.,1.));
#9559 = DIRECTION('',(-4.669739647545E-16,-1.,0.));
#9560 = ADVANCED_FACE('',(#9561),#9567,.F.);
#9561 = FACE_BOUND('',#9562,.F.);
#9562 = EDGE_LOOP('',(#9563,#9564,#9565,#9566));
#9563 = ORIENTED_EDGE('',*,*,#7860,.T.);
#9564 = ORIENTED_EDGE('',*,*,#9346,.T.);
#9565 = ORIENTED_EDGE('',*,*,#7786,.F.);
#9566 = ORIENTED_EDGE('',*,*,#9550,.F.);
#9567 = PLANE('',#9568);
#9568 = AXIS2_PLACEMENT_3D('',#9569,#9570,#9571);
#9569 = CARTESIAN_POINT('',(-2.5,0.375,0.));
#9570 = DIRECTION('',(1.,-4.669739647545E-16,0.));
#9571 = DIRECTION('',(-4.669739647545E-16,-1.,0.));
#9572 = ADVANCED_FACE('',(#9573),#9584,.F.);
#9573 = FACE_BOUND('',#9574,.F.);
#9574 = EDGE_LOOP('',(#9575,#9576,#9577,#9578));
#9575 = ORIENTED_EDGE('',*,*,#7874,.T.);
#9576 = ORIENTED_EDGE('',*,*,#7924,.T.);
#9577 = ORIENTED_EDGE('',*,*,#7939,.T.);
#9578 = ORIENTED_EDGE('',*,*,#9579,.T.);
#9579 = EDGE_CURVE('',#7940,#7875,#9580,.T.);
#9580 = LINE('',#9581,#9582);
#9581 = CARTESIAN_POINT('',(-2.5,0.875,0.));
#9582 = VECTOR('',#9583,1.);
#9583 = DIRECTION('',(-4.669739647545E-16,-1.,0.));
#9584 = PLANE('',#9585);
#9585 = AXIS2_PLACEMENT_3D('',#9586,#9587,#9588);
#9586 = CARTESIAN_POINT('',(-2.324839749899,0.75,0.));
#9587 = DIRECTION('',(0.,0.,1.));
#9588 = DIRECTION('',(-4.669739647545E-16,-1.,0.));
#9589 = ADVANCED_FACE('',(#9590),#9596,.F.);
#9590 = FACE_BOUND('',#9591,.F.);
#9591 = EDGE_LOOP('',(#9592,#9593,#9594,#9595));
#9592 = ORIENTED_EDGE('',*,*,#7958,.T.);
#9593 = ORIENTED_EDGE('',*,*,#9329,.T.);
#9594 = ORIENTED_EDGE('',*,*,#7884,.F.);
#9595 = ORIENTED_EDGE('',*,*,#9579,.F.);
#9596 = PLANE('',#9597);
#9597 = AXIS2_PLACEMENT_3D('',#9598,#9599,#9600);
#9598 = CARTESIAN_POINT('',(-2.5,0.875,0.));
#9599 = DIRECTION('',(1.,-4.669739647545E-16,0.));
#9600 = DIRECTION('',(-4.669739647545E-16,-1.,0.));
#9601 = ADVANCED_FACE('',(#9602),#9613,.F.);
#9602 = FACE_BOUND('',#9603,.F.);
#9603 = EDGE_LOOP('',(#9604,#9605,#9606,#9607));
#9604 = ORIENTED_EDGE('',*,*,#7972,.T.);
#9605 = ORIENTED_EDGE('',*,*,#8022,.T.);
#9606 = ORIENTED_EDGE('',*,*,#8037,.T.);
#9607 = ORIENTED_EDGE('',*,*,#9608,.T.);
#9608 = EDGE_CURVE('',#8038,#7973,#9609,.T.);
#9609 = LINE('',#9610,#9611);
#9610 = CARTESIAN_POINT('',(-2.5,1.375,0.));
#9611 = VECTOR('',#9612,1.);
#9612 = DIRECTION('',(-4.669739647545E-16,-1.,0.));
#9613 = PLANE('',#9614);
#9614 = AXIS2_PLACEMENT_3D('',#9615,#9616,#9617);
#9615 = CARTESIAN_POINT('',(-2.324839749899,1.25,0.));
#9616 = DIRECTION('',(0.,0.,1.));
#9617 = DIRECTION('',(-4.669739647545E-16,-1.,0.));
#9618 = ADVANCED_FACE('',(#9619),#9625,.F.);
#9619 = FACE_BOUND('',#9620,.F.);
#9620 = EDGE_LOOP('',(#9621,#9622,#9623,#9624));
#9621 = ORIENTED_EDGE('',*,*,#8056,.T.);
#9622 = ORIENTED_EDGE('',*,*,#9312,.T.);
#9623 = ORIENTED_EDGE('',*,*,#7982,.F.);
#9624 = ORIENTED_EDGE('',*,*,#9608,.F.);
#9625 = PLANE('',#9626);
#9626 = AXIS2_PLACEMENT_3D('',#9627,#9628,#9629);
#9627 = CARTESIAN_POINT('',(-2.5,1.375,0.));
#9628 = DIRECTION('',(1.,-4.669739647545E-16,0.));
#9629 = DIRECTION('',(-4.669739647545E-16,-1.,0.));
#9630 = ADVANCED_FACE('',(#9631),#9642,.F.);
#9631 = FACE_BOUND('',#9632,.F.);
#9632 = EDGE_LOOP('',(#9633,#9634,#9635,#9636));
#9633 = ORIENTED_EDGE('',*,*,#8070,.T.);
#9634 = ORIENTED_EDGE('',*,*,#8120,.T.);
#9635 = ORIENTED_EDGE('',*,*,#8135,.T.);
#9636 = ORIENTED_EDGE('',*,*,#9637,.T.);
#9637 = EDGE_CURVE('',#8136,#8071,#9638,.T.);
#9638 = LINE('',#9639,#9640);
#9639 = CARTESIAN_POINT('',(-2.5,1.875,0.));
#9640 = VECTOR('',#9641,1.);
#9641 = DIRECTION('',(-4.669739647545E-16,-1.,0.));
#9642 = PLANE('',#9643);
#9643 = AXIS2_PLACEMENT_3D('',#9644,#9645,#9646);
#9644 = CARTESIAN_POINT('',(-2.324839749899,1.75,0.));
#9645 = DIRECTION('',(0.,0.,1.));
#9646 = DIRECTION('',(-4.669739647545E-16,-1.,0.));
#9647 = ADVANCED_FACE('',(#9648),#9654,.F.);
#9648 = FACE_BOUND('',#9649,.F.);
#9649 = EDGE_LOOP('',(#9650,#9651,#9652,#9653));
#9650 = ORIENTED_EDGE('',*,*,#8154,.T.);
#9651 = ORIENTED_EDGE('',*,*,#9295,.T.);
#9652 = ORIENTED_EDGE('',*,*,#8080,.F.);
#9653 = ORIENTED_EDGE('',*,*,#9637,.F.);
#9654 = PLANE('',#9655);
#9655 = AXIS2_PLACEMENT_3D('',#9656,#9657,#9658);
#9656 = CARTESIAN_POINT('',(-2.5,1.875,0.));
#9657 = DIRECTION('',(1.,-4.669739647545E-16,0.));
#9658 = DIRECTION('',(-4.669739647545E-16,-1.,0.));
#9659 = ADVANCED_FACE('',(#9660),#9679,.F.);
#9660 = FACE_BOUND('',#9661,.F.);
#9661 = EDGE_LOOP('',(#9662,#9670,#9677,#9678));
#9662 = ORIENTED_EDGE('',*,*,#9663,.T.);
#9663 = EDGE_CURVE('',#8175,#9664,#9666,.T.);
#9664 = VERTEX_POINT('',#9665);
#9665 = CARTESIAN_POINT('',(-1.9,1.65,0.865));
#9666 = LINE('',#9667,#9668);
#9667 = CARTESIAN_POINT('',(-1.9,1.65,0.885));
#9668 = VECTOR('',#9669,1.);
#9669 = DIRECTION('',(-0.,0.,-1.));
#9670 = ORIENTED_EDGE('',*,*,#9671,.T.);
#9671 = EDGE_CURVE('',#9664,#9664,#9672,.T.);
#9672 = CIRCLE('',#9673,0.25);
#9673 = AXIS2_PLACEMENT_3D('',#9674,#9675,#9676);
#9674 = CARTESIAN_POINT('',(-1.9,1.9,0.865));
#9675 = DIRECTION('',(-0.,0.,1.));
#9676 = DIRECTION('',(6.661338147751E-16,-1.,0.));
#9677 = ORIENTED_EDGE('',*,*,#9663,.F.);
#9678 = ORIENTED_EDGE('',*,*,#8174,.T.);
#9679 = CYLINDRICAL_SURFACE('',#9680,0.25);
#9680 = AXIS2_PLACEMENT_3D('',#9681,#9682,#9683);
#9681 = CARTESIAN_POINT('',(-1.9,1.9,0.885));
#9682 = DIRECTION('',(0.,0.,-1.));
#9683 = DIRECTION('',(6.661338147751E-16,-1.,0.));
#9684 = ADVANCED_FACE('',(#9685),#9688,.T.);
#9685 = FACE_BOUND('',#9686,.T.);
#9686 = EDGE_LOOP('',(#9687));
#9687 = ORIENTED_EDGE('',*,*,#9671,.T.);
#9688 = PLANE('',#9689);
#9689 = AXIS2_PLACEMENT_3D('',#9690,#9691,#9692);
#9690 = CARTESIAN_POINT('',(-1.9,1.9,0.865));
#9691 = DIRECTION('',(0.,0.,1.));
#9692 = DIRECTION('',(6.661338147751E-16,-1.,0.));
#9693 = ( GEOMETRIC_REPRESENTATION_CONTEXT(3) 
GLOBAL_UNCERTAINTY_ASSIGNED_CONTEXT((#9697)) 
GLOBAL_UNIT_ASSIGNED_CONTEXT((#9694,#9695,#9696)) REPRESENTATION_CONTEXT
('Context #1','3D Context with UNIT and UNCERTAINTY') );
#9694 = ( LENGTH_UNIT() NAMED_UNIT(*) SI_UNIT(.MILLI.,.METRE.) );
#9695 = ( NAMED_UNIT(*) PLANE_ANGLE_UNIT() SI_UNIT($,.RADIAN.) );
#9696 = ( NAMED_UNIT(*) SI_UNIT($,.STERADIAN.) SOLID_ANGLE_UNIT() );
#9697 = UNCERTAINTY_MEASURE_WITH_UNIT(LENGTH_MEASURE(1.E-07),#9694,
  'distance_accuracy_value','confusion accuracy');
#9698 = CONTEXT_DEPENDENT_SHAPE_REPRESENTATION(#9699,#9701);
#9699 = ( REPRESENTATION_RELATIONSHIP('','',#2922,#2899) 
REPRESENTATION_RELATIONSHIP_WITH_TRANSFORMATION(#9700) 
SHAPE_REPRESENTATION_RELATIONSHIP() );
#9700 = ITEM_DEFINED_TRANSFORMATION('','',#11,#2900);
#9701 = PRODUCT_DEFINITION_SHAPE('Placement','Placement of an item',
  #9702);
#9702 = NEXT_ASSEMBLY_USAGE_OCCURRENCE('12','=>[0:1:1:9]','',#2894,#2917
  ,$);
#9703 = PRODUCT_RELATED_PRODUCT_CATEGORY('part',$,(#2919));
#9704 = SHAPE_DEFINITION_REPRESENTATION(#9705,#9711);
#9705 = PRODUCT_DEFINITION_SHAPE('','',#9706);
#9706 = PRODUCT_DEFINITION('design','',#9707,#9710);
#9707 = PRODUCT_DEFINITION_FORMATION('','',#9708);
#9708 = PRODUCT('L_0402_1005Metric','L_0402_1005Metric','',(#9709));
#9709 = PRODUCT_CONTEXT('',#2,'mechanical');
#9710 = PRODUCT_DEFINITION_CONTEXT('part definition',#2,'design');
#9711 = SHAPE_REPRESENTATION('',(#11,#9712),#9716);
#9712 = AXIS2_PLACEMENT_3D('',#9713,#9714,#9715);
#9713 = CARTESIAN_POINT('',(0.,0.,0.));
#9714 = DIRECTION('',(0.,0.,1.));
#9715 = DIRECTION('',(1.,0.,-0.));
#9716 = ( GEOMETRIC_REPRESENTATION_CONTEXT(3) 
GLOBAL_UNCERTAINTY_ASSIGNED_CONTEXT((#9720)) 
GLOBAL_UNIT_ASSIGNED_CONTEXT((#9717,#9718,#9719)) REPRESENTATION_CONTEXT
('Context #1','3D Context with UNIT and UNCERTAINTY') );
#9717 = ( LENGTH_UNIT() NAMED_UNIT(*) SI_UNIT(.MILLI.,.METRE.) );
#9718 = ( NAMED_UNIT(*) PLANE_ANGLE_UNIT() SI_UNIT($,.RADIAN.) );
#9719 = ( NAMED_UNIT(*) SI_UNIT($,.STERADIAN.) SOLID_ANGLE_UNIT() );
#9720 = UNCERTAINTY_MEASURE_WITH_UNIT(LENGTH_MEASURE(1.E-07),#9717,
  'distance_accuracy_value','confusion accuracy');
#9721 = CONTEXT_DEPENDENT_SHAPE_REPRESENTATION(#9722,#9724);
#9722 = ( REPRESENTATION_RELATIONSHIP('','',#9711,#10) 
REPRESENTATION_RELATIONSHIP_WITH_TRANSFORMATION(#9723) 
SHAPE_REPRESENTATION_RELATIONSHIP() );
#9723 = ITEM_DEFINED_TRANSFORMATION('','',#11,#51);
#9724 = PRODUCT_DEFINITION_SHAPE('Placement','Placement of an item',
  #9725);
#9725 = NEXT_ASSEMBLY_USAGE_OCCURRENCE('15','L2','',#5,#9706,$);
#9726 = PRODUCT_RELATED_PRODUCT_CATEGORY('part',$,(#9708));
#9727 = SHAPE_DEFINITION_REPRESENTATION(#9728,#9734);
#9728 = PRODUCT_DEFINITION_SHAPE('','',#9729);
#9729 = PRODUCT_DEFINITION('design','',#9730,#9733);
#9730 = PRODUCT_DEFINITION_FORMATION('','',#9731);
#9731 = PRODUCT('L_0402_1005Metric','L_0402_1005Metric','',(#9732));
#9732 = PRODUCT_CONTEXT('',#2,'mechanical');
#9733 = PRODUCT_DEFINITION_CONTEXT('part definition',#2,'design');
#9734 = ADVANCED_BREP_SHAPE_REPRESENTATION('',(#11,#9735),#10589);
#9735 = MANIFOLD_SOLID_BREP('',#9736);
#9736 = CLOSED_SHELL('',(#9737,#9813,#9844,#9869,#9894,#9918,#9942,#9967
    ,#9992,#10009,#10095,#10127,#10151,#10176,#10200,#10225,#10249,
    #10274,#10291,#10377,#10408,#10433,#10458,#10482,#10506,#10531,
    #10556,#10573));
#9737 = ADVANCED_FACE('',(#9738),#9808,.F.);
#9738 = FACE_BOUND('',#9739,.F.);
#9739 = EDGE_LOOP('',(#9740,#9750,#9759,#9767,#9776,#9784,#9793,#9801));
#9740 = ORIENTED_EDGE('',*,*,#9741,.F.);
#9741 = EDGE_CURVE('',#9742,#9744,#9746,.T.);
#9742 = VERTEX_POINT('',#9743);
#9743 = CARTESIAN_POINT('',(-0.5,-0.25,2.E-02));
#9744 = VERTEX_POINT('',#9745);
#9745 = CARTESIAN_POINT('',(-0.5,-0.25,0.48));
#9746 = LINE('',#9747,#9748);
#9747 = CARTESIAN_POINT('',(-0.5,-0.25,0.));
#9748 = VECTOR('',#9749,1.);
#9749 = DIRECTION('',(0.,0.,1.));
#9750 = ORIENTED_EDGE('',*,*,#9751,.T.);
#9751 = EDGE_CURVE('',#9742,#9752,#9754,.T.);
#9752 = VERTEX_POINT('',#9753);
#9753 = CARTESIAN_POINT('',(-0.5,-0.23,0.));
#9754 = CIRCLE('',#9755,2.E-02);
#9755 = AXIS2_PLACEMENT_3D('',#9756,#9757,#9758);
#9756 = CARTESIAN_POINT('',(-0.5,-0.23,2.E-02));
#9757 = DIRECTION('',(1.,0.,-0.));
#9758 = DIRECTION('',(0.,0.,1.));
#9759 = ORIENTED_EDGE('',*,*,#9760,.T.);
#9760 = EDGE_CURVE('',#9752,#9761,#9763,.T.);
#9761 = VERTEX_POINT('',#9762);
#9762 = CARTESIAN_POINT('',(-0.5,0.23,0.));
#9763 = LINE('',#9764,#9765);
#9764 = CARTESIAN_POINT('',(-0.5,-0.25,0.));
#9765 = VECTOR('',#9766,1.);
#9766 = DIRECTION('',(0.,1.,0.));
#9767 = ORIENTED_EDGE('',*,*,#9768,.F.);
#9768 = EDGE_CURVE('',#9769,#9761,#9771,.T.);
#9769 = VERTEX_POINT('',#9770);
#9770 = CARTESIAN_POINT('',(-0.5,0.25,2.E-02));
#9771 = CIRCLE('',#9772,2.E-02);
#9772 = AXIS2_PLACEMENT_3D('',#9773,#9774,#9775);
#9773 = CARTESIAN_POINT('',(-0.5,0.23,2.E-02));
#9774 = DIRECTION('',(-1.,0.,0.));
#9775 = DIRECTION('',(0.,0.,1.));
#9776 = ORIENTED_EDGE('',*,*,#9777,.T.);
#9777 = EDGE_CURVE('',#9769,#9778,#9780,.T.);
#9778 = VERTEX_POINT('',#9779);
#9779 = CARTESIAN_POINT('',(-0.5,0.25,0.48));
#9780 = LINE('',#9781,#9782);
#9781 = CARTESIAN_POINT('',(-0.5,0.25,0.));
#9782 = VECTOR('',#9783,1.);
#9783 = DIRECTION('',(0.,0.,1.));
#9784 = ORIENTED_EDGE('',*,*,#9785,.T.);
#9785 = EDGE_CURVE('',#9778,#9786,#9788,.T.);
#9786 = VERTEX_POINT('',#9787);
#9787 = CARTESIAN_POINT('',(-0.5,0.23,0.5));
#9788 = CIRCLE('',#9789,2.E-02);
#9789 = AXIS2_PLACEMENT_3D('',#9790,#9791,#9792);
#9790 = CARTESIAN_POINT('',(-0.5,0.23,0.48));
#9791 = DIRECTION('',(1.,0.,-0.));
#9792 = DIRECTION('',(0.,0.,1.));
#9793 = ORIENTED_EDGE('',*,*,#9794,.F.);
#9794 = EDGE_CURVE('',#9795,#9786,#9797,.T.);
#9795 = VERTEX_POINT('',#9796);
#9796 = CARTESIAN_POINT('',(-0.5,-0.23,0.5));
#9797 = LINE('',#9798,#9799);
#9798 = CARTESIAN_POINT('',(-0.5,-0.25,0.5));
#9799 = VECTOR('',#9800,1.);
#9800 = DIRECTION('',(0.,1.,0.));
#9801 = ORIENTED_EDGE('',*,*,#9802,.F.);
#9802 = EDGE_CURVE('',#9744,#9795,#9803,.T.);
#9803 = CIRCLE('',#9804,2.E-02);
#9804 = AXIS2_PLACEMENT_3D('',#9805,#9806,#9807);
#9805 = CARTESIAN_POINT('',(-0.5,-0.23,0.48));
#9806 = DIRECTION('',(-1.,0.,0.));
#9807 = DIRECTION('',(0.,0.,1.));
#9808 = PLANE('',#9809);
#9809 = AXIS2_PLACEMENT_3D('',#9810,#9811,#9812);
#9810 = CARTESIAN_POINT('',(-0.5,-0.25,0.));
#9811 = DIRECTION('',(1.,0.,0.));
#9812 = DIRECTION('',(0.,0.,1.));
#9813 = ADVANCED_FACE('',(#9814),#9839,.F.);
#9814 = FACE_BOUND('',#9815,.F.);
#9815 = EDGE_LOOP('',(#9816,#9826,#9832,#9833));
#9816 = ORIENTED_EDGE('',*,*,#9817,.F.);
#9817 = EDGE_CURVE('',#9818,#9820,#9822,.T.);
#9818 = VERTEX_POINT('',#9819);
#9819 = CARTESIAN_POINT('',(-0.3,-0.25,2.E-02));
#9820 = VERTEX_POINT('',#9821);
#9821 = CARTESIAN_POINT('',(-0.3,-0.25,0.48));
#9822 = LINE('',#9823,#9824);
#9823 = CARTESIAN_POINT('',(-0.3,-0.25,0.));
#9824 = VECTOR('',#9825,1.);
#9825 = DIRECTION('',(0.,0.,1.));
#9826 = ORIENTED_EDGE('',*,*,#9827,.F.);
#9827 = EDGE_CURVE('',#9742,#9818,#9828,.T.);
#9828 = LINE('',#9829,#9830);
#9829 = CARTESIAN_POINT('',(-0.5,-0.25,2.E-02));
#9830 = VECTOR('',#9831,1.);
#9831 = DIRECTION('',(1.,0.,0.));
#9832 = ORIENTED_EDGE('',*,*,#9741,.T.);
#9833 = ORIENTED_EDGE('',*,*,#9834,.T.);
#9834 = EDGE_CURVE('',#9744,#9820,#9835,.T.);
#9835 = LINE('',#9836,#9837);
#9836 = CARTESIAN_POINT('',(-0.5,-0.25,0.48));
#9837 = VECTOR('',#9838,1.);
#9838 = DIRECTION('',(1.,0.,0.));
#9839 = PLANE('',#9840);
#9840 = AXIS2_PLACEMENT_3D('',#9841,#9842,#9843);
#9841 = CARTESIAN_POINT('',(-0.5,-0.25,0.));
#9842 = DIRECTION('',(0.,1.,0.));
#9843 = DIRECTION('',(0.,-0.,1.));
#9844 = ADVANCED_FACE('',(#9845),#9864,.T.);
#9845 = FACE_BOUND('',#9846,.T.);
#9846 = EDGE_LOOP('',(#9847,#9848,#9856,#9863));
#9847 = ORIENTED_EDGE('',*,*,#9751,.T.);
#9848 = ORIENTED_EDGE('',*,*,#9849,.T.);
#9849 = EDGE_CURVE('',#9752,#9850,#9852,.T.);
#9850 = VERTEX_POINT('',#9851);
#9851 = CARTESIAN_POINT('',(-0.3,-0.23,0.));
#9852 = LINE('',#9853,#9854);
#9853 = CARTESIAN_POINT('',(-0.5,-0.23,0.));
#9854 = VECTOR('',#9855,1.);
#9855 = DIRECTION('',(1.,0.,0.));
#9856 = ORIENTED_EDGE('',*,*,#9857,.F.);
#9857 = EDGE_CURVE('',#9818,#9850,#9858,.T.);
#9858 = CIRCLE('',#9859,2.E-02);
#9859 = AXIS2_PLACEMENT_3D('',#9860,#9861,#9862);
#9860 = CARTESIAN_POINT('',(-0.3,-0.23,2.E-02));
#9861 = DIRECTION('',(1.,0.,-0.));
#9862 = DIRECTION('',(0.,0.,1.));
#9863 = ORIENTED_EDGE('',*,*,#9827,.F.);
#9864 = CYLINDRICAL_SURFACE('',#9865,2.E-02);
#9865 = AXIS2_PLACEMENT_3D('',#9866,#9867,#9868);
#9866 = CARTESIAN_POINT('',(-0.5,-0.23,2.E-02));
#9867 = DIRECTION('',(1.,0.,0.));
#9868 = DIRECTION('',(0.,-1.,0.));
#9869 = ADVANCED_FACE('',(#9870),#9889,.T.);
#9870 = FACE_BOUND('',#9871,.T.);
#9871 = EDGE_LOOP('',(#9872,#9873,#9882,#9888));
#9872 = ORIENTED_EDGE('',*,*,#9834,.T.);
#9873 = ORIENTED_EDGE('',*,*,#9874,.T.);
#9874 = EDGE_CURVE('',#9820,#9875,#9877,.T.);
#9875 = VERTEX_POINT('',#9876);
#9876 = CARTESIAN_POINT('',(-0.3,-0.23,0.5));
#9877 = CIRCLE('',#9878,2.E-02);
#9878 = AXIS2_PLACEMENT_3D('',#9879,#9880,#9881);
#9879 = CARTESIAN_POINT('',(-0.3,-0.23,0.48));
#9880 = DIRECTION('',(-1.,0.,0.));
#9881 = DIRECTION('',(0.,0.,1.));
#9882 = ORIENTED_EDGE('',*,*,#9883,.F.);
#9883 = EDGE_CURVE('',#9795,#9875,#9884,.T.);
#9884 = LINE('',#9885,#9886);
#9885 = CARTESIAN_POINT('',(-0.5,-0.23,0.5));
#9886 = VECTOR('',#9887,1.);
#9887 = DIRECTION('',(1.,0.,0.));
#9888 = ORIENTED_EDGE('',*,*,#9802,.F.);
#9889 = CYLINDRICAL_SURFACE('',#9890,2.E-02);
#9890 = AXIS2_PLACEMENT_3D('',#9891,#9892,#9893);
#9891 = CARTESIAN_POINT('',(-0.5,-0.23,0.48));
#9892 = DIRECTION('',(1.,0.,0.));
#9893 = DIRECTION('',(0.,-1.,0.));
#9894 = ADVANCED_FACE('',(#9895),#9913,.F.);
#9895 = FACE_BOUND('',#9896,.F.);
#9896 = EDGE_LOOP('',(#9897,#9898,#9899,#9907));
#9897 = ORIENTED_EDGE('',*,*,#9760,.F.);
#9898 = ORIENTED_EDGE('',*,*,#9849,.T.);
#9899 = ORIENTED_EDGE('',*,*,#9900,.T.);
#9900 = EDGE_CURVE('',#9850,#9901,#9903,.T.);
#9901 = VERTEX_POINT('',#9902);
#9902 = CARTESIAN_POINT('',(-0.3,0.23,0.));
#9903 = LINE('',#9904,#9905);
#9904 = CARTESIAN_POINT('',(-0.3,-0.25,0.));
#9905 = VECTOR('',#9906,1.);
#9906 = DIRECTION('',(0.,1.,0.));
#9907 = ORIENTED_EDGE('',*,*,#9908,.F.);
#9908 = EDGE_CURVE('',#9761,#9901,#9909,.T.);
#9909 = LINE('',#9910,#9911);
#9910 = CARTESIAN_POINT('',(-0.5,0.23,0.));
#9911 = VECTOR('',#9912,1.);
#9912 = DIRECTION('',(1.,0.,0.));
#9913 = PLANE('',#9914);
#9914 = AXIS2_PLACEMENT_3D('',#9915,#9916,#9917);
#9915 = CARTESIAN_POINT('',(-0.5,-0.25,0.));
#9916 = DIRECTION('',(0.,0.,1.));
#9917 = DIRECTION('',(1.,0.,-0.));
#9918 = ADVANCED_FACE('',(#9919),#9937,.T.);
#9919 = FACE_BOUND('',#9920,.T.);
#9920 = EDGE_LOOP('',(#9921,#9922,#9923,#9931));
#9921 = ORIENTED_EDGE('',*,*,#9794,.F.);
#9922 = ORIENTED_EDGE('',*,*,#9883,.T.);
#9923 = ORIENTED_EDGE('',*,*,#9924,.T.);
#9924 = EDGE_CURVE('',#9875,#9925,#9927,.T.);
#9925 = VERTEX_POINT('',#9926);
#9926 = CARTESIAN_POINT('',(-0.3,0.23,0.5));
#9927 = LINE('',#9928,#9929);
#9928 = CARTESIAN_POINT('',(-0.3,-0.25,0.5));
#9929 = VECTOR('',#9930,1.);
#9930 = DIRECTION('',(0.,1.,0.));
#9931 = ORIENTED_EDGE('',*,*,#9932,.F.);
#9932 = EDGE_CURVE('',#9786,#9925,#9933,.T.);
#9933 = LINE('',#9934,#9935);
#9934 = CARTESIAN_POINT('',(-0.5,0.23,0.5));
#9935 = VECTOR('',#9936,1.);
#9936 = DIRECTION('',(1.,0.,0.));
#9937 = PLANE('',#9938);
#9938 = AXIS2_PLACEMENT_3D('',#9939,#9940,#9941);
#9939 = CARTESIAN_POINT('',(-0.5,-0.25,0.5));
#9940 = DIRECTION('',(0.,0.,1.));
#9941 = DIRECTION('',(1.,0.,-0.));
#9942 = ADVANCED_FACE('',(#9943),#9962,.T.);
#9943 = FACE_BOUND('',#9944,.T.);
#9944 = EDGE_LOOP('',(#9945,#9953,#9960,#9961));
#9945 = ORIENTED_EDGE('',*,*,#9946,.T.);
#9946 = EDGE_CURVE('',#9769,#9947,#9949,.T.);
#9947 = VERTEX_POINT('',#9948);
#9948 = CARTESIAN_POINT('',(-0.3,0.25,2.E-02));
#9949 = LINE('',#9950,#9951);
#9950 = CARTESIAN_POINT('',(-0.5,0.25,2.E-02));
#9951 = VECTOR('',#9952,1.);
#9952 = DIRECTION('',(1.,0.,0.));
#9953 = ORIENTED_EDGE('',*,*,#9954,.T.);
#9954 = EDGE_CURVE('',#9947,#9901,#9955,.T.);
#9955 = CIRCLE('',#9956,2.E-02);
#9956 = AXIS2_PLACEMENT_3D('',#9957,#9958,#9959);
#9957 = CARTESIAN_POINT('',(-0.3,0.23,2.E-02));
#9958 = DIRECTION('',(-1.,0.,0.));
#9959 = DIRECTION('',(0.,0.,1.));
#9960 = ORIENTED_EDGE('',*,*,#9908,.F.);
#9961 = ORIENTED_EDGE('',*,*,#9768,.F.);
#9962 = CYLINDRICAL_SURFACE('',#9963,2.E-02);
#9963 = AXIS2_PLACEMENT_3D('',#9964,#9965,#9966);
#9964 = CARTESIAN_POINT('',(-0.5,0.23,2.E-02));
#9965 = DIRECTION('',(1.,0.,0.));
#9966 = DIRECTION('',(-0.,1.,0.));
#9967 = ADVANCED_FACE('',(#9968),#9987,.T.);
#9968 = FACE_BOUND('',#9969,.T.);
#9969 = EDGE_LOOP('',(#9970,#9971,#9972,#9981));
#9970 = ORIENTED_EDGE('',*,*,#9785,.T.);
#9971 = ORIENTED_EDGE('',*,*,#9932,.T.);
#9972 = ORIENTED_EDGE('',*,*,#9973,.F.);
#9973 = EDGE_CURVE('',#9974,#9925,#9976,.T.);
#9974 = VERTEX_POINT('',#9975);
#9975 = CARTESIAN_POINT('',(-0.3,0.25,0.48));
#9976 = CIRCLE('',#9977,2.E-02);
#9977 = AXIS2_PLACEMENT_3D('',#9978,#9979,#9980);
#9978 = CARTESIAN_POINT('',(-0.3,0.23,0.48));
#9979 = DIRECTION('',(1.,0.,-0.));
#9980 = DIRECTION('',(0.,0.,1.));
#9981 = ORIENTED_EDGE('',*,*,#9982,.F.);
#9982 = EDGE_CURVE('',#9778,#9974,#9983,.T.);
#9983 = LINE('',#9984,#9985);
#9984 = CARTESIAN_POINT('',(-0.5,0.25,0.48));
#9985 = VECTOR('',#9986,1.);
#9986 = DIRECTION('',(1.,0.,0.));
#9987 = CYLINDRICAL_SURFACE('',#9988,2.E-02);
#9988 = AXIS2_PLACEMENT_3D('',#9989,#9990,#9991);
#9989 = CARTESIAN_POINT('',(-0.5,0.23,0.48));
#9990 = DIRECTION('',(1.,0.,0.));
#9991 = DIRECTION('',(-0.,1.,0.));
#9992 = ADVANCED_FACE('',(#9993),#10004,.T.);
#9993 = FACE_BOUND('',#9994,.T.);
#9994 = EDGE_LOOP('',(#9995,#10001,#10002,#10003));
#9995 = ORIENTED_EDGE('',*,*,#9996,.F.);
#9996 = EDGE_CURVE('',#9947,#9974,#9997,.T.);
#9997 = LINE('',#9998,#9999);
#9998 = CARTESIAN_POINT('',(-0.3,0.25,0.));
#9999 = VECTOR('',#10000,1.);
#10000 = DIRECTION('',(0.,0.,1.));
#10001 = ORIENTED_EDGE('',*,*,#9946,.F.);
#10002 = ORIENTED_EDGE('',*,*,#9777,.T.);
#10003 = ORIENTED_EDGE('',*,*,#9982,.T.);
#10004 = PLANE('',#10005);
#10005 = AXIS2_PLACEMENT_3D('',#10006,#10007,#10008);
#10006 = CARTESIAN_POINT('',(-0.5,0.25,0.));
#10007 = DIRECTION('',(0.,1.,0.));
#10008 = DIRECTION('',(0.,-0.,1.));
#10009 = ADVANCED_FACE('',(#10010,#10020),#10090,.T.);
#10010 = FACE_BOUND('',#10011,.T.);
#10011 = EDGE_LOOP('',(#10012,#10013,#10014,#10015,#10016,#10017,#10018,
    #10019));
#10012 = ORIENTED_EDGE('',*,*,#9817,.F.);
#10013 = ORIENTED_EDGE('',*,*,#9857,.T.);
#10014 = ORIENTED_EDGE('',*,*,#9900,.T.);
#10015 = ORIENTED_EDGE('',*,*,#9954,.F.);
#10016 = ORIENTED_EDGE('',*,*,#9996,.T.);
#10017 = ORIENTED_EDGE('',*,*,#9973,.T.);
#10018 = ORIENTED_EDGE('',*,*,#9924,.F.);
#10019 = ORIENTED_EDGE('',*,*,#9874,.F.);
#10020 = FACE_BOUND('',#10021,.T.);
#10021 = EDGE_LOOP('',(#10022,#10033,#10041,#10050,#10058,#10067,#10075,
    #10084));
#10022 = ORIENTED_EDGE('',*,*,#10023,.F.);
#10023 = EDGE_CURVE('',#10024,#10026,#10028,.T.);
#10024 = VERTEX_POINT('',#10025);
#10025 = CARTESIAN_POINT('',(-0.3,-0.23,4.E-02));
#10026 = VERTEX_POINT('',#10027);
#10027 = CARTESIAN_POINT('',(-0.3,-0.21,2.E-02));
#10028 = CIRCLE('',#10029,2.E-02);
#10029 = AXIS2_PLACEMENT_3D('',#10030,#10031,#10032);
#10030 = CARTESIAN_POINT('',(-0.3,-0.21,4.E-02));
#10031 = DIRECTION('',(1.,0.,-0.));
#10032 = DIRECTION('',(0.,0.,1.));
#10033 = ORIENTED_EDGE('',*,*,#10034,.T.);
#10034 = EDGE_CURVE('',#10024,#10035,#10037,.T.);
#10035 = VERTEX_POINT('',#10036);
#10036 = CARTESIAN_POINT('',(-0.3,-0.23,0.46));
#10037 = LINE('',#10038,#10039);
#10038 = CARTESIAN_POINT('',(-0.3,-0.23,2.E-02));
#10039 = VECTOR('',#10040,1.);
#10040 = DIRECTION('',(0.,0.,1.));
#10041 = ORIENTED_EDGE('',*,*,#10042,.T.);
#10042 = EDGE_CURVE('',#10035,#10043,#10045,.T.);
#10043 = VERTEX_POINT('',#10044);
#10044 = CARTESIAN_POINT('',(-0.3,-0.21,0.48));
#10045 = CIRCLE('',#10046,2.E-02);
#10046 = AXIS2_PLACEMENT_3D('',#10047,#10048,#10049);
#10047 = CARTESIAN_POINT('',(-0.3,-0.21,0.46));
#10048 = DIRECTION('',(-1.,0.,0.));
#10049 = DIRECTION('',(0.,0.,1.));
#10050 = ORIENTED_EDGE('',*,*,#10051,.T.);
#10051 = EDGE_CURVE('',#10043,#10052,#10054,.T.);
#10052 = VERTEX_POINT('',#10053);
#10053 = CARTESIAN_POINT('',(-0.3,0.21,0.48));
#10054 = LINE('',#10055,#10056);
#10055 = CARTESIAN_POINT('',(-0.3,-0.23,0.48));
#10056 = VECTOR('',#10057,1.);
#10057 = DIRECTION('',(0.,1.,0.));
#10058 = ORIENTED_EDGE('',*,*,#10059,.F.);
#10059 = EDGE_CURVE('',#10060,#10052,#10062,.T.);
#10060 = VERTEX_POINT('',#10061);
#10061 = CARTESIAN_POINT('',(-0.3,0.23,0.46));
#10062 = CIRCLE('',#10063,2.E-02);
#10063 = AXIS2_PLACEMENT_3D('',#10064,#10065,#10066);
#10064 = CARTESIAN_POINT('',(-0.3,0.21,0.46));
#10065 = DIRECTION('',(1.,0.,-0.));
#10066 = DIRECTION('',(0.,0.,1.));
#10067 = ORIENTED_EDGE('',*,*,#10068,.F.);
#10068 = EDGE_CURVE('',#10069,#10060,#10071,.T.);
#10069 = VERTEX_POINT('',#10070);
#10070 = CARTESIAN_POINT('',(-0.3,0.23,4.E-02));
#10071 = LINE('',#10072,#10073);
#10072 = CARTESIAN_POINT('',(-0.3,0.23,2.E-02));
#10073 = VECTOR('',#10074,1.);
#10074 = DIRECTION('',(0.,0.,1.));
#10075 = ORIENTED_EDGE('',*,*,#10076,.T.);
#10076 = EDGE_CURVE('',#10069,#10077,#10079,.T.);
#10077 = VERTEX_POINT('',#10078);
#10078 = CARTESIAN_POINT('',(-0.3,0.21,2.E-02));
#10079 = CIRCLE('',#10080,2.E-02);
#10080 = AXIS2_PLACEMENT_3D('',#10081,#10082,#10083);
#10081 = CARTESIAN_POINT('',(-0.3,0.21,4.E-02));
#10082 = DIRECTION('',(-1.,0.,0.));
#10083 = DIRECTION('',(0.,0.,1.));
#10084 = ORIENTED_EDGE('',*,*,#10085,.F.);
#10085 = EDGE_CURVE('',#10026,#10077,#10086,.T.);
#10086 = LINE('',#10087,#10088);
#10087 = CARTESIAN_POINT('',(-0.3,-0.23,2.E-02));
#10088 = VECTOR('',#10089,1.);
#10089 = DIRECTION('',(0.,1.,0.));
#10090 = PLANE('',#10091);
#10091 = AXIS2_PLACEMENT_3D('',#10092,#10093,#10094);
#10092 = CARTESIAN_POINT('',(-0.3,-0.25,0.));
#10093 = DIRECTION('',(1.,0.,0.));
#10094 = DIRECTION('',(0.,0.,1.));
#10095 = ADVANCED_FACE('',(#10096),#10122,.T.);
#10096 = FACE_BOUND('',#10097,.T.);
#10097 = EDGE_LOOP('',(#10098,#10099,#10107,#10116));
#10098 = ORIENTED_EDGE('',*,*,#10023,.T.);
#10099 = ORIENTED_EDGE('',*,*,#10100,.T.);
#10100 = EDGE_CURVE('',#10026,#10101,#10103,.T.);
#10101 = VERTEX_POINT('',#10102);
#10102 = CARTESIAN_POINT('',(0.3,-0.21,2.E-02));
#10103 = LINE('',#10104,#10105);
#10104 = CARTESIAN_POINT('',(-0.3,-0.21,2.E-02));
#10105 = VECTOR('',#10106,1.);
#10106 = DIRECTION('',(1.,0.,0.));
#10107 = ORIENTED_EDGE('',*,*,#10108,.F.);
#10108 = EDGE_CURVE('',#10109,#10101,#10111,.T.);
#10109 = VERTEX_POINT('',#10110);
#10110 = CARTESIAN_POINT('',(0.3,-0.23,4.E-02));
#10111 = CIRCLE('',#10112,2.E-02);
#10112 = AXIS2_PLACEMENT_3D('',#10113,#10114,#10115);
#10113 = CARTESIAN_POINT('',(0.3,-0.21,4.E-02));
#10114 = DIRECTION('',(1.,0.,-0.));
#10115 = DIRECTION('',(0.,0.,1.));
#10116 = ORIENTED_EDGE('',*,*,#10117,.F.);
#10117 = EDGE_CURVE('',#10024,#10109,#10118,.T.);
#10118 = LINE('',#10119,#10120);
#10119 = CARTESIAN_POINT('',(-0.3,-0.23,4.E-02));
#10120 = VECTOR('',#10121,1.);
#10121 = DIRECTION('',(1.,0.,0.));
#10122 = CYLINDRICAL_SURFACE('',#10123,2.E-02);
#10123 = AXIS2_PLACEMENT_3D('',#10124,#10125,#10126);
#10124 = CARTESIAN_POINT('',(-0.3,-0.21,4.E-02));
#10125 = DIRECTION('',(1.,0.,0.));
#10126 = DIRECTION('',(0.,-1.,0.));
#10127 = ADVANCED_FACE('',(#10128),#10146,.F.);
#10128 = FACE_BOUND('',#10129,.F.);
#10129 = EDGE_LOOP('',(#10130,#10131,#10132,#10140));
#10130 = ORIENTED_EDGE('',*,*,#10085,.F.);
#10131 = ORIENTED_EDGE('',*,*,#10100,.T.);
#10132 = ORIENTED_EDGE('',*,*,#10133,.T.);
#10133 = EDGE_CURVE('',#10101,#10134,#10136,.T.);
#10134 = VERTEX_POINT('',#10135);
#10135 = CARTESIAN_POINT('',(0.3,0.21,2.E-02));
#10136 = LINE('',#10137,#10138);
#10137 = CARTESIAN_POINT('',(0.3,-0.23,2.E-02));
#10138 = VECTOR('',#10139,1.);
#10139 = DIRECTION('',(0.,1.,0.));
#10140 = ORIENTED_EDGE('',*,*,#10141,.F.);
#10141 = EDGE_CURVE('',#10077,#10134,#10142,.T.);
#10142 = LINE('',#10143,#10144);
#10143 = CARTESIAN_POINT('',(-0.3,0.21,2.E-02));
#10144 = VECTOR('',#10145,1.);
#10145 = DIRECTION('',(1.,0.,0.));
#10146 = PLANE('',#10147);
#10147 = AXIS2_PLACEMENT_3D('',#10148,#10149,#10150);
#10148 = CARTESIAN_POINT('',(-0.3,-0.23,2.E-02));
#10149 = DIRECTION('',(0.,0.,1.));
#10150 = DIRECTION('',(1.,0.,-0.));
#10151 = ADVANCED_FACE('',(#10152),#10171,.T.);
#10152 = FACE_BOUND('',#10153,.T.);
#10153 = EDGE_LOOP('',(#10154,#10162,#10169,#10170));
#10154 = ORIENTED_EDGE('',*,*,#10155,.T.);
#10155 = EDGE_CURVE('',#10069,#10156,#10158,.T.);
#10156 = VERTEX_POINT('',#10157);
#10157 = CARTESIAN_POINT('',(0.3,0.23,4.E-02));
#10158 = LINE('',#10159,#10160);
#10159 = CARTESIAN_POINT('',(-0.3,0.23,4.E-02));
#10160 = VECTOR('',#10161,1.);
#10161 = DIRECTION('',(1.,0.,0.));
#10162 = ORIENTED_EDGE('',*,*,#10163,.T.);
#10163 = EDGE_CURVE('',#10156,#10134,#10164,.T.);
#10164 = CIRCLE('',#10165,2.E-02);
#10165 = AXIS2_PLACEMENT_3D('',#10166,#10167,#10168);
#10166 = CARTESIAN_POINT('',(0.3,0.21,4.E-02));
#10167 = DIRECTION('',(-1.,0.,0.));
#10168 = DIRECTION('',(0.,0.,1.));
#10169 = ORIENTED_EDGE('',*,*,#10141,.F.);
#10170 = ORIENTED_EDGE('',*,*,#10076,.F.);
#10171 = CYLINDRICAL_SURFACE('',#10172,2.E-02);
#10172 = AXIS2_PLACEMENT_3D('',#10173,#10174,#10175);
#10173 = CARTESIAN_POINT('',(-0.3,0.21,4.E-02));
#10174 = DIRECTION('',(1.,0.,0.));
#10175 = DIRECTION('',(-0.,1.,0.));
#10176 = ADVANCED_FACE('',(#10177),#10195,.T.);
#10177 = FACE_BOUND('',#10178,.T.);
#10178 = EDGE_LOOP('',(#10179,#10187,#10188,#10189));
#10179 = ORIENTED_EDGE('',*,*,#10180,.F.);
#10180 = EDGE_CURVE('',#10156,#10181,#10183,.T.);
#10181 = VERTEX_POINT('',#10182);
#10182 = CARTESIAN_POINT('',(0.3,0.23,0.46));
#10183 = LINE('',#10184,#10185);
#10184 = CARTESIAN_POINT('',(0.3,0.23,2.E-02));
#10185 = VECTOR('',#10186,1.);
#10186 = DIRECTION('',(0.,0.,1.));
#10187 = ORIENTED_EDGE('',*,*,#10155,.F.);
#10188 = ORIENTED_EDGE('',*,*,#10068,.T.);
#10189 = ORIENTED_EDGE('',*,*,#10190,.T.);
#10190 = EDGE_CURVE('',#10060,#10181,#10191,.T.);
#10191 = LINE('',#10192,#10193);
#10192 = CARTESIAN_POINT('',(-0.3,0.23,0.46));
#10193 = VECTOR('',#10194,1.);
#10194 = DIRECTION('',(1.,0.,0.));
#10195 = PLANE('',#10196);
#10196 = AXIS2_PLACEMENT_3D('',#10197,#10198,#10199);
#10197 = CARTESIAN_POINT('',(-0.3,0.23,2.E-02));
#10198 = DIRECTION('',(0.,1.,0.));
#10199 = DIRECTION('',(0.,-0.,1.));
#10200 = ADVANCED_FACE('',(#10201),#10220,.T.);
#10201 = FACE_BOUND('',#10202,.T.);
#10202 = EDGE_LOOP('',(#10203,#10204,#10212,#10219));
#10203 = ORIENTED_EDGE('',*,*,#10059,.T.);
#10204 = ORIENTED_EDGE('',*,*,#10205,.T.);
#10205 = EDGE_CURVE('',#10052,#10206,#10208,.T.);
#10206 = VERTEX_POINT('',#10207);
#10207 = CARTESIAN_POINT('',(0.3,0.21,0.48));
#10208 = LINE('',#10209,#10210);
#10209 = CARTESIAN_POINT('',(-0.3,0.21,0.48));
#10210 = VECTOR('',#10211,1.);
#10211 = DIRECTION('',(1.,0.,0.));
#10212 = ORIENTED_EDGE('',*,*,#10213,.F.);
#10213 = EDGE_CURVE('',#10181,#10206,#10214,.T.);
#10214 = CIRCLE('',#10215,2.E-02);
#10215 = AXIS2_PLACEMENT_3D('',#10216,#10217,#10218);
#10216 = CARTESIAN_POINT('',(0.3,0.21,0.46));
#10217 = DIRECTION('',(1.,0.,-0.));
#10218 = DIRECTION('',(0.,0.,1.));
#10219 = ORIENTED_EDGE('',*,*,#10190,.F.);
#10220 = CYLINDRICAL_SURFACE('',#10221,2.E-02);
#10221 = AXIS2_PLACEMENT_3D('',#10222,#10223,#10224);
#10222 = CARTESIAN_POINT('',(-0.3,0.21,0.46));
#10223 = DIRECTION('',(1.,0.,0.));
#10224 = DIRECTION('',(-0.,1.,0.));
#10225 = ADVANCED_FACE('',(#10226),#10244,.T.);
#10226 = FACE_BOUND('',#10227,.T.);
#10227 = EDGE_LOOP('',(#10228,#10229,#10237,#10243));
#10228 = ORIENTED_EDGE('',*,*,#10051,.F.);
#10229 = ORIENTED_EDGE('',*,*,#10230,.T.);
#10230 = EDGE_CURVE('',#10043,#10231,#10233,.T.);
#10231 = VERTEX_POINT('',#10232);
#10232 = CARTESIAN_POINT('',(0.3,-0.21,0.48));
#10233 = LINE('',#10234,#10235);
#10234 = CARTESIAN_POINT('',(-0.3,-0.21,0.48));
#10235 = VECTOR('',#10236,1.);
#10236 = DIRECTION('',(1.,0.,0.));
#10237 = ORIENTED_EDGE('',*,*,#10238,.T.);
#10238 = EDGE_CURVE('',#10231,#10206,#10239,.T.);
#10239 = LINE('',#10240,#10241);
#10240 = CARTESIAN_POINT('',(0.3,-0.23,0.48));
#10241 = VECTOR('',#10242,1.);
#10242 = DIRECTION('',(0.,1.,0.));
#10243 = ORIENTED_EDGE('',*,*,#10205,.F.);
#10244 = PLANE('',#10245);
#10245 = AXIS2_PLACEMENT_3D('',#10246,#10247,#10248);
#10246 = CARTESIAN_POINT('',(-0.3,-0.23,0.48));
#10247 = DIRECTION('',(0.,0.,1.));
#10248 = DIRECTION('',(1.,0.,-0.));
#10249 = ADVANCED_FACE('',(#10250),#10269,.T.);
#10250 = FACE_BOUND('',#10251,.T.);
#10251 = EDGE_LOOP('',(#10252,#10260,#10267,#10268));
#10252 = ORIENTED_EDGE('',*,*,#10253,.T.);
#10253 = EDGE_CURVE('',#10035,#10254,#10256,.T.);
#10254 = VERTEX_POINT('',#10255);
#10255 = CARTESIAN_POINT('',(0.3,-0.23,0.46));
#10256 = LINE('',#10257,#10258);
#10257 = CARTESIAN_POINT('',(-0.3,-0.23,0.46));
#10258 = VECTOR('',#10259,1.);
#10259 = DIRECTION('',(1.,0.,0.));
#10260 = ORIENTED_EDGE('',*,*,#10261,.T.);
#10261 = EDGE_CURVE('',#10254,#10231,#10262,.T.);
#10262 = CIRCLE('',#10263,2.E-02);
#10263 = AXIS2_PLACEMENT_3D('',#10264,#10265,#10266);
#10264 = CARTESIAN_POINT('',(0.3,-0.21,0.46));
#10265 = DIRECTION('',(-1.,0.,0.));
#10266 = DIRECTION('',(0.,0.,1.));
#10267 = ORIENTED_EDGE('',*,*,#10230,.F.);
#10268 = ORIENTED_EDGE('',*,*,#10042,.F.);
#10269 = CYLINDRICAL_SURFACE('',#10270,2.E-02);
#10270 = AXIS2_PLACEMENT_3D('',#10271,#10272,#10273);
#10271 = CARTESIAN_POINT('',(-0.3,-0.21,0.46));
#10272 = DIRECTION('',(1.,0.,0.));
#10273 = DIRECTION('',(0.,-1.,0.));
#10274 = ADVANCED_FACE('',(#10275),#10286,.F.);
#10275 = FACE_BOUND('',#10276,.F.);
#10276 = EDGE_LOOP('',(#10277,#10283,#10284,#10285));
#10277 = ORIENTED_EDGE('',*,*,#10278,.F.);
#10278 = EDGE_CURVE('',#10109,#10254,#10279,.T.);
#10279 = LINE('',#10280,#10281);
#10280 = CARTESIAN_POINT('',(0.3,-0.23,2.E-02));
#10281 = VECTOR('',#10282,1.);
#10282 = DIRECTION('',(0.,0.,1.));
#10283 = ORIENTED_EDGE('',*,*,#10117,.F.);
#10284 = ORIENTED_EDGE('',*,*,#10034,.T.);
#10285 = ORIENTED_EDGE('',*,*,#10253,.T.);
#10286 = PLANE('',#10287);
#10287 = AXIS2_PLACEMENT_3D('',#10288,#10289,#10290);
#10288 = CARTESIAN_POINT('',(-0.3,-0.23,2.E-02));
#10289 = DIRECTION('',(0.,1.,0.));
#10290 = DIRECTION('',(0.,-0.,1.));
#10291 = ADVANCED_FACE('',(#10292,#10362),#10372,.F.);
#10292 = FACE_BOUND('',#10293,.F.);
#10293 = EDGE_LOOP('',(#10294,#10304,#10313,#10321,#10330,#10338,#10347,
    #10355));
#10294 = ORIENTED_EDGE('',*,*,#10295,.F.);
#10295 = EDGE_CURVE('',#10296,#10298,#10300,.T.);
#10296 = VERTEX_POINT('',#10297);
#10297 = CARTESIAN_POINT('',(0.3,-0.25,2.E-02));
#10298 = VERTEX_POINT('',#10299);
#10299 = CARTESIAN_POINT('',(0.3,-0.25,0.48));
#10300 = LINE('',#10301,#10302);
#10301 = CARTESIAN_POINT('',(0.3,-0.25,0.));
#10302 = VECTOR('',#10303,1.);
#10303 = DIRECTION('',(0.,0.,1.));
#10304 = ORIENTED_EDGE('',*,*,#10305,.T.);
#10305 = EDGE_CURVE('',#10296,#10306,#10308,.T.);
#10306 = VERTEX_POINT('',#10307);
#10307 = CARTESIAN_POINT('',(0.3,-0.23,0.));
#10308 = CIRCLE('',#10309,2.E-02);
#10309 = AXIS2_PLACEMENT_3D('',#10310,#10311,#10312);
#10310 = CARTESIAN_POINT('',(0.3,-0.23,2.E-02));
#10311 = DIRECTION('',(1.,0.,-0.));
#10312 = DIRECTION('',(0.,0.,1.));
#10313 = ORIENTED_EDGE('',*,*,#10314,.T.);
#10314 = EDGE_CURVE('',#10306,#10315,#10317,.T.);
#10315 = VERTEX_POINT('',#10316);
#10316 = CARTESIAN_POINT('',(0.3,0.23,0.));
#10317 = LINE('',#10318,#10319);
#10318 = CARTESIAN_POINT('',(0.3,-0.25,0.));
#10319 = VECTOR('',#10320,1.);
#10320 = DIRECTION('',(0.,1.,0.));
#10321 = ORIENTED_EDGE('',*,*,#10322,.F.);
#10322 = EDGE_CURVE('',#10323,#10315,#10325,.T.);
#10323 = VERTEX_POINT('',#10324);
#10324 = CARTESIAN_POINT('',(0.3,0.25,2.E-02));
#10325 = CIRCLE('',#10326,2.E-02);
#10326 = AXIS2_PLACEMENT_3D('',#10327,#10328,#10329);
#10327 = CARTESIAN_POINT('',(0.3,0.23,2.E-02));
#10328 = DIRECTION('',(-1.,0.,0.));
#10329 = DIRECTION('',(0.,0.,1.));
#10330 = ORIENTED_EDGE('',*,*,#10331,.T.);
#10331 = EDGE_CURVE('',#10323,#10332,#10334,.T.);
#10332 = VERTEX_POINT('',#10333);
#10333 = CARTESIAN_POINT('',(0.3,0.25,0.48));
#10334 = LINE('',#10335,#10336);
#10335 = CARTESIAN_POINT('',(0.3,0.25,0.));
#10336 = VECTOR('',#10337,1.);
#10337 = DIRECTION('',(0.,0.,1.));
#10338 = ORIENTED_EDGE('',*,*,#10339,.T.);
#10339 = EDGE_CURVE('',#10332,#10340,#10342,.T.);
#10340 = VERTEX_POINT('',#10341);
#10341 = CARTESIAN_POINT('',(0.3,0.23,0.5));
#10342 = CIRCLE('',#10343,2.E-02);
#10343 = AXIS2_PLACEMENT_3D('',#10344,#10345,#10346);
#10344 = CARTESIAN_POINT('',(0.3,0.23,0.48));
#10345 = DIRECTION('',(1.,0.,-0.));
#10346 = DIRECTION('',(0.,0.,1.));
#10347 = ORIENTED_EDGE('',*,*,#10348,.F.);
#10348 = EDGE_CURVE('',#10349,#10340,#10351,.T.);
#10349 = VERTEX_POINT('',#10350);
#10350 = CARTESIAN_POINT('',(0.3,-0.23,0.5));
#10351 = LINE('',#10352,#10353);
#10352 = CARTESIAN_POINT('',(0.3,-0.25,0.5));
#10353 = VECTOR('',#10354,1.);
#10354 = DIRECTION('',(0.,1.,0.));
#10355 = ORIENTED_EDGE('',*,*,#10356,.F.);
#10356 = EDGE_CURVE('',#10298,#10349,#10357,.T.);
#10357 = CIRCLE('',#10358,2.E-02);
#10358 = AXIS2_PLACEMENT_3D('',#10359,#10360,#10361);
#10359 = CARTESIAN_POINT('',(0.3,-0.23,0.48));
#10360 = DIRECTION('',(-1.,0.,0.));
#10361 = DIRECTION('',(0.,0.,1.));
#10362 = FACE_BOUND('',#10363,.F.);
#10363 = EDGE_LOOP('',(#10364,#10365,#10366,#10367,#10368,#10369,#10370,
    #10371));
#10364 = ORIENTED_EDGE('',*,*,#10108,.F.);
#10365 = ORIENTED_EDGE('',*,*,#10278,.T.);
#10366 = ORIENTED_EDGE('',*,*,#10261,.T.);
#10367 = ORIENTED_EDGE('',*,*,#10238,.T.);
#10368 = ORIENTED_EDGE('',*,*,#10213,.F.);
#10369 = ORIENTED_EDGE('',*,*,#10180,.F.);
#10370 = ORIENTED_EDGE('',*,*,#10163,.T.);
#10371 = ORIENTED_EDGE('',*,*,#10133,.F.);
#10372 = PLANE('',#10373);
#10373 = AXIS2_PLACEMENT_3D('',#10374,#10375,#10376);
#10374 = CARTESIAN_POINT('',(0.3,-0.25,0.));
#10375 = DIRECTION('',(1.,0.,0.));
#10376 = DIRECTION('',(0.,0.,1.));
#10377 = ADVANCED_FACE('',(#10378),#10403,.F.);
#10378 = FACE_BOUND('',#10379,.F.);
#10379 = EDGE_LOOP('',(#10380,#10390,#10396,#10397));
#10380 = ORIENTED_EDGE('',*,*,#10381,.F.);
#10381 = EDGE_CURVE('',#10382,#10384,#10386,.T.);
#10382 = VERTEX_POINT('',#10383);
#10383 = CARTESIAN_POINT('',(0.5,-0.25,2.E-02));
#10384 = VERTEX_POINT('',#10385);
#10385 = CARTESIAN_POINT('',(0.5,-0.25,0.48));
#10386 = LINE('',#10387,#10388);
#10387 = CARTESIAN_POINT('',(0.5,-0.25,0.));
#10388 = VECTOR('',#10389,1.);
#10389 = DIRECTION('',(0.,0.,1.));
#10390 = ORIENTED_EDGE('',*,*,#10391,.F.);
#10391 = EDGE_CURVE('',#10296,#10382,#10392,.T.);
#10392 = LINE('',#10393,#10394);
#10393 = CARTESIAN_POINT('',(0.3,-0.25,2.E-02));
#10394 = VECTOR('',#10395,1.);
#10395 = DIRECTION('',(1.,0.,0.));
#10396 = ORIENTED_EDGE('',*,*,#10295,.T.);
#10397 = ORIENTED_EDGE('',*,*,#10398,.T.);
#10398 = EDGE_CURVE('',#10298,#10384,#10399,.T.);
#10399 = LINE('',#10400,#10401);
#10400 = CARTESIAN_POINT('',(0.3,-0.25,0.48));
#10401 = VECTOR('',#10402,1.);
#10402 = DIRECTION('',(1.,0.,0.));
#10403 = PLANE('',#10404);
#10404 = AXIS2_PLACEMENT_3D('',#10405,#10406,#10407);
#10405 = CARTESIAN_POINT('',(0.3,-0.25,0.));
#10406 = DIRECTION('',(0.,1.,0.));
#10407 = DIRECTION('',(0.,-0.,1.));
#10408 = ADVANCED_FACE('',(#10409),#10428,.T.);
#10409 = FACE_BOUND('',#10410,.T.);
#10410 = EDGE_LOOP('',(#10411,#10412,#10420,#10427));
#10411 = ORIENTED_EDGE('',*,*,#10305,.T.);
#10412 = ORIENTED_EDGE('',*,*,#10413,.T.);
#10413 = EDGE_CURVE('',#10306,#10414,#10416,.T.);
#10414 = VERTEX_POINT('',#10415);
#10415 = CARTESIAN_POINT('',(0.5,-0.23,0.));
#10416 = LINE('',#10417,#10418);
#10417 = CARTESIAN_POINT('',(0.3,-0.23,0.));
#10418 = VECTOR('',#10419,1.);
#10419 = DIRECTION('',(1.,0.,0.));
#10420 = ORIENTED_EDGE('',*,*,#10421,.F.);
#10421 = EDGE_CURVE('',#10382,#10414,#10422,.T.);
#10422 = CIRCLE('',#10423,2.E-02);
#10423 = AXIS2_PLACEMENT_3D('',#10424,#10425,#10426);
#10424 = CARTESIAN_POINT('',(0.5,-0.23,2.E-02));
#10425 = DIRECTION('',(1.,0.,-0.));
#10426 = DIRECTION('',(0.,0.,1.));
#10427 = ORIENTED_EDGE('',*,*,#10391,.F.);
#10428 = CYLINDRICAL_SURFACE('',#10429,2.E-02);
#10429 = AXIS2_PLACEMENT_3D('',#10430,#10431,#10432);
#10430 = CARTESIAN_POINT('',(0.3,-0.23,2.E-02));
#10431 = DIRECTION('',(1.,0.,0.));
#10432 = DIRECTION('',(0.,-1.,0.));
#10433 = ADVANCED_FACE('',(#10434),#10453,.T.);
#10434 = FACE_BOUND('',#10435,.T.);
#10435 = EDGE_LOOP('',(#10436,#10437,#10446,#10452));
#10436 = ORIENTED_EDGE('',*,*,#10398,.T.);
#10437 = ORIENTED_EDGE('',*,*,#10438,.T.);
#10438 = EDGE_CURVE('',#10384,#10439,#10441,.T.);
#10439 = VERTEX_POINT('',#10440);
#10440 = CARTESIAN_POINT('',(0.5,-0.23,0.5));
#10441 = CIRCLE('',#10442,2.E-02);
#10442 = AXIS2_PLACEMENT_3D('',#10443,#10444,#10445);
#10443 = CARTESIAN_POINT('',(0.5,-0.23,0.48));
#10444 = DIRECTION('',(-1.,0.,0.));
#10445 = DIRECTION('',(0.,0.,1.));
#10446 = ORIENTED_EDGE('',*,*,#10447,.F.);
#10447 = EDGE_CURVE('',#10349,#10439,#10448,.T.);
#10448 = LINE('',#10449,#10450);
#10449 = CARTESIAN_POINT('',(0.3,-0.23,0.5));
#10450 = VECTOR('',#10451,1.);
#10451 = DIRECTION('',(1.,0.,0.));
#10452 = ORIENTED_EDGE('',*,*,#10356,.F.);
#10453 = CYLINDRICAL_SURFACE('',#10454,2.E-02);
#10454 = AXIS2_PLACEMENT_3D('',#10455,#10456,#10457);
#10455 = CARTESIAN_POINT('',(0.3,-0.23,0.48));
#10456 = DIRECTION('',(1.,0.,0.));
#10457 = DIRECTION('',(0.,-1.,0.));
#10458 = ADVANCED_FACE('',(#10459),#10477,.F.);
#10459 = FACE_BOUND('',#10460,.F.);
#10460 = EDGE_LOOP('',(#10461,#10462,#10463,#10471));
#10461 = ORIENTED_EDGE('',*,*,#10314,.F.);
#10462 = ORIENTED_EDGE('',*,*,#10413,.T.);
#10463 = ORIENTED_EDGE('',*,*,#10464,.T.);
#10464 = EDGE_CURVE('',#10414,#10465,#10467,.T.);
#10465 = VERTEX_POINT('',#10466);
#10466 = CARTESIAN_POINT('',(0.5,0.23,0.));
#10467 = LINE('',#10468,#10469);
#10468 = CARTESIAN_POINT('',(0.5,-0.25,0.));
#10469 = VECTOR('',#10470,1.);
#10470 = DIRECTION('',(0.,1.,0.));
#10471 = ORIENTED_EDGE('',*,*,#10472,.F.);
#10472 = EDGE_CURVE('',#10315,#10465,#10473,.T.);
#10473 = LINE('',#10474,#10475);
#10474 = CARTESIAN_POINT('',(0.3,0.23,0.));
#10475 = VECTOR('',#10476,1.);
#10476 = DIRECTION('',(1.,0.,0.));
#10477 = PLANE('',#10478);
#10478 = AXIS2_PLACEMENT_3D('',#10479,#10480,#10481);
#10479 = CARTESIAN_POINT('',(0.3,-0.25,0.));
#10480 = DIRECTION('',(0.,0.,1.));
#10481 = DIRECTION('',(1.,0.,-0.));
#10482 = ADVANCED_FACE('',(#10483),#10501,.T.);
#10483 = FACE_BOUND('',#10484,.T.);
#10484 = EDGE_LOOP('',(#10485,#10486,#10487,#10495));
#10485 = ORIENTED_EDGE('',*,*,#10348,.F.);
#10486 = ORIENTED_EDGE('',*,*,#10447,.T.);
#10487 = ORIENTED_EDGE('',*,*,#10488,.T.);
#10488 = EDGE_CURVE('',#10439,#10489,#10491,.T.);
#10489 = VERTEX_POINT('',#10490);
#10490 = CARTESIAN_POINT('',(0.5,0.23,0.5));
#10491 = LINE('',#10492,#10493);
#10492 = CARTESIAN_POINT('',(0.5,-0.25,0.5));
#10493 = VECTOR('',#10494,1.);
#10494 = DIRECTION('',(0.,1.,0.));
#10495 = ORIENTED_EDGE('',*,*,#10496,.F.);
#10496 = EDGE_CURVE('',#10340,#10489,#10497,.T.);
#10497 = LINE('',#10498,#10499);
#10498 = CARTESIAN_POINT('',(0.3,0.23,0.5));
#10499 = VECTOR('',#10500,1.);
#10500 = DIRECTION('',(1.,0.,0.));
#10501 = PLANE('',#10502);
#10502 = AXIS2_PLACEMENT_3D('',#10503,#10504,#10505);
#10503 = CARTESIAN_POINT('',(0.3,-0.25,0.5));
#10504 = DIRECTION('',(0.,0.,1.));
#10505 = DIRECTION('',(1.,0.,-0.));
#10506 = ADVANCED_FACE('',(#10507),#10526,.T.);
#10507 = FACE_BOUND('',#10508,.T.);
#10508 = EDGE_LOOP('',(#10509,#10517,#10524,#10525));
#10509 = ORIENTED_EDGE('',*,*,#10510,.T.);
#10510 = EDGE_CURVE('',#10323,#10511,#10513,.T.);
#10511 = VERTEX_POINT('',#10512);
#10512 = CARTESIAN_POINT('',(0.5,0.25,2.E-02));
#10513 = LINE('',#10514,#10515);
#10514 = CARTESIAN_POINT('',(0.3,0.25,2.E-02));
#10515 = VECTOR('',#10516,1.);
#10516 = DIRECTION('',(1.,0.,0.));
#10517 = ORIENTED_EDGE('',*,*,#10518,.T.);
#10518 = EDGE_CURVE('',#10511,#10465,#10519,.T.);
#10519 = CIRCLE('',#10520,2.E-02);
#10520 = AXIS2_PLACEMENT_3D('',#10521,#10522,#10523);
#10521 = CARTESIAN_POINT('',(0.5,0.23,2.E-02));
#10522 = DIRECTION('',(-1.,0.,0.));
#10523 = DIRECTION('',(0.,0.,1.));
#10524 = ORIENTED_EDGE('',*,*,#10472,.F.);
#10525 = ORIENTED_EDGE('',*,*,#10322,.F.);
#10526 = CYLINDRICAL_SURFACE('',#10527,2.E-02);
#10527 = AXIS2_PLACEMENT_3D('',#10528,#10529,#10530);
#10528 = CARTESIAN_POINT('',(0.3,0.23,2.E-02));
#10529 = DIRECTION('',(1.,0.,0.));
#10530 = DIRECTION('',(-0.,1.,0.));
#10531 = ADVANCED_FACE('',(#10532),#10551,.T.);
#10532 = FACE_BOUND('',#10533,.T.);
#10533 = EDGE_LOOP('',(#10534,#10535,#10536,#10545));
#10534 = ORIENTED_EDGE('',*,*,#10339,.T.);
#10535 = ORIENTED_EDGE('',*,*,#10496,.T.);
#10536 = ORIENTED_EDGE('',*,*,#10537,.F.);
#10537 = EDGE_CURVE('',#10538,#10489,#10540,.T.);
#10538 = VERTEX_POINT('',#10539);
#10539 = CARTESIAN_POINT('',(0.5,0.25,0.48));
#10540 = CIRCLE('',#10541,2.E-02);
#10541 = AXIS2_PLACEMENT_3D('',#10542,#10543,#10544);
#10542 = CARTESIAN_POINT('',(0.5,0.23,0.48));
#10543 = DIRECTION('',(1.,0.,-0.));
#10544 = DIRECTION('',(0.,0.,1.));
#10545 = ORIENTED_EDGE('',*,*,#10546,.F.);
#10546 = EDGE_CURVE('',#10332,#10538,#10547,.T.);
#10547 = LINE('',#10548,#10549);
#10548 = CARTESIAN_POINT('',(0.3,0.25,0.48));
#10549 = VECTOR('',#10550,1.);
#10550 = DIRECTION('',(1.,0.,0.));
#10551 = CYLINDRICAL_SURFACE('',#10552,2.E-02);
#10552 = AXIS2_PLACEMENT_3D('',#10553,#10554,#10555);
#10553 = CARTESIAN_POINT('',(0.3,0.23,0.48));
#10554 = DIRECTION('',(1.,0.,0.));
#10555 = DIRECTION('',(-0.,1.,0.));
#10556 = ADVANCED_FACE('',(#10557),#10568,.T.);
#10557 = FACE_BOUND('',#10558,.T.);
#10558 = EDGE_LOOP('',(#10559,#10565,#10566,#10567));
#10559 = ORIENTED_EDGE('',*,*,#10560,.F.);
#10560 = EDGE_CURVE('',#10511,#10538,#10561,.T.);
#10561 = LINE('',#10562,#10563);
#10562 = CARTESIAN_POINT('',(0.5,0.25,0.));
#10563 = VECTOR('',#10564,1.);
#10564 = DIRECTION('',(0.,0.,1.));
#10565 = ORIENTED_EDGE('',*,*,#10510,.F.);
#10566 = ORIENTED_EDGE('',*,*,#10331,.T.);
#10567 = ORIENTED_EDGE('',*,*,#10546,.T.);
#10568 = PLANE('',#10569);
#10569 = AXIS2_PLACEMENT_3D('',#10570,#10571,#10572);
#10570 = CARTESIAN_POINT('',(0.3,0.25,0.));
#10571 = DIRECTION('',(0.,1.,0.));
#10572 = DIRECTION('',(0.,-0.,1.));
#10573 = ADVANCED_FACE('',(#10574),#10584,.T.);
#10574 = FACE_BOUND('',#10575,.T.);
#10575 = EDGE_LOOP('',(#10576,#10577,#10578,#10579,#10580,#10581,#10582,
    #10583));
#10576 = ORIENTED_EDGE('',*,*,#10381,.F.);
#10577 = ORIENTED_EDGE('',*,*,#10421,.T.);
#10578 = ORIENTED_EDGE('',*,*,#10464,.T.);
#10579 = ORIENTED_EDGE('',*,*,#10518,.F.);
#10580 = ORIENTED_EDGE('',*,*,#10560,.T.);
#10581 = ORIENTED_EDGE('',*,*,#10537,.T.);
#10582 = ORIENTED_EDGE('',*,*,#10488,.F.);
#10583 = ORIENTED_EDGE('',*,*,#10438,.F.);
#10584 = PLANE('',#10585);
#10585 = AXIS2_PLACEMENT_3D('',#10586,#10587,#10588);
#10586 = CARTESIAN_POINT('',(0.5,-0.25,0.));
#10587 = DIRECTION('',(1.,0.,0.));
#10588 = DIRECTION('',(0.,0.,1.));
#10589 = ( GEOMETRIC_REPRESENTATION_CONTEXT(3) 
GLOBAL_UNCERTAINTY_ASSIGNED_CONTEXT((#10593)) 
GLOBAL_UNIT_ASSIGNED_CONTEXT((#10590,#10591,#10592)) 
REPRESENTATION_CONTEXT('Context #1',
  '3D Context with UNIT and UNCERTAINTY') );
#10590 = ( LENGTH_UNIT() NAMED_UNIT(*) SI_UNIT(.MILLI.,.METRE.) );
#10591 = ( NAMED_UNIT(*) PLANE_ANGLE_UNIT() SI_UNIT($,.RADIAN.) );
#10592 = ( NAMED_UNIT(*) SI_UNIT($,.STERADIAN.) SOLID_ANGLE_UNIT() );
#10593 = UNCERTAINTY_MEASURE_WITH_UNIT(LENGTH_MEASURE(1.E-07),#10590,
  'distance_accuracy_value','confusion accuracy');
#10594 = CONTEXT_DEPENDENT_SHAPE_REPRESENTATION(#10595,#10597);
#10595 = ( REPRESENTATION_RELATIONSHIP('','',#9734,#9711) 
REPRESENTATION_RELATIONSHIP_WITH_TRANSFORMATION(#10596) 
SHAPE_REPRESENTATION_RELATIONSHIP() );
#10596 = ITEM_DEFINED_TRANSFORMATION('','',#11,#9712);
#10597 = PRODUCT_DEFINITION_SHAPE('Placement','Placement of an item',
  #10598);
#10598 = NEXT_ASSEMBLY_USAGE_OCCURRENCE('14','=>[0:1:1:11]','',#9706,
  #9729,$);
#10599 = PRODUCT_RELATED_PRODUCT_CATEGORY('part',$,(#9731));
#10600 = CONTEXT_DEPENDENT_SHAPE_REPRESENTATION(#10601,#10603);
#10601 = ( REPRESENTATION_RELATIONSHIP('','',#9711,#10) 
REPRESENTATION_RELATIONSHIP_WITH_TRANSFORMATION(#10602) 
SHAPE_REPRESENTATION_RELATIONSHIP() );
#10602 = ITEM_DEFINED_TRANSFORMATION('','',#11,#55);
#10603 = PRODUCT_DEFINITION_SHAPE('Placement','Placement of an item',
  #10604);
#10604 = NEXT_ASSEMBLY_USAGE_OCCURRENCE('16','FB1','',#5,#9706,$);
#10605 = CONTEXT_DEPENDENT_SHAPE_REPRESENTATION(#10606,#10608);
#10606 = ( REPRESENTATION_RELATIONSHIP('','',#112,#10) 
REPRESENTATION_RELATIONSHIP_WITH_TRANSFORMATION(#10607) 
SHAPE_REPRESENTATION_RELATIONSHIP() );
#10607 = ITEM_DEFINED_TRANSFORMATION('','',#11,#59);
#10608 = PRODUCT_DEFINITION_SHAPE('Placement','Placement of an item',
  #10609);
#10609 = NEXT_ASSEMBLY_USAGE_OCCURRENCE('17','C12','',#5,#107,$);
#10610 = CONTEXT_DEPENDENT_SHAPE_REPRESENTATION(#10611,#10613);
#10611 = ( REPRESENTATION_RELATIONSHIP('','',#112,#10) 
REPRESENTATION_RELATIONSHIP_WITH_TRANSFORMATION(#10612) 
SHAPE_REPRESENTATION_RELATIONSHIP() );
#10612 = ITEM_DEFINED_TRANSFORMATION('','',#11,#63);
#10613 = PRODUCT_DEFINITION_SHAPE('Placement','Placement of an item',
  #10614);
#10614 = NEXT_ASSEMBLY_USAGE_OCCURRENCE('18','C1','',#5,#107,$);
#10615 = SHAPE_DEFINITION_REPRESENTATION(#10616,#10622);
#10616 = PRODUCT_DEFINITION_SHAPE('','',#10617);
#10617 = PRODUCT_DEFINITION('design','',#10618,#10621);
#10618 = PRODUCT_DEFINITION_FORMATION('','',#10619);
#10619 = PRODUCT('PinHeader_1x09_P2.54mm_Vertical',
  'PinHeader_1x09_P2.54mm_Vertical','',(#10620));
#10620 = PRODUCT_CONTEXT('',#2,'mechanical');
#10621 = PRODUCT_DEFINITION_CONTEXT('part definition',#2,'design');
#10622 = SHAPE_REPRESENTATION('',(#11,#10623),#10627);
#10623 = AXIS2_PLACEMENT_3D('',#10624,#10625,#10626);
#10624 = CARTESIAN_POINT('',(0.,0.,0.));
#10625 = DIRECTION('',(0.,0.,1.));
#10626 = DIRECTION('',(1.,0.,-0.));
#10627 = ( GEOMETRIC_REPRESENTATION_CONTEXT(3) 
GLOBAL_UNCERTAINTY_ASSIGNED_CONTEXT((#10631)) 
GLOBAL_UNIT_ASSIGNED_CONTEXT((#10628,#10629,#10630)) 
REPRESENTATION_CONTEXT('Context #1',
  '3D Context with UNIT and UNCERTAINTY') );
#10628 = ( LENGTH_UNIT() NAMED_UNIT(*) SI_UNIT(.MILLI.,.METRE.) );
#10629 = ( NAMED_UNIT(*) PLANE_ANGLE_UNIT() SI_UNIT($,.RADIAN.) );
#10630 = ( NAMED_UNIT(*) SI_UNIT($,.STERADIAN.) SOLID_ANGLE_UNIT() );
#10631 = UNCERTAINTY_MEASURE_WITH_UNIT(LENGTH_MEASURE(1.E-07),#10628,
  'distance_accuracy_value','confusion accuracy');
#10632 = CONTEXT_DEPENDENT_SHAPE_REPRESENTATION(#10633,#10635);
#10633 = ( REPRESENTATION_RELATIONSHIP('','',#10622,#10) 
REPRESENTATION_RELATIONSHIP_WITH_TRANSFORMATION(#10634) 
SHAPE_REPRESENTATION_RELATIONSHIP() );
#10634 = ITEM_DEFINED_TRANSFORMATION('','',#11,#67);
#10635 = PRODUCT_DEFINITION_SHAPE('Placement','Placement of an item',
  #10636);
#10636 = NEXT_ASSEMBLY_USAGE_OCCURRENCE('20','J1','',#5,#10617,$);
#10637 = PRODUCT_RELATED_PRODUCT_CATEGORY('part',$,(#10619));
#10638 = SHAPE_DEFINITION_REPRESENTATION(#10639,#10645);
#10639 = PRODUCT_DEFINITION_SHAPE('','',#10640);
#10640 = PRODUCT_DEFINITION('design','',#10641,#10644);
#10641 = PRODUCT_DEFINITION_FORMATION('','',#10642);
#10642 = PRODUCT('PinHeader_1x09_P254mm_Vertical',
  'PinHeader_1x09_P254mm_Vertical','',(#10643));
#10643 = PRODUCT_CONTEXT('',#2,'mechanical');
#10644 = PRODUCT_DEFINITION_CONTEXT('part definition',#2,'design');
#10645 = ADVANCED_BREP_SHAPE_REPRESENTATION('',(#11,#10646),#16796);
#10646 = MANIFOLD_SOLID_BREP('',#10647);
#10647 = CLOSED_SHELL('',(#10648,#10688,#10719,#10750,#11489,#12228,
    #12245,#12262,#12279,#12296,#12313,#12330,#12347,#12364,#12381,
    #12398,#12415,#12432,#12449,#12466,#12483,#12500,#12517,#12534,
    #12551,#12568,#12585,#12602,#12619,#12636,#12653,#12670,#12687,
    #12704,#12721,#12738,#12755,#12772,#12789,#12806,#12823,#12840,
    #12857,#12874,#12891,#12908,#12925,#12942,#12959,#12976,#12993,
    #13010,#13027,#13044,#13061,#13078,#13095,#13112,#13124,#13155,
    #13179,#13203,#13220,#13251,#13275,#13299,#13316,#13347,#13371,
    #13395,#13412,#13443,#13467,#13491,#13508,#13539,#13563,#13587,
    #13604,#13635,#13659,#13683,#13700,#13731,#13755,#13779,#13796,
    #13827,#13851,#13875,#13892,#13923,#13947,#13971,#13988,#14019,
    #14043,#14067,#14084,#14115,#14139,#14163,#14180,#14211,#14235,
    #14259,#14276,#14307,#14331,#14355,#14372,#14403,#14427,#14451,
    #14468,#14499,#14523,#14547,#14564,#14595,#14619,#14643,#14660,
    #14691,#14715,#14739,#14756,#14787,#14811,#14835,#14852,#14883,
    #14907,#14931,#14948,#14979,#15003,#15027,#15044,#15075,#15099,
    #15123,#15140,#15171,#15195,#15219,#15236,#15267,#15291,#15315,
    #15332,#15363,#15387,#15411,#15428,#15459,#15483,#15507,#15524,
    #15555,#15579,#15603,#15620,#15651,#15675,#15699,#15716,#15747,
    #15771,#15795,#15812,#15843,#15867,#15891,#15908,#15939,#15963,
    #15987,#16004,#16035,#16059,#16083,#16100,#16131,#16155,#16179,
    #16196,#16227,#16251,#16275,#16292,#16323,#16347,#16371,#16388,
    #16419,#16443,#16467,#16484,#16515,#16539,#16563,#16580,#16592,
    #16604,#16616,#16628,#16640,#16652,#16664,#16676,#16688,#16700,
    #16712,#16724,#16736,#16748,#16760,#16772,#16784));
#10648 = ADVANCED_FACE('',(#10649),#10683,.F.);
#10649 = FACE_BOUND('',#10650,.F.);
#10650 = EDGE_LOOP('',(#10651,#10661,#10669,#10677));
#10651 = ORIENTED_EDGE('',*,*,#10652,.T.);
#10652 = EDGE_CURVE('',#10653,#10655,#10657,.T.);
#10653 = VERTEX_POINT('',#10654);
#10654 = CARTESIAN_POINT('',(-1.016,1.27,0.));
#10655 = VERTEX_POINT('',#10656);
#10656 = CARTESIAN_POINT('',(-1.016,1.27,2.54));
#10657 = LINE('',#10658,#10659);
#10658 = CARTESIAN_POINT('',(-1.016,1.27,0.));
#10659 = VECTOR('',#10660,1.);
#10660 = DIRECTION('',(0.,0.,1.));
#10661 = ORIENTED_EDGE('',*,*,#10662,.T.);
#10662 = EDGE_CURVE('',#10655,#10663,#10665,.T.);
#10663 = VERTEX_POINT('',#10664);
#10664 = CARTESIAN_POINT('',(-1.27,1.016,2.54));
#10665 = LINE('',#10666,#10667);
#10666 = CARTESIAN_POINT('',(-1.016,1.27,2.54));
#10667 = VECTOR('',#10668,1.);
#10668 = DIRECTION('',(-0.707106781187,-0.707106781187,0.));
#10669 = ORIENTED_EDGE('',*,*,#10670,.F.);
#10670 = EDGE_CURVE('',#10671,#10663,#10673,.T.);
#10671 = VERTEX_POINT('',#10672);
#10672 = CARTESIAN_POINT('',(-1.27,1.016,0.));
#10673 = LINE('',#10674,#10675);
#10674 = CARTESIAN_POINT('',(-1.27,1.016,0.));
#10675 = VECTOR('',#10676,1.);
#10676 = DIRECTION('',(0.,0.,1.));
#10677 = ORIENTED_EDGE('',*,*,#10678,.F.);
#10678 = EDGE_CURVE('',#10653,#10671,#10679,.T.);
#10679 = LINE('',#10680,#10681);
#10680 = CARTESIAN_POINT('',(-1.016,1.27,0.));
#10681 = VECTOR('',#10682,1.);
#10682 = DIRECTION('',(-0.707106781187,-0.707106781187,0.));
#10683 = PLANE('',#10684);
#10684 = AXIS2_PLACEMENT_3D('',#10685,#10686,#10687);
#10685 = CARTESIAN_POINT('',(-1.016,1.27,0.));
#10686 = DIRECTION('',(0.707106781187,-0.707106781187,0.));
#10687 = DIRECTION('',(-0.707106781187,-0.707106781187,0.));
#10688 = ADVANCED_FACE('',(#10689),#10714,.F.);
#10689 = FACE_BOUND('',#10690,.F.);
#10690 = EDGE_LOOP('',(#10691,#10701,#10707,#10708));
#10691 = ORIENTED_EDGE('',*,*,#10692,.T.);
#10692 = EDGE_CURVE('',#10693,#10695,#10697,.T.);
#10693 = VERTEX_POINT('',#10694);
#10694 = CARTESIAN_POINT('',(1.016,1.27,0.));
#10695 = VERTEX_POINT('',#10696);
#10696 = CARTESIAN_POINT('',(1.016,1.27,2.54));
#10697 = LINE('',#10698,#10699);
#10698 = CARTESIAN_POINT('',(1.016,1.27,0.));
#10699 = VECTOR('',#10700,1.);
#10700 = DIRECTION('',(0.,0.,1.));
#10701 = ORIENTED_EDGE('',*,*,#10702,.T.);
#10702 = EDGE_CURVE('',#10695,#10655,#10703,.T.);
#10703 = LINE('',#10704,#10705);
#10704 = CARTESIAN_POINT('',(1.016,1.27,2.54));
#10705 = VECTOR('',#10706,1.);
#10706 = DIRECTION('',(-1.,0.,0.));
#10707 = ORIENTED_EDGE('',*,*,#10652,.F.);
#10708 = ORIENTED_EDGE('',*,*,#10709,.F.);
#10709 = EDGE_CURVE('',#10693,#10653,#10710,.T.);
#10710 = LINE('',#10711,#10712);
#10711 = CARTESIAN_POINT('',(1.016,1.27,0.));
#10712 = VECTOR('',#10713,1.);
#10713 = DIRECTION('',(-1.,0.,0.));
#10714 = PLANE('',#10715);
#10715 = AXIS2_PLACEMENT_3D('',#10716,#10717,#10718);
#10716 = CARTESIAN_POINT('',(1.016,1.27,0.));
#10717 = DIRECTION('',(0.,-1.,0.));
#10718 = DIRECTION('',(-1.,0.,0.));
#10719 = ADVANCED_FACE('',(#10720),#10745,.F.);
#10720 = FACE_BOUND('',#10721,.F.);
#10721 = EDGE_LOOP('',(#10722,#10723,#10731,#10739));
#10722 = ORIENTED_EDGE('',*,*,#10670,.T.);
#10723 = ORIENTED_EDGE('',*,*,#10724,.T.);
#10724 = EDGE_CURVE('',#10663,#10725,#10727,.T.);
#10725 = VERTEX_POINT('',#10726);
#10726 = CARTESIAN_POINT('',(-1.27,-1.016,2.54));
#10727 = LINE('',#10728,#10729);
#10728 = CARTESIAN_POINT('',(-1.27,1.016,2.54));
#10729 = VECTOR('',#10730,1.);
#10730 = DIRECTION('',(0.,-1.,0.));
#10731 = ORIENTED_EDGE('',*,*,#10732,.F.);
#10732 = EDGE_CURVE('',#10733,#10725,#10735,.T.);
#10733 = VERTEX_POINT('',#10734);
#10734 = CARTESIAN_POINT('',(-1.27,-1.016,0.));
#10735 = LINE('',#10736,#10737);
#10736 = CARTESIAN_POINT('',(-1.27,-1.016,0.));
#10737 = VECTOR('',#10738,1.);
#10738 = DIRECTION('',(0.,0.,1.));
#10739 = ORIENTED_EDGE('',*,*,#10740,.F.);
#10740 = EDGE_CURVE('',#10671,#10733,#10741,.T.);
#10741 = LINE('',#10742,#10743);
#10742 = CARTESIAN_POINT('',(-1.27,1.016,0.));
#10743 = VECTOR('',#10744,1.);
#10744 = DIRECTION('',(0.,-1.,0.));
#10745 = PLANE('',#10746);
#10746 = AXIS2_PLACEMENT_3D('',#10747,#10748,#10749);
#10747 = CARTESIAN_POINT('',(-1.27,1.016,0.));
#10748 = DIRECTION('',(1.,0.,0.));
#10749 = DIRECTION('',(0.,-1.,0.));
#10750 = ADVANCED_FACE('',(#10751,#11178,#11212,#11246,#11280,#11314,
    #11348,#11382,#11416,#11450),#11484,.F.);
#10751 = FACE_BOUND('',#10752,.F.);
#10752 = EDGE_LOOP('',(#10753,#10754,#10755,#10763,#10771,#10779,#10787,
    #10795,#10803,#10811,#10819,#10827,#10835,#10843,#10851,#10859,
    #10867,#10875,#10883,#10891,#10899,#10907,#10915,#10923,#10931,
    #10939,#10947,#10955,#10963,#10971,#10979,#10987,#10995,#11003,
    #11011,#11019,#11027,#11035,#11043,#11051,#11059,#11067,#11075,
    #11083,#11091,#11099,#11107,#11115,#11123,#11131,#11139,#11147,
    #11155,#11163,#11171,#11177));
#10753 = ORIENTED_EDGE('',*,*,#10678,.T.);
#10754 = ORIENTED_EDGE('',*,*,#10740,.T.);
#10755 = ORIENTED_EDGE('',*,*,#10756,.T.);
#10756 = EDGE_CURVE('',#10733,#10757,#10759,.T.);
#10757 = VERTEX_POINT('',#10758);
#10758 = CARTESIAN_POINT('',(-1.016,-1.27,0.));
#10759 = LINE('',#10760,#10761);
#10760 = CARTESIAN_POINT('',(-1.27,-1.016,0.));
#10761 = VECTOR('',#10762,1.);
#10762 = DIRECTION('',(0.707106781187,-0.707106781187,0.));
#10763 = ORIENTED_EDGE('',*,*,#10764,.T.);
#10764 = EDGE_CURVE('',#10757,#10765,#10767,.T.);
#10765 = VERTEX_POINT('',#10766);
#10766 = CARTESIAN_POINT('',(-1.27,-1.524,0.));
#10767 = LINE('',#10768,#10769);
#10768 = CARTESIAN_POINT('',(-1.016,-1.27,0.));
#10769 = VECTOR('',#10770,1.);
#10770 = DIRECTION('',(-0.707106781187,-0.707106781187,0.));
#10771 = ORIENTED_EDGE('',*,*,#10772,.T.);
#10772 = EDGE_CURVE('',#10765,#10773,#10775,.T.);
#10773 = VERTEX_POINT('',#10774);
#10774 = CARTESIAN_POINT('',(-1.27,-3.556,0.));
#10775 = LINE('',#10776,#10777);
#10776 = CARTESIAN_POINT('',(-1.27,-1.524,0.));
#10777 = VECTOR('',#10778,1.);
#10778 = DIRECTION('',(0.,-1.,0.));
#10779 = ORIENTED_EDGE('',*,*,#10780,.T.);
#10780 = EDGE_CURVE('',#10773,#10781,#10783,.T.);
#10781 = VERTEX_POINT('',#10782);
#10782 = CARTESIAN_POINT('',(-1.016,-3.81,0.));
#10783 = LINE('',#10784,#10785);
#10784 = CARTESIAN_POINT('',(-1.27,-3.556,0.));
#10785 = VECTOR('',#10786,1.);
#10786 = DIRECTION('',(0.707106781187,-0.707106781187,0.));
#10787 = ORIENTED_EDGE('',*,*,#10788,.T.);
#10788 = EDGE_CURVE('',#10781,#10789,#10791,.T.);
#10789 = VERTEX_POINT('',#10790);
#10790 = CARTESIAN_POINT('',(-1.27,-4.064,0.));
#10791 = LINE('',#10792,#10793);
#10792 = CARTESIAN_POINT('',(-1.016,-3.81,0.));
#10793 = VECTOR('',#10794,1.);
#10794 = DIRECTION('',(-0.707106781187,-0.707106781187,0.));
#10795 = ORIENTED_EDGE('',*,*,#10796,.T.);
#10796 = EDGE_CURVE('',#10789,#10797,#10799,.T.);
#10797 = VERTEX_POINT('',#10798);
#10798 = CARTESIAN_POINT('',(-1.27,-6.096,0.));
#10799 = LINE('',#10800,#10801);
#10800 = CARTESIAN_POINT('',(-1.27,-4.064,0.));
#10801 = VECTOR('',#10802,1.);
#10802 = DIRECTION('',(0.,-1.,0.));
#10803 = ORIENTED_EDGE('',*,*,#10804,.T.);
#10804 = EDGE_CURVE('',#10797,#10805,#10807,.T.);
#10805 = VERTEX_POINT('',#10806);
#10806 = CARTESIAN_POINT('',(-1.016,-6.35,0.));
#10807 = LINE('',#10808,#10809);
#10808 = CARTESIAN_POINT('',(-1.27,-6.096,0.));
#10809 = VECTOR('',#10810,1.);
#10810 = DIRECTION('',(0.707106781187,-0.707106781187,0.));
#10811 = ORIENTED_EDGE('',*,*,#10812,.T.);
#10812 = EDGE_CURVE('',#10805,#10813,#10815,.T.);
#10813 = VERTEX_POINT('',#10814);
#10814 = CARTESIAN_POINT('',(-1.27,-6.604,0.));
#10815 = LINE('',#10816,#10817);
#10816 = CARTESIAN_POINT('',(-1.016,-6.35,0.));
#10817 = VECTOR('',#10818,1.);
#10818 = DIRECTION('',(-0.707106781187,-0.707106781187,0.));
#10819 = ORIENTED_EDGE('',*,*,#10820,.T.);
#10820 = EDGE_CURVE('',#10813,#10821,#10823,.T.);
#10821 = VERTEX_POINT('',#10822);
#10822 = CARTESIAN_POINT('',(-1.27,-8.636,0.));
#10823 = LINE('',#10824,#10825);
#10824 = CARTESIAN_POINT('',(-1.27,-6.604,0.));
#10825 = VECTOR('',#10826,1.);
#10826 = DIRECTION('',(0.,-1.,0.));
#10827 = ORIENTED_EDGE('',*,*,#10828,.T.);
#10828 = EDGE_CURVE('',#10821,#10829,#10831,.T.);
#10829 = VERTEX_POINT('',#10830);
#10830 = CARTESIAN_POINT('',(-1.016,-8.89,0.));
#10831 = LINE('',#10832,#10833);
#10832 = CARTESIAN_POINT('',(-1.27,-8.636,0.));
#10833 = VECTOR('',#10834,1.);
#10834 = DIRECTION('',(0.707106781187,-0.707106781187,0.));
#10835 = ORIENTED_EDGE('',*,*,#10836,.T.);
#10836 = EDGE_CURVE('',#10829,#10837,#10839,.T.);
#10837 = VERTEX_POINT('',#10838);
#10838 = CARTESIAN_POINT('',(-1.27,-9.144,0.));
#10839 = LINE('',#10840,#10841);
#10840 = CARTESIAN_POINT('',(-1.016,-8.89,0.));
#10841 = VECTOR('',#10842,1.);
#10842 = DIRECTION('',(-0.707106781187,-0.707106781187,0.));
#10843 = ORIENTED_EDGE('',*,*,#10844,.T.);
#10844 = EDGE_CURVE('',#10837,#10845,#10847,.T.);
#10845 = VERTEX_POINT('',#10846);
#10846 = CARTESIAN_POINT('',(-1.27,-11.176,0.));
#10847 = LINE('',#10848,#10849);
#10848 = CARTESIAN_POINT('',(-1.27,-9.144,0.));
#10849 = VECTOR('',#10850,1.);
#10850 = DIRECTION('',(0.,-1.,0.));
#10851 = ORIENTED_EDGE('',*,*,#10852,.T.);
#10852 = EDGE_CURVE('',#10845,#10853,#10855,.T.);
#10853 = VERTEX_POINT('',#10854);
#10854 = CARTESIAN_POINT('',(-1.016,-11.43,0.));
#10855 = LINE('',#10856,#10857);
#10856 = CARTESIAN_POINT('',(-1.27,-11.176,0.));
#10857 = VECTOR('',#10858,1.);
#10858 = DIRECTION('',(0.707106781187,-0.707106781187,0.));
#10859 = ORIENTED_EDGE('',*,*,#10860,.T.);
#10860 = EDGE_CURVE('',#10853,#10861,#10863,.T.);
#10861 = VERTEX_POINT('',#10862);
#10862 = CARTESIAN_POINT('',(-1.27,-11.684,0.));
#10863 = LINE('',#10864,#10865);
#10864 = CARTESIAN_POINT('',(-1.016,-11.43,0.));
#10865 = VECTOR('',#10866,1.);
#10866 = DIRECTION('',(-0.707106781187,-0.707106781187,0.));
#10867 = ORIENTED_EDGE('',*,*,#10868,.T.);
#10868 = EDGE_CURVE('',#10861,#10869,#10871,.T.);
#10869 = VERTEX_POINT('',#10870);
#10870 = CARTESIAN_POINT('',(-1.27,-13.716,0.));
#10871 = LINE('',#10872,#10873);
#10872 = CARTESIAN_POINT('',(-1.27,-11.684,0.));
#10873 = VECTOR('',#10874,1.);
#10874 = DIRECTION('',(0.,-1.,0.));
#10875 = ORIENTED_EDGE('',*,*,#10876,.T.);
#10876 = EDGE_CURVE('',#10869,#10877,#10879,.T.);
#10877 = VERTEX_POINT('',#10878);
#10878 = CARTESIAN_POINT('',(-1.016,-13.97,0.));
#10879 = LINE('',#10880,#10881);
#10880 = CARTESIAN_POINT('',(-1.27,-13.716,0.));
#10881 = VECTOR('',#10882,1.);
#10882 = DIRECTION('',(0.707106781187,-0.707106781187,0.));
#10883 = ORIENTED_EDGE('',*,*,#10884,.T.);
#10884 = EDGE_CURVE('',#10877,#10885,#10887,.T.);
#10885 = VERTEX_POINT('',#10886);
#10886 = CARTESIAN_POINT('',(-1.27,-14.224,0.));
#10887 = LINE('',#10888,#10889);
#10888 = CARTESIAN_POINT('',(-1.016,-13.97,0.));
#10889 = VECTOR('',#10890,1.);
#10890 = DIRECTION('',(-0.707106781187,-0.707106781187,0.));
#10891 = ORIENTED_EDGE('',*,*,#10892,.T.);
#10892 = EDGE_CURVE('',#10885,#10893,#10895,.T.);
#10893 = VERTEX_POINT('',#10894);
#10894 = CARTESIAN_POINT('',(-1.27,-16.256,0.));
#10895 = LINE('',#10896,#10897);
#10896 = CARTESIAN_POINT('',(-1.27,-14.224,0.));
#10897 = VECTOR('',#10898,1.);
#10898 = DIRECTION('',(0.,-1.,0.));
#10899 = ORIENTED_EDGE('',*,*,#10900,.T.);
#10900 = EDGE_CURVE('',#10893,#10901,#10903,.T.);
#10901 = VERTEX_POINT('',#10902);
#10902 = CARTESIAN_POINT('',(-1.016,-16.51,0.));
#10903 = LINE('',#10904,#10905);
#10904 = CARTESIAN_POINT('',(-1.27,-16.256,0.));
#10905 = VECTOR('',#10906,1.);
#10906 = DIRECTION('',(0.707106781187,-0.707106781187,0.));
#10907 = ORIENTED_EDGE('',*,*,#10908,.T.);
#10908 = EDGE_CURVE('',#10901,#10909,#10911,.T.);
#10909 = VERTEX_POINT('',#10910);
#10910 = CARTESIAN_POINT('',(-1.27,-16.764,0.));
#10911 = LINE('',#10912,#10913);
#10912 = CARTESIAN_POINT('',(-1.016,-16.51,0.));
#10913 = VECTOR('',#10914,1.);
#10914 = DIRECTION('',(-0.707106781187,-0.707106781187,0.));
#10915 = ORIENTED_EDGE('',*,*,#10916,.T.);
#10916 = EDGE_CURVE('',#10909,#10917,#10919,.T.);
#10917 = VERTEX_POINT('',#10918);
#10918 = CARTESIAN_POINT('',(-1.27,-18.796,0.));
#10919 = LINE('',#10920,#10921);
#10920 = CARTESIAN_POINT('',(-1.27,-16.764,0.));
#10921 = VECTOR('',#10922,1.);
#10922 = DIRECTION('',(0.,-1.,0.));
#10923 = ORIENTED_EDGE('',*,*,#10924,.T.);
#10924 = EDGE_CURVE('',#10917,#10925,#10927,.T.);
#10925 = VERTEX_POINT('',#10926);
#10926 = CARTESIAN_POINT('',(-1.016,-19.05,0.));
#10927 = LINE('',#10928,#10929);
#10928 = CARTESIAN_POINT('',(-1.27,-18.796,0.));
#10929 = VECTOR('',#10930,1.);
#10930 = DIRECTION('',(0.707106781187,-0.707106781187,0.));
#10931 = ORIENTED_EDGE('',*,*,#10932,.T.);
#10932 = EDGE_CURVE('',#10925,#10933,#10935,.T.);
#10933 = VERTEX_POINT('',#10934);
#10934 = CARTESIAN_POINT('',(-1.27,-19.304,0.));
#10935 = LINE('',#10936,#10937);
#10936 = CARTESIAN_POINT('',(-1.016,-19.05,0.));
#10937 = VECTOR('',#10938,1.);
#10938 = DIRECTION('',(-0.707106781187,-0.707106781187,0.));
#10939 = ORIENTED_EDGE('',*,*,#10940,.T.);
#10940 = EDGE_CURVE('',#10933,#10941,#10943,.T.);
#10941 = VERTEX_POINT('',#10942);
#10942 = CARTESIAN_POINT('',(-1.27,-21.336,0.));
#10943 = LINE('',#10944,#10945);
#10944 = CARTESIAN_POINT('',(-1.27,-19.304,0.));
#10945 = VECTOR('',#10946,1.);
#10946 = DIRECTION('',(0.,-1.,0.));
#10947 = ORIENTED_EDGE('',*,*,#10948,.T.);
#10948 = EDGE_CURVE('',#10941,#10949,#10951,.T.);
#10949 = VERTEX_POINT('',#10950);
#10950 = CARTESIAN_POINT('',(-1.016,-21.59,0.));
#10951 = LINE('',#10952,#10953);
#10952 = CARTESIAN_POINT('',(-1.27,-21.336,0.));
#10953 = VECTOR('',#10954,1.);
#10954 = DIRECTION('',(0.707106781187,-0.707106781187,0.));
#10955 = ORIENTED_EDGE('',*,*,#10956,.T.);
#10956 = EDGE_CURVE('',#10949,#10957,#10959,.T.);
#10957 = VERTEX_POINT('',#10958);
#10958 = CARTESIAN_POINT('',(1.016,-21.59,0.));
#10959 = LINE('',#10960,#10961);
#10960 = CARTESIAN_POINT('',(-1.016,-21.59,0.));
#10961 = VECTOR('',#10962,1.);
#10962 = DIRECTION('',(1.,0.,0.));
#10963 = ORIENTED_EDGE('',*,*,#10964,.T.);
#10964 = EDGE_CURVE('',#10957,#10965,#10967,.T.);
#10965 = VERTEX_POINT('',#10966);
#10966 = CARTESIAN_POINT('',(1.27,-21.336,0.));
#10967 = LINE('',#10968,#10969);
#10968 = CARTESIAN_POINT('',(1.016,-21.59,0.));
#10969 = VECTOR('',#10970,1.);
#10970 = DIRECTION('',(0.707106781187,0.707106781187,0.));
#10971 = ORIENTED_EDGE('',*,*,#10972,.T.);
#10972 = EDGE_CURVE('',#10965,#10973,#10975,.T.);
#10973 = VERTEX_POINT('',#10974);
#10974 = CARTESIAN_POINT('',(1.27,-19.304,0.));
#10975 = LINE('',#10976,#10977);
#10976 = CARTESIAN_POINT('',(1.27,-21.336,0.));
#10977 = VECTOR('',#10978,1.);
#10978 = DIRECTION('',(0.,1.,0.));
#10979 = ORIENTED_EDGE('',*,*,#10980,.T.);
#10980 = EDGE_CURVE('',#10973,#10981,#10983,.T.);
#10981 = VERTEX_POINT('',#10982);
#10982 = CARTESIAN_POINT('',(1.016,-19.05,0.));
#10983 = LINE('',#10984,#10985);
#10984 = CARTESIAN_POINT('',(1.27,-19.304,0.));
#10985 = VECTOR('',#10986,1.);
#10986 = DIRECTION('',(-0.707106781187,0.707106781187,0.));
#10987 = ORIENTED_EDGE('',*,*,#10988,.T.);
#10988 = EDGE_CURVE('',#10981,#10989,#10991,.T.);
#10989 = VERTEX_POINT('',#10990);
#10990 = CARTESIAN_POINT('',(1.27,-18.796,0.));
#10991 = LINE('',#10992,#10993);
#10992 = CARTESIAN_POINT('',(1.016,-19.05,0.));
#10993 = VECTOR('',#10994,1.);
#10994 = DIRECTION('',(0.707106781187,0.707106781187,0.));
#10995 = ORIENTED_EDGE('',*,*,#10996,.T.);
#10996 = EDGE_CURVE('',#10989,#10997,#10999,.T.);
#10997 = VERTEX_POINT('',#10998);
#10998 = CARTESIAN_POINT('',(1.27,-16.764,0.));
#10999 = LINE('',#11000,#11001);
#11000 = CARTESIAN_POINT('',(1.27,-18.796,0.));
#11001 = VECTOR('',#11002,1.);
#11002 = DIRECTION('',(0.,1.,0.));
#11003 = ORIENTED_EDGE('',*,*,#11004,.T.);
#11004 = EDGE_CURVE('',#10997,#11005,#11007,.T.);
#11005 = VERTEX_POINT('',#11006);
#11006 = CARTESIAN_POINT('',(1.016,-16.51,0.));
#11007 = LINE('',#11008,#11009);
#11008 = CARTESIAN_POINT('',(1.27,-16.764,0.));
#11009 = VECTOR('',#11010,1.);
#11010 = DIRECTION('',(-0.707106781187,0.707106781187,0.));
#11011 = ORIENTED_EDGE('',*,*,#11012,.T.);
#11012 = EDGE_CURVE('',#11005,#11013,#11015,.T.);
#11013 = VERTEX_POINT('',#11014);
#11014 = CARTESIAN_POINT('',(1.27,-16.256,0.));
#11015 = LINE('',#11016,#11017);
#11016 = CARTESIAN_POINT('',(1.016,-16.51,0.));
#11017 = VECTOR('',#11018,1.);
#11018 = DIRECTION('',(0.707106781187,0.707106781187,0.));
#11019 = ORIENTED_EDGE('',*,*,#11020,.T.);
#11020 = EDGE_CURVE('',#11013,#11021,#11023,.T.);
#11021 = VERTEX_POINT('',#11022);
#11022 = CARTESIAN_POINT('',(1.27,-14.224,0.));
#11023 = LINE('',#11024,#11025);
#11024 = CARTESIAN_POINT('',(1.27,-16.256,0.));
#11025 = VECTOR('',#11026,1.);
#11026 = DIRECTION('',(0.,1.,0.));
#11027 = ORIENTED_EDGE('',*,*,#11028,.T.);
#11028 = EDGE_CURVE('',#11021,#11029,#11031,.T.);
#11029 = VERTEX_POINT('',#11030);
#11030 = CARTESIAN_POINT('',(1.016,-13.97,0.));
#11031 = LINE('',#11032,#11033);
#11032 = CARTESIAN_POINT('',(1.27,-14.224,0.));
#11033 = VECTOR('',#11034,1.);
#11034 = DIRECTION('',(-0.707106781187,0.707106781187,0.));
#11035 = ORIENTED_EDGE('',*,*,#11036,.T.);
#11036 = EDGE_CURVE('',#11029,#11037,#11039,.T.);
#11037 = VERTEX_POINT('',#11038);
#11038 = CARTESIAN_POINT('',(1.27,-13.716,0.));
#11039 = LINE('',#11040,#11041);
#11040 = CARTESIAN_POINT('',(1.016,-13.97,0.));
#11041 = VECTOR('',#11042,1.);
#11042 = DIRECTION('',(0.707106781187,0.707106781187,0.));
#11043 = ORIENTED_EDGE('',*,*,#11044,.T.);
#11044 = EDGE_CURVE('',#11037,#11045,#11047,.T.);
#11045 = VERTEX_POINT('',#11046);
#11046 = CARTESIAN_POINT('',(1.27,-11.684,0.));
#11047 = LINE('',#11048,#11049);
#11048 = CARTESIAN_POINT('',(1.27,-13.716,0.));
#11049 = VECTOR('',#11050,1.);
#11050 = DIRECTION('',(0.,1.,0.));
#11051 = ORIENTED_EDGE('',*,*,#11052,.T.);
#11052 = EDGE_CURVE('',#11045,#11053,#11055,.T.);
#11053 = VERTEX_POINT('',#11054);
#11054 = CARTESIAN_POINT('',(1.016,-11.43,0.));
#11055 = LINE('',#11056,#11057);
#11056 = CARTESIAN_POINT('',(1.27,-11.684,0.));
#11057 = VECTOR('',#11058,1.);
#11058 = DIRECTION('',(-0.707106781187,0.707106781187,0.));
#11059 = ORIENTED_EDGE('',*,*,#11060,.T.);
#11060 = EDGE_CURVE('',#11053,#11061,#11063,.T.);
#11061 = VERTEX_POINT('',#11062);
#11062 = CARTESIAN_POINT('',(1.27,-11.176,0.));
#11063 = LINE('',#11064,#11065);
#11064 = CARTESIAN_POINT('',(1.016,-11.43,0.));
#11065 = VECTOR('',#11066,1.);
#11066 = DIRECTION('',(0.707106781187,0.707106781187,0.));
#11067 = ORIENTED_EDGE('',*,*,#11068,.T.);
#11068 = EDGE_CURVE('',#11061,#11069,#11071,.T.);
#11069 = VERTEX_POINT('',#11070);
#11070 = CARTESIAN_POINT('',(1.27,-9.144,0.));
#11071 = LINE('',#11072,#11073);
#11072 = CARTESIAN_POINT('',(1.27,-11.176,0.));
#11073 = VECTOR('',#11074,1.);
#11074 = DIRECTION('',(0.,1.,0.));
#11075 = ORIENTED_EDGE('',*,*,#11076,.T.);
#11076 = EDGE_CURVE('',#11069,#11077,#11079,.T.);
#11077 = VERTEX_POINT('',#11078);
#11078 = CARTESIAN_POINT('',(1.016,-8.89,0.));
#11079 = LINE('',#11080,#11081);
#11080 = CARTESIAN_POINT('',(1.27,-9.144,0.));
#11081 = VECTOR('',#11082,1.);
#11082 = DIRECTION('',(-0.707106781187,0.707106781187,0.));
#11083 = ORIENTED_EDGE('',*,*,#11084,.T.);
#11084 = EDGE_CURVE('',#11077,#11085,#11087,.T.);
#11085 = VERTEX_POINT('',#11086);
#11086 = CARTESIAN_POINT('',(1.27,-8.636,0.));
#11087 = LINE('',#11088,#11089);
#11088 = CARTESIAN_POINT('',(1.016,-8.89,0.));
#11089 = VECTOR('',#11090,1.);
#11090 = DIRECTION('',(0.707106781187,0.707106781187,0.));
#11091 = ORIENTED_EDGE('',*,*,#11092,.T.);
#11092 = EDGE_CURVE('',#11085,#11093,#11095,.T.);
#11093 = VERTEX_POINT('',#11094);
#11094 = CARTESIAN_POINT('',(1.27,-6.604,0.));
#11095 = LINE('',#11096,#11097);
#11096 = CARTESIAN_POINT('',(1.27,-8.636,0.));
#11097 = VECTOR('',#11098,1.);
#11098 = DIRECTION('',(0.,1.,0.));
#11099 = ORIENTED_EDGE('',*,*,#11100,.T.);
#11100 = EDGE_CURVE('',#11093,#11101,#11103,.T.);
#11101 = VERTEX_POINT('',#11102);
#11102 = CARTESIAN_POINT('',(1.016,-6.35,0.));
#11103 = LINE('',#11104,#11105);
#11104 = CARTESIAN_POINT('',(1.27,-6.604,0.));
#11105 = VECTOR('',#11106,1.);
#11106 = DIRECTION('',(-0.707106781187,0.707106781187,0.));
#11107 = ORIENTED_EDGE('',*,*,#11108,.T.);
#11108 = EDGE_CURVE('',#11101,#11109,#11111,.T.);
#11109 = VERTEX_POINT('',#11110);
#11110 = CARTESIAN_POINT('',(1.27,-6.096,0.));
#11111 = LINE('',#11112,#11113);
#11112 = CARTESIAN_POINT('',(1.016,-6.35,0.));
#11113 = VECTOR('',#11114,1.);
#11114 = DIRECTION('',(0.707106781187,0.707106781187,0.));
#11115 = ORIENTED_EDGE('',*,*,#11116,.T.);
#11116 = EDGE_CURVE('',#11109,#11117,#11119,.T.);
#11117 = VERTEX_POINT('',#11118);
#11118 = CARTESIAN_POINT('',(1.27,-4.064,0.));
#11119 = LINE('',#11120,#11121);
#11120 = CARTESIAN_POINT('',(1.27,-6.096,0.));
#11121 = VECTOR('',#11122,1.);
#11122 = DIRECTION('',(0.,1.,0.));
#11123 = ORIENTED_EDGE('',*,*,#11124,.T.);
#11124 = EDGE_CURVE('',#11117,#11125,#11127,.T.);
#11125 = VERTEX_POINT('',#11126);
#11126 = CARTESIAN_POINT('',(1.016,-3.81,0.));
#11127 = LINE('',#11128,#11129);
#11128 = CARTESIAN_POINT('',(1.27,-4.064,0.));
#11129 = VECTOR('',#11130,1.);
#11130 = DIRECTION('',(-0.707106781187,0.707106781187,0.));
#11131 = ORIENTED_EDGE('',*,*,#11132,.T.);
#11132 = EDGE_CURVE('',#11125,#11133,#11135,.T.);
#11133 = VERTEX_POINT('',#11134);
#11134 = CARTESIAN_POINT('',(1.27,-3.556,0.));
#11135 = LINE('',#11136,#11137);
#11136 = CARTESIAN_POINT('',(1.016,-3.81,0.));
#11137 = VECTOR('',#11138,1.);
#11138 = DIRECTION('',(0.707106781187,0.707106781187,0.));
#11139 = ORIENTED_EDGE('',*,*,#11140,.T.);
#11140 = EDGE_CURVE('',#11133,#11141,#11143,.T.);
#11141 = VERTEX_POINT('',#11142);
#11142 = CARTESIAN_POINT('',(1.27,-1.524,0.));
#11143 = LINE('',#11144,#11145);
#11144 = CARTESIAN_POINT('',(1.27,-3.556,0.));
#11145 = VECTOR('',#11146,1.);
#11146 = DIRECTION('',(0.,1.,0.));
#11147 = ORIENTED_EDGE('',*,*,#11148,.T.);
#11148 = EDGE_CURVE('',#11141,#11149,#11151,.T.);
#11149 = VERTEX_POINT('',#11150);
#11150 = CARTESIAN_POINT('',(1.016,-1.27,0.));
#11151 = LINE('',#11152,#11153);
#11152 = CARTESIAN_POINT('',(1.27,-1.524,0.));
#11153 = VECTOR('',#11154,1.);
#11154 = DIRECTION('',(-0.707106781187,0.707106781187,0.));
#11155 = ORIENTED_EDGE('',*,*,#11156,.T.);
#11156 = EDGE_CURVE('',#11149,#11157,#11159,.T.);
#11157 = VERTEX_POINT('',#11158);
#11158 = CARTESIAN_POINT('',(1.27,-1.016,0.));
#11159 = LINE('',#11160,#11161);
#11160 = CARTESIAN_POINT('',(1.016,-1.27,0.));
#11161 = VECTOR('',#11162,1.);
#11162 = DIRECTION('',(0.707106781187,0.707106781187,0.));
#11163 = ORIENTED_EDGE('',*,*,#11164,.T.);
#11164 = EDGE_CURVE('',#11157,#11165,#11167,.T.);
#11165 = VERTEX_POINT('',#11166);
#11166 = CARTESIAN_POINT('',(1.27,1.016,0.));
#11167 = LINE('',#11168,#11169);
#11168 = CARTESIAN_POINT('',(1.27,-1.016,0.));
#11169 = VECTOR('',#11170,1.);
#11170 = DIRECTION('',(0.,1.,0.));
#11171 = ORIENTED_EDGE('',*,*,#11172,.T.);
#11172 = EDGE_CURVE('',#11165,#10693,#11173,.T.);
#11173 = LINE('',#11174,#11175);
#11174 = CARTESIAN_POINT('',(1.27,1.016,0.));
#11175 = VECTOR('',#11176,1.);
#11176 = DIRECTION('',(-0.707106781187,0.707106781187,0.));
#11177 = ORIENTED_EDGE('',*,*,#10709,.T.);
#11178 = FACE_BOUND('',#11179,.F.);
#11179 = EDGE_LOOP('',(#11180,#11190,#11198,#11206));
#11180 = ORIENTED_EDGE('',*,*,#11181,.F.);
#11181 = EDGE_CURVE('',#11182,#11184,#11186,.T.);
#11182 = VERTEX_POINT('',#11183);
#11183 = CARTESIAN_POINT('',(0.32,-0.32,0.));
#11184 = VERTEX_POINT('',#11185);
#11185 = CARTESIAN_POINT('',(0.32,0.32,0.));
#11186 = LINE('',#11187,#11188);
#11187 = CARTESIAN_POINT('',(0.32,-5.24,0.));
#11188 = VECTOR('',#11189,1.);
#11189 = DIRECTION('',(0.,1.,0.));
#11190 = ORIENTED_EDGE('',*,*,#11191,.T.);
#11191 = EDGE_CURVE('',#11182,#11192,#11194,.T.);
#11192 = VERTEX_POINT('',#11193);
#11193 = CARTESIAN_POINT('',(-0.32,-0.32,0.));
#11194 = LINE('',#11195,#11196);
#11195 = CARTESIAN_POINT('',(-0.16,-0.32,0.));
#11196 = VECTOR('',#11197,1.);
#11197 = DIRECTION('',(-1.,0.,0.));
#11198 = ORIENTED_EDGE('',*,*,#11199,.T.);
#11199 = EDGE_CURVE('',#11192,#11200,#11202,.T.);
#11200 = VERTEX_POINT('',#11201);
#11201 = CARTESIAN_POINT('',(-0.32,0.32,0.));
#11202 = LINE('',#11203,#11204);
#11203 = CARTESIAN_POINT('',(-0.32,-5.24,0.));
#11204 = VECTOR('',#11205,1.);
#11205 = DIRECTION('',(0.,1.,0.));
#11206 = ORIENTED_EDGE('',*,*,#11207,.F.);
#11207 = EDGE_CURVE('',#11184,#11200,#11208,.T.);
#11208 = LINE('',#11209,#11210);
#11209 = CARTESIAN_POINT('',(-0.16,0.32,0.));
#11210 = VECTOR('',#11211,1.);
#11211 = DIRECTION('',(-1.,0.,0.));
#11212 = FACE_BOUND('',#11213,.F.);
#11213 = EDGE_LOOP('',(#11214,#11224,#11232,#11240));
#11214 = ORIENTED_EDGE('',*,*,#11215,.F.);
#11215 = EDGE_CURVE('',#11216,#11218,#11220,.T.);
#11216 = VERTEX_POINT('',#11217);
#11217 = CARTESIAN_POINT('',(0.32,-2.22,0.));
#11218 = VERTEX_POINT('',#11219);
#11219 = CARTESIAN_POINT('',(-0.32,-2.22,0.));
#11220 = LINE('',#11221,#11222);
#11221 = CARTESIAN_POINT('',(-0.16,-2.22,0.));
#11222 = VECTOR('',#11223,1.);
#11223 = DIRECTION('',(-1.,0.,0.));
#11224 = ORIENTED_EDGE('',*,*,#11225,.F.);
#11225 = EDGE_CURVE('',#11226,#11216,#11228,.T.);
#11226 = VERTEX_POINT('',#11227);
#11227 = CARTESIAN_POINT('',(0.32,-2.86,0.));
#11228 = LINE('',#11229,#11230);
#11229 = CARTESIAN_POINT('',(0.32,-6.51,0.));
#11230 = VECTOR('',#11231,1.);
#11231 = DIRECTION('',(0.,1.,0.));
#11232 = ORIENTED_EDGE('',*,*,#11233,.T.);
#11233 = EDGE_CURVE('',#11226,#11234,#11236,.T.);
#11234 = VERTEX_POINT('',#11235);
#11235 = CARTESIAN_POINT('',(-0.32,-2.86,0.));
#11236 = LINE('',#11237,#11238);
#11237 = CARTESIAN_POINT('',(-0.16,-2.86,0.));
#11238 = VECTOR('',#11239,1.);
#11239 = DIRECTION('',(-1.,0.,0.));
#11240 = ORIENTED_EDGE('',*,*,#11241,.T.);
#11241 = EDGE_CURVE('',#11234,#11218,#11242,.T.);
#11242 = LINE('',#11243,#11244);
#11243 = CARTESIAN_POINT('',(-0.32,-6.51,0.));
#11244 = VECTOR('',#11245,1.);
#11245 = DIRECTION('',(0.,1.,0.));
#11246 = FACE_BOUND('',#11247,.F.);
#11247 = EDGE_LOOP('',(#11248,#11258,#11266,#11274));
#11248 = ORIENTED_EDGE('',*,*,#11249,.F.);
#11249 = EDGE_CURVE('',#11250,#11252,#11254,.T.);
#11250 = VERTEX_POINT('',#11251);
#11251 = CARTESIAN_POINT('',(0.32,-5.4,0.));
#11252 = VERTEX_POINT('',#11253);
#11253 = CARTESIAN_POINT('',(0.32,-4.76,0.));
#11254 = LINE('',#11255,#11256);
#11255 = CARTESIAN_POINT('',(0.32,-7.78,0.));
#11256 = VECTOR('',#11257,1.);
#11257 = DIRECTION('',(0.,1.,0.));
#11258 = ORIENTED_EDGE('',*,*,#11259,.T.);
#11259 = EDGE_CURVE('',#11250,#11260,#11262,.T.);
#11260 = VERTEX_POINT('',#11261);
#11261 = CARTESIAN_POINT('',(-0.32,-5.4,0.));
#11262 = LINE('',#11263,#11264);
#11263 = CARTESIAN_POINT('',(-0.16,-5.4,0.));
#11264 = VECTOR('',#11265,1.);
#11265 = DIRECTION('',(-1.,0.,0.));
#11266 = ORIENTED_EDGE('',*,*,#11267,.T.);
#11267 = EDGE_CURVE('',#11260,#11268,#11270,.T.);
#11268 = VERTEX_POINT('',#11269);
#11269 = CARTESIAN_POINT('',(-0.32,-4.76,0.));
#11270 = LINE('',#11271,#11272);
#11271 = CARTESIAN_POINT('',(-0.32,-7.78,0.));
#11272 = VECTOR('',#11273,1.);
#11273 = DIRECTION('',(0.,1.,0.));
#11274 = ORIENTED_EDGE('',*,*,#11275,.F.);
#11275 = EDGE_CURVE('',#11252,#11268,#11276,.T.);
#11276 = LINE('',#11277,#11278);
#11277 = CARTESIAN_POINT('',(-0.16,-4.76,0.));
#11278 = VECTOR('',#11279,1.);
#11279 = DIRECTION('',(-1.,0.,0.));
#11280 = FACE_BOUND('',#11281,.F.);
#11281 = EDGE_LOOP('',(#11282,#11292,#11300,#11308));
#11282 = ORIENTED_EDGE('',*,*,#11283,.F.);
#11283 = EDGE_CURVE('',#11284,#11286,#11288,.T.);
#11284 = VERTEX_POINT('',#11285);
#11285 = CARTESIAN_POINT('',(0.32,-7.3,0.));
#11286 = VERTEX_POINT('',#11287);
#11287 = CARTESIAN_POINT('',(-0.32,-7.3,0.));
#11288 = LINE('',#11289,#11290);
#11289 = CARTESIAN_POINT('',(-0.16,-7.3,0.));
#11290 = VECTOR('',#11291,1.);
#11291 = DIRECTION('',(-1.,0.,0.));
#11292 = ORIENTED_EDGE('',*,*,#11293,.F.);
#11293 = EDGE_CURVE('',#11294,#11284,#11296,.T.);
#11294 = VERTEX_POINT('',#11295);
#11295 = CARTESIAN_POINT('',(0.32,-7.94,0.));
#11296 = LINE('',#11297,#11298);
#11297 = CARTESIAN_POINT('',(0.32,-9.05,0.));
#11298 = VECTOR('',#11299,1.);
#11299 = DIRECTION('',(0.,1.,0.));
#11300 = ORIENTED_EDGE('',*,*,#11301,.T.);
#11301 = EDGE_CURVE('',#11294,#11302,#11304,.T.);
#11302 = VERTEX_POINT('',#11303);
#11303 = CARTESIAN_POINT('',(-0.32,-7.94,0.));
#11304 = LINE('',#11305,#11306);
#11305 = CARTESIAN_POINT('',(-0.16,-7.94,0.));
#11306 = VECTOR('',#11307,1.);
#11307 = DIRECTION('',(-1.,0.,0.));
#11308 = ORIENTED_EDGE('',*,*,#11309,.T.);
#11309 = EDGE_CURVE('',#11302,#11286,#11310,.T.);
#11310 = LINE('',#11311,#11312);
#11311 = CARTESIAN_POINT('',(-0.32,-9.05,0.));
#11312 = VECTOR('',#11313,1.);
#11313 = DIRECTION('',(0.,1.,0.));
#11314 = FACE_BOUND('',#11315,.F.);
#11315 = EDGE_LOOP('',(#11316,#11326,#11334,#11342));
#11316 = ORIENTED_EDGE('',*,*,#11317,.F.);
#11317 = EDGE_CURVE('',#11318,#11320,#11322,.T.);
#11318 = VERTEX_POINT('',#11319);
#11319 = CARTESIAN_POINT('',(0.32,-15.56,0.));
#11320 = VERTEX_POINT('',#11321);
#11321 = CARTESIAN_POINT('',(0.32,-14.92,0.));
#11322 = LINE('',#11323,#11324);
#11323 = CARTESIAN_POINT('',(0.32,-12.86,0.));
#11324 = VECTOR('',#11325,1.);
#11325 = DIRECTION('',(0.,1.,0.));
#11326 = ORIENTED_EDGE('',*,*,#11327,.T.);
#11327 = EDGE_CURVE('',#11318,#11328,#11330,.T.);
#11328 = VERTEX_POINT('',#11329);
#11329 = CARTESIAN_POINT('',(-0.32,-15.56,0.));
#11330 = LINE('',#11331,#11332);
#11331 = CARTESIAN_POINT('',(-0.16,-15.56,0.));
#11332 = VECTOR('',#11333,1.);
#11333 = DIRECTION('',(-1.,0.,0.));
#11334 = ORIENTED_EDGE('',*,*,#11335,.T.);
#11335 = EDGE_CURVE('',#11328,#11336,#11338,.T.);
#11336 = VERTEX_POINT('',#11337);
#11337 = CARTESIAN_POINT('',(-0.32,-14.92,0.));
#11338 = LINE('',#11339,#11340);
#11339 = CARTESIAN_POINT('',(-0.32,-12.86,0.));
#11340 = VECTOR('',#11341,1.);
#11341 = DIRECTION('',(0.,1.,0.));
#11342 = ORIENTED_EDGE('',*,*,#11343,.F.);
#11343 = EDGE_CURVE('',#11320,#11336,#11344,.T.);
#11344 = LINE('',#11345,#11346);
#11345 = CARTESIAN_POINT('',(-0.16,-14.92,0.));
#11346 = VECTOR('',#11347,1.);
#11347 = DIRECTION('',(-1.,0.,0.));
#11348 = FACE_BOUND('',#11349,.F.);
#11349 = EDGE_LOOP('',(#11350,#11360,#11368,#11376));
#11350 = ORIENTED_EDGE('',*,*,#11351,.F.);
#11351 = EDGE_CURVE('',#11352,#11354,#11356,.T.);
#11352 = VERTEX_POINT('',#11353);
#11353 = CARTESIAN_POINT('',(0.32,-9.84,0.));
#11354 = VERTEX_POINT('',#11355);
#11355 = CARTESIAN_POINT('',(-0.32,-9.84,0.));
#11356 = LINE('',#11357,#11358);
#11357 = CARTESIAN_POINT('',(-0.16,-9.84,0.));
#11358 = VECTOR('',#11359,1.);
#11359 = DIRECTION('',(-1.,0.,0.));
#11360 = ORIENTED_EDGE('',*,*,#11361,.F.);
#11361 = EDGE_CURVE('',#11362,#11352,#11364,.T.);
#11362 = VERTEX_POINT('',#11363);
#11363 = CARTESIAN_POINT('',(0.32,-10.48,0.));
#11364 = LINE('',#11365,#11366);
#11365 = CARTESIAN_POINT('',(0.32,-10.32,0.));
#11366 = VECTOR('',#11367,1.);
#11367 = DIRECTION('',(0.,1.,0.));
#11368 = ORIENTED_EDGE('',*,*,#11369,.T.);
#11369 = EDGE_CURVE('',#11362,#11370,#11372,.T.);
#11370 = VERTEX_POINT('',#11371);
#11371 = CARTESIAN_POINT('',(-0.32,-10.48,0.));
#11372 = LINE('',#11373,#11374);
#11373 = CARTESIAN_POINT('',(-0.16,-10.48,0.));
#11374 = VECTOR('',#11375,1.);
#11375 = DIRECTION('',(-1.,0.,0.));
#11376 = ORIENTED_EDGE('',*,*,#11377,.T.);
#11377 = EDGE_CURVE('',#11370,#11354,#11378,.T.);
#11378 = LINE('',#11379,#11380);
#11379 = CARTESIAN_POINT('',(-0.32,-10.32,0.));
#11380 = VECTOR('',#11381,1.);
#11381 = DIRECTION('',(0.,1.,0.));
#11382 = FACE_BOUND('',#11383,.F.);
#11383 = EDGE_LOOP('',(#11384,#11394,#11402,#11410));
#11384 = ORIENTED_EDGE('',*,*,#11385,.T.);
#11385 = EDGE_CURVE('',#11386,#11388,#11390,.T.);
#11386 = VERTEX_POINT('',#11387);
#11387 = CARTESIAN_POINT('',(0.32,-13.02,0.));
#11388 = VERTEX_POINT('',#11389);
#11389 = CARTESIAN_POINT('',(-0.32,-13.02,0.));
#11390 = LINE('',#11391,#11392);
#11391 = CARTESIAN_POINT('',(-0.16,-13.02,0.));
#11392 = VECTOR('',#11393,1.);
#11393 = DIRECTION('',(-1.,0.,0.));
#11394 = ORIENTED_EDGE('',*,*,#11395,.T.);
#11395 = EDGE_CURVE('',#11388,#11396,#11398,.T.);
#11396 = VERTEX_POINT('',#11397);
#11397 = CARTESIAN_POINT('',(-0.32,-12.38,0.));
#11398 = LINE('',#11399,#11400);
#11399 = CARTESIAN_POINT('',(-0.32,-11.59,0.));
#11400 = VECTOR('',#11401,1.);
#11401 = DIRECTION('',(0.,1.,0.));
#11402 = ORIENTED_EDGE('',*,*,#11403,.F.);
#11403 = EDGE_CURVE('',#11404,#11396,#11406,.T.);
#11404 = VERTEX_POINT('',#11405);
#11405 = CARTESIAN_POINT('',(0.32,-12.38,0.));
#11406 = LINE('',#11407,#11408);
#11407 = CARTESIAN_POINT('',(-0.16,-12.38,0.));
#11408 = VECTOR('',#11409,1.);
#11409 = DIRECTION('',(-1.,0.,0.));
#11410 = ORIENTED_EDGE('',*,*,#11411,.F.);
#11411 = EDGE_CURVE('',#11386,#11404,#11412,.T.);
#11412 = LINE('',#11413,#11414);
#11413 = CARTESIAN_POINT('',(0.32,-11.59,0.));
#11414 = VECTOR('',#11415,1.);
#11415 = DIRECTION('',(0.,1.,0.));
#11416 = FACE_BOUND('',#11417,.F.);
#11417 = EDGE_LOOP('',(#11418,#11428,#11436,#11444));
#11418 = ORIENTED_EDGE('',*,*,#11419,.F.);
#11419 = EDGE_CURVE('',#11420,#11422,#11424,.T.);
#11420 = VERTEX_POINT('',#11421);
#11421 = CARTESIAN_POINT('',(0.32,-20.64,0.));
#11422 = VERTEX_POINT('',#11423);
#11423 = CARTESIAN_POINT('',(0.32,-20.,0.));
#11424 = LINE('',#11425,#11426);
#11425 = CARTESIAN_POINT('',(0.32,-15.4,0.));
#11426 = VECTOR('',#11427,1.);
#11427 = DIRECTION('',(0.,1.,0.));
#11428 = ORIENTED_EDGE('',*,*,#11429,.T.);
#11429 = EDGE_CURVE('',#11420,#11430,#11432,.T.);
#11430 = VERTEX_POINT('',#11431);
#11431 = CARTESIAN_POINT('',(-0.32,-20.64,0.));
#11432 = LINE('',#11433,#11434);
#11433 = CARTESIAN_POINT('',(-0.16,-20.64,0.));
#11434 = VECTOR('',#11435,1.);
#11435 = DIRECTION('',(-1.,0.,0.));
#11436 = ORIENTED_EDGE('',*,*,#11437,.T.);
#11437 = EDGE_CURVE('',#11430,#11438,#11440,.T.);
#11438 = VERTEX_POINT('',#11439);
#11439 = CARTESIAN_POINT('',(-0.32,-20.,0.));
#11440 = LINE('',#11441,#11442);
#11441 = CARTESIAN_POINT('',(-0.32,-15.4,0.));
#11442 = VECTOR('',#11443,1.);
#11443 = DIRECTION('',(0.,1.,0.));
#11444 = ORIENTED_EDGE('',*,*,#11445,.F.);
#11445 = EDGE_CURVE('',#11422,#11438,#11446,.T.);
#11446 = LINE('',#11447,#11448);
#11447 = CARTESIAN_POINT('',(-0.16,-20.,0.));
#11448 = VECTOR('',#11449,1.);
#11449 = DIRECTION('',(-1.,0.,0.));
#11450 = FACE_BOUND('',#11451,.F.);
#11451 = EDGE_LOOP('',(#11452,#11462,#11470,#11478));
#11452 = ORIENTED_EDGE('',*,*,#11453,.F.);
#11453 = EDGE_CURVE('',#11454,#11456,#11458,.T.);
#11454 = VERTEX_POINT('',#11455);
#11455 = CARTESIAN_POINT('',(0.32,-17.46,0.));
#11456 = VERTEX_POINT('',#11457);
#11457 = CARTESIAN_POINT('',(-0.32,-17.46,0.));
#11458 = LINE('',#11459,#11460);
#11459 = CARTESIAN_POINT('',(-0.16,-17.46,0.));
#11460 = VECTOR('',#11461,1.);
#11461 = DIRECTION('',(-1.,0.,0.));
#11462 = ORIENTED_EDGE('',*,*,#11463,.F.);
#11463 = EDGE_CURVE('',#11464,#11454,#11466,.T.);
#11464 = VERTEX_POINT('',#11465);
#11465 = CARTESIAN_POINT('',(0.32,-18.1,0.));
#11466 = LINE('',#11467,#11468);
#11467 = CARTESIAN_POINT('',(0.32,-14.13,0.));
#11468 = VECTOR('',#11469,1.);
#11469 = DIRECTION('',(0.,1.,0.));
#11470 = ORIENTED_EDGE('',*,*,#11471,.T.);
#11471 = EDGE_CURVE('',#11464,#11472,#11474,.T.);
#11472 = VERTEX_POINT('',#11473);
#11473 = CARTESIAN_POINT('',(-0.32,-18.1,0.));
#11474 = LINE('',#11475,#11476);
#11475 = CARTESIAN_POINT('',(-0.16,-18.1,0.));
#11476 = VECTOR('',#11477,1.);
#11477 = DIRECTION('',(-1.,0.,0.));
#11478 = ORIENTED_EDGE('',*,*,#11479,.T.);
#11479 = EDGE_CURVE('',#11472,#11456,#11480,.T.);
#11480 = LINE('',#11481,#11482);
#11481 = CARTESIAN_POINT('',(-0.32,-14.13,0.));
#11482 = VECTOR('',#11483,1.);
#11483 = DIRECTION('',(0.,1.,0.));
#11484 = PLANE('',#11485);
#11485 = AXIS2_PLACEMENT_3D('',#11486,#11487,#11488);
#11486 = CARTESIAN_POINT('',(-1.243446532402E-17,-10.16,0.));
#11487 = DIRECTION('',(0.,0.,1.));
#11488 = DIRECTION('',(1.,0.,-0.));
#11489 = ADVANCED_FACE('',(#11490,#11917,#11951,#11985,#12019,#12053,
    #12087,#12121,#12155,#12189),#12223,.T.);
#11490 = FACE_BOUND('',#11491,.T.);
#11491 = EDGE_LOOP('',(#11492,#11493,#11494,#11502,#11510,#11518,#11526,
    #11534,#11542,#11550,#11558,#11566,#11574,#11582,#11590,#11598,
    #11606,#11614,#11622,#11630,#11638,#11646,#11654,#11662,#11670,
    #11678,#11686,#11694,#11702,#11710,#11718,#11726,#11734,#11742,
    #11750,#11758,#11766,#11774,#11782,#11790,#11798,#11806,#11814,
    #11822,#11830,#11838,#11846,#11854,#11862,#11870,#11878,#11886,
    #11894,#11902,#11910,#11916));
#11492 = ORIENTED_EDGE('',*,*,#10662,.T.);
#11493 = ORIENTED_EDGE('',*,*,#10724,.T.);
#11494 = ORIENTED_EDGE('',*,*,#11495,.T.);
#11495 = EDGE_CURVE('',#10725,#11496,#11498,.T.);
#11496 = VERTEX_POINT('',#11497);
#11497 = CARTESIAN_POINT('',(-1.016,-1.27,2.54));
#11498 = LINE('',#11499,#11500);
#11499 = CARTESIAN_POINT('',(-1.27,-1.016,2.54));
#11500 = VECTOR('',#11501,1.);
#11501 = DIRECTION('',(0.707106781187,-0.707106781187,0.));
#11502 = ORIENTED_EDGE('',*,*,#11503,.T.);
#11503 = EDGE_CURVE('',#11496,#11504,#11506,.T.);
#11504 = VERTEX_POINT('',#11505);
#11505 = CARTESIAN_POINT('',(-1.27,-1.524,2.54));
#11506 = LINE('',#11507,#11508);
#11507 = CARTESIAN_POINT('',(-1.016,-1.27,2.54));
#11508 = VECTOR('',#11509,1.);
#11509 = DIRECTION('',(-0.707106781187,-0.707106781187,0.));
#11510 = ORIENTED_EDGE('',*,*,#11511,.T.);
#11511 = EDGE_CURVE('',#11504,#11512,#11514,.T.);
#11512 = VERTEX_POINT('',#11513);
#11513 = CARTESIAN_POINT('',(-1.27,-3.556,2.54));
#11514 = LINE('',#11515,#11516);
#11515 = CARTESIAN_POINT('',(-1.27,-1.524,2.54));
#11516 = VECTOR('',#11517,1.);
#11517 = DIRECTION('',(0.,-1.,0.));
#11518 = ORIENTED_EDGE('',*,*,#11519,.T.);
#11519 = EDGE_CURVE('',#11512,#11520,#11522,.T.);
#11520 = VERTEX_POINT('',#11521);
#11521 = CARTESIAN_POINT('',(-1.016,-3.81,2.54));
#11522 = LINE('',#11523,#11524);
#11523 = CARTESIAN_POINT('',(-1.27,-3.556,2.54));
#11524 = VECTOR('',#11525,1.);
#11525 = DIRECTION('',(0.707106781187,-0.707106781187,0.));
#11526 = ORIENTED_EDGE('',*,*,#11527,.T.);
#11527 = EDGE_CURVE('',#11520,#11528,#11530,.T.);
#11528 = VERTEX_POINT('',#11529);
#11529 = CARTESIAN_POINT('',(-1.27,-4.064,2.54));
#11530 = LINE('',#11531,#11532);
#11531 = CARTESIAN_POINT('',(-1.016,-3.81,2.54));
#11532 = VECTOR('',#11533,1.);
#11533 = DIRECTION('',(-0.707106781187,-0.707106781187,0.));
#11534 = ORIENTED_EDGE('',*,*,#11535,.T.);
#11535 = EDGE_CURVE('',#11528,#11536,#11538,.T.);
#11536 = VERTEX_POINT('',#11537);
#11537 = CARTESIAN_POINT('',(-1.27,-6.096,2.54));
#11538 = LINE('',#11539,#11540);
#11539 = CARTESIAN_POINT('',(-1.27,-4.064,2.54));
#11540 = VECTOR('',#11541,1.);
#11541 = DIRECTION('',(0.,-1.,0.));
#11542 = ORIENTED_EDGE('',*,*,#11543,.T.);
#11543 = EDGE_CURVE('',#11536,#11544,#11546,.T.);
#11544 = VERTEX_POINT('',#11545);
#11545 = CARTESIAN_POINT('',(-1.016,-6.35,2.54));
#11546 = LINE('',#11547,#11548);
#11547 = CARTESIAN_POINT('',(-1.27,-6.096,2.54));
#11548 = VECTOR('',#11549,1.);
#11549 = DIRECTION('',(0.707106781187,-0.707106781187,0.));
#11550 = ORIENTED_EDGE('',*,*,#11551,.T.);
#11551 = EDGE_CURVE('',#11544,#11552,#11554,.T.);
#11552 = VERTEX_POINT('',#11553);
#11553 = CARTESIAN_POINT('',(-1.27,-6.604,2.54));
#11554 = LINE('',#11555,#11556);
#11555 = CARTESIAN_POINT('',(-1.016,-6.35,2.54));
#11556 = VECTOR('',#11557,1.);
#11557 = DIRECTION('',(-0.707106781187,-0.707106781187,0.));
#11558 = ORIENTED_EDGE('',*,*,#11559,.T.);
#11559 = EDGE_CURVE('',#11552,#11560,#11562,.T.);
#11560 = VERTEX_POINT('',#11561);
#11561 = CARTESIAN_POINT('',(-1.27,-8.636,2.54));
#11562 = LINE('',#11563,#11564);
#11563 = CARTESIAN_POINT('',(-1.27,-6.604,2.54));
#11564 = VECTOR('',#11565,1.);
#11565 = DIRECTION('',(0.,-1.,0.));
#11566 = ORIENTED_EDGE('',*,*,#11567,.T.);
#11567 = EDGE_CURVE('',#11560,#11568,#11570,.T.);
#11568 = VERTEX_POINT('',#11569);
#11569 = CARTESIAN_POINT('',(-1.016,-8.89,2.54));
#11570 = LINE('',#11571,#11572);
#11571 = CARTESIAN_POINT('',(-1.27,-8.636,2.54));
#11572 = VECTOR('',#11573,1.);
#11573 = DIRECTION('',(0.707106781187,-0.707106781187,0.));
#11574 = ORIENTED_EDGE('',*,*,#11575,.T.);
#11575 = EDGE_CURVE('',#11568,#11576,#11578,.T.);
#11576 = VERTEX_POINT('',#11577);
#11577 = CARTESIAN_POINT('',(-1.27,-9.144,2.54));
#11578 = LINE('',#11579,#11580);
#11579 = CARTESIAN_POINT('',(-1.016,-8.89,2.54));
#11580 = VECTOR('',#11581,1.);
#11581 = DIRECTION('',(-0.707106781187,-0.707106781187,0.));
#11582 = ORIENTED_EDGE('',*,*,#11583,.T.);
#11583 = EDGE_CURVE('',#11576,#11584,#11586,.T.);
#11584 = VERTEX_POINT('',#11585);
#11585 = CARTESIAN_POINT('',(-1.27,-11.176,2.54));
#11586 = LINE('',#11587,#11588);
#11587 = CARTESIAN_POINT('',(-1.27,-9.144,2.54));
#11588 = VECTOR('',#11589,1.);
#11589 = DIRECTION('',(0.,-1.,0.));
#11590 = ORIENTED_EDGE('',*,*,#11591,.T.);
#11591 = EDGE_CURVE('',#11584,#11592,#11594,.T.);
#11592 = VERTEX_POINT('',#11593);
#11593 = CARTESIAN_POINT('',(-1.016,-11.43,2.54));
#11594 = LINE('',#11595,#11596);
#11595 = CARTESIAN_POINT('',(-1.27,-11.176,2.54));
#11596 = VECTOR('',#11597,1.);
#11597 = DIRECTION('',(0.707106781187,-0.707106781187,0.));
#11598 = ORIENTED_EDGE('',*,*,#11599,.T.);
#11599 = EDGE_CURVE('',#11592,#11600,#11602,.T.);
#11600 = VERTEX_POINT('',#11601);
#11601 = CARTESIAN_POINT('',(-1.27,-11.684,2.54));
#11602 = LINE('',#11603,#11604);
#11603 = CARTESIAN_POINT('',(-1.016,-11.43,2.54));
#11604 = VECTOR('',#11605,1.);
#11605 = DIRECTION('',(-0.707106781187,-0.707106781187,0.));
#11606 = ORIENTED_EDGE('',*,*,#11607,.T.);
#11607 = EDGE_CURVE('',#11600,#11608,#11610,.T.);
#11608 = VERTEX_POINT('',#11609);
#11609 = CARTESIAN_POINT('',(-1.27,-13.716,2.54));
#11610 = LINE('',#11611,#11612);
#11611 = CARTESIAN_POINT('',(-1.27,-11.684,2.54));
#11612 = VECTOR('',#11613,1.);
#11613 = DIRECTION('',(0.,-1.,0.));
#11614 = ORIENTED_EDGE('',*,*,#11615,.T.);
#11615 = EDGE_CURVE('',#11608,#11616,#11618,.T.);
#11616 = VERTEX_POINT('',#11617);
#11617 = CARTESIAN_POINT('',(-1.016,-13.97,2.54));
#11618 = LINE('',#11619,#11620);
#11619 = CARTESIAN_POINT('',(-1.27,-13.716,2.54));
#11620 = VECTOR('',#11621,1.);
#11621 = DIRECTION('',(0.707106781187,-0.707106781187,0.));
#11622 = ORIENTED_EDGE('',*,*,#11623,.T.);
#11623 = EDGE_CURVE('',#11616,#11624,#11626,.T.);
#11624 = VERTEX_POINT('',#11625);
#11625 = CARTESIAN_POINT('',(-1.27,-14.224,2.54));
#11626 = LINE('',#11627,#11628);
#11627 = CARTESIAN_POINT('',(-1.016,-13.97,2.54));
#11628 = VECTOR('',#11629,1.);
#11629 = DIRECTION('',(-0.707106781187,-0.707106781187,0.));
#11630 = ORIENTED_EDGE('',*,*,#11631,.T.);
#11631 = EDGE_CURVE('',#11624,#11632,#11634,.T.);
#11632 = VERTEX_POINT('',#11633);
#11633 = CARTESIAN_POINT('',(-1.27,-16.256,2.54));
#11634 = LINE('',#11635,#11636);
#11635 = CARTESIAN_POINT('',(-1.27,-14.224,2.54));
#11636 = VECTOR('',#11637,1.);
#11637 = DIRECTION('',(0.,-1.,0.));
#11638 = ORIENTED_EDGE('',*,*,#11639,.T.);
#11639 = EDGE_CURVE('',#11632,#11640,#11642,.T.);
#11640 = VERTEX_POINT('',#11641);
#11641 = CARTESIAN_POINT('',(-1.016,-16.51,2.54));
#11642 = LINE('',#11643,#11644);
#11643 = CARTESIAN_POINT('',(-1.27,-16.256,2.54));
#11644 = VECTOR('',#11645,1.);
#11645 = DIRECTION('',(0.707106781187,-0.707106781187,0.));
#11646 = ORIENTED_EDGE('',*,*,#11647,.T.);
#11647 = EDGE_CURVE('',#11640,#11648,#11650,.T.);
#11648 = VERTEX_POINT('',#11649);
#11649 = CARTESIAN_POINT('',(-1.27,-16.764,2.54));
#11650 = LINE('',#11651,#11652);
#11651 = CARTESIAN_POINT('',(-1.016,-16.51,2.54));
#11652 = VECTOR('',#11653,1.);
#11653 = DIRECTION('',(-0.707106781187,-0.707106781187,0.));
#11654 = ORIENTED_EDGE('',*,*,#11655,.T.);
#11655 = EDGE_CURVE('',#11648,#11656,#11658,.T.);
#11656 = VERTEX_POINT('',#11657);
#11657 = CARTESIAN_POINT('',(-1.27,-18.796,2.54));
#11658 = LINE('',#11659,#11660);
#11659 = CARTESIAN_POINT('',(-1.27,-16.764,2.54));
#11660 = VECTOR('',#11661,1.);
#11661 = DIRECTION('',(0.,-1.,0.));
#11662 = ORIENTED_EDGE('',*,*,#11663,.T.);
#11663 = EDGE_CURVE('',#11656,#11664,#11666,.T.);
#11664 = VERTEX_POINT('',#11665);
#11665 = CARTESIAN_POINT('',(-1.016,-19.05,2.54));
#11666 = LINE('',#11667,#11668);
#11667 = CARTESIAN_POINT('',(-1.27,-18.796,2.54));
#11668 = VECTOR('',#11669,1.);
#11669 = DIRECTION('',(0.707106781187,-0.707106781187,0.));
#11670 = ORIENTED_EDGE('',*,*,#11671,.T.);
#11671 = EDGE_CURVE('',#11664,#11672,#11674,.T.);
#11672 = VERTEX_POINT('',#11673);
#11673 = CARTESIAN_POINT('',(-1.27,-19.304,2.54));
#11674 = LINE('',#11675,#11676);
#11675 = CARTESIAN_POINT('',(-1.016,-19.05,2.54));
#11676 = VECTOR('',#11677,1.);
#11677 = DIRECTION('',(-0.707106781187,-0.707106781187,0.));
#11678 = ORIENTED_EDGE('',*,*,#11679,.T.);
#11679 = EDGE_CURVE('',#11672,#11680,#11682,.T.);
#11680 = VERTEX_POINT('',#11681);
#11681 = CARTESIAN_POINT('',(-1.27,-21.336,2.54));
#11682 = LINE('',#11683,#11684);
#11683 = CARTESIAN_POINT('',(-1.27,-19.304,2.54));
#11684 = VECTOR('',#11685,1.);
#11685 = DIRECTION('',(0.,-1.,0.));
#11686 = ORIENTED_EDGE('',*,*,#11687,.T.);
#11687 = EDGE_CURVE('',#11680,#11688,#11690,.T.);
#11688 = VERTEX_POINT('',#11689);
#11689 = CARTESIAN_POINT('',(-1.016,-21.59,2.54));
#11690 = LINE('',#11691,#11692);
#11691 = CARTESIAN_POINT('',(-1.27,-21.336,2.54));
#11692 = VECTOR('',#11693,1.);
#11693 = DIRECTION('',(0.707106781187,-0.707106781187,0.));
#11694 = ORIENTED_EDGE('',*,*,#11695,.T.);
#11695 = EDGE_CURVE('',#11688,#11696,#11698,.T.);
#11696 = VERTEX_POINT('',#11697);
#11697 = CARTESIAN_POINT('',(1.016,-21.59,2.54));
#11698 = LINE('',#11699,#11700);
#11699 = CARTESIAN_POINT('',(-1.016,-21.59,2.54));
#11700 = VECTOR('',#11701,1.);
#11701 = DIRECTION('',(1.,0.,0.));
#11702 = ORIENTED_EDGE('',*,*,#11703,.T.);
#11703 = EDGE_CURVE('',#11696,#11704,#11706,.T.);
#11704 = VERTEX_POINT('',#11705);
#11705 = CARTESIAN_POINT('',(1.27,-21.336,2.54));
#11706 = LINE('',#11707,#11708);
#11707 = CARTESIAN_POINT('',(1.016,-21.59,2.54));
#11708 = VECTOR('',#11709,1.);
#11709 = DIRECTION('',(0.707106781187,0.707106781187,0.));
#11710 = ORIENTED_EDGE('',*,*,#11711,.T.);
#11711 = EDGE_CURVE('',#11704,#11712,#11714,.T.);
#11712 = VERTEX_POINT('',#11713);
#11713 = CARTESIAN_POINT('',(1.27,-19.304,2.54));
#11714 = LINE('',#11715,#11716);
#11715 = CARTESIAN_POINT('',(1.27,-21.336,2.54));
#11716 = VECTOR('',#11717,1.);
#11717 = DIRECTION('',(0.,1.,0.));
#11718 = ORIENTED_EDGE('',*,*,#11719,.T.);
#11719 = EDGE_CURVE('',#11712,#11720,#11722,.T.);
#11720 = VERTEX_POINT('',#11721);
#11721 = CARTESIAN_POINT('',(1.016,-19.05,2.54));
#11722 = LINE('',#11723,#11724);
#11723 = CARTESIAN_POINT('',(1.27,-19.304,2.54));
#11724 = VECTOR('',#11725,1.);
#11725 = DIRECTION('',(-0.707106781187,0.707106781187,0.));
#11726 = ORIENTED_EDGE('',*,*,#11727,.T.);
#11727 = EDGE_CURVE('',#11720,#11728,#11730,.T.);
#11728 = VERTEX_POINT('',#11729);
#11729 = CARTESIAN_POINT('',(1.27,-18.796,2.54));
#11730 = LINE('',#11731,#11732);
#11731 = CARTESIAN_POINT('',(1.016,-19.05,2.54));
#11732 = VECTOR('',#11733,1.);
#11733 = DIRECTION('',(0.707106781187,0.707106781187,0.));
#11734 = ORIENTED_EDGE('',*,*,#11735,.T.);
#11735 = EDGE_CURVE('',#11728,#11736,#11738,.T.);
#11736 = VERTEX_POINT('',#11737);
#11737 = CARTESIAN_POINT('',(1.27,-16.764,2.54));
#11738 = LINE('',#11739,#11740);
#11739 = CARTESIAN_POINT('',(1.27,-18.796,2.54));
#11740 = VECTOR('',#11741,1.);
#11741 = DIRECTION('',(0.,1.,0.));
#11742 = ORIENTED_EDGE('',*,*,#11743,.T.);
#11743 = EDGE_CURVE('',#11736,#11744,#11746,.T.);
#11744 = VERTEX_POINT('',#11745);
#11745 = CARTESIAN_POINT('',(1.016,-16.51,2.54));
#11746 = LINE('',#11747,#11748);
#11747 = CARTESIAN_POINT('',(1.27,-16.764,2.54));
#11748 = VECTOR('',#11749,1.);
#11749 = DIRECTION('',(-0.707106781187,0.707106781187,0.));
#11750 = ORIENTED_EDGE('',*,*,#11751,.T.);
#11751 = EDGE_CURVE('',#11744,#11752,#11754,.T.);
#11752 = VERTEX_POINT('',#11753);
#11753 = CARTESIAN_POINT('',(1.27,-16.256,2.54));
#11754 = LINE('',#11755,#11756);
#11755 = CARTESIAN_POINT('',(1.016,-16.51,2.54));
#11756 = VECTOR('',#11757,1.);
#11757 = DIRECTION('',(0.707106781187,0.707106781187,0.));
#11758 = ORIENTED_EDGE('',*,*,#11759,.T.);
#11759 = EDGE_CURVE('',#11752,#11760,#11762,.T.);
#11760 = VERTEX_POINT('',#11761);
#11761 = CARTESIAN_POINT('',(1.27,-14.224,2.54));
#11762 = LINE('',#11763,#11764);
#11763 = CARTESIAN_POINT('',(1.27,-16.256,2.54));
#11764 = VECTOR('',#11765,1.);
#11765 = DIRECTION('',(0.,1.,0.));
#11766 = ORIENTED_EDGE('',*,*,#11767,.T.);
#11767 = EDGE_CURVE('',#11760,#11768,#11770,.T.);
#11768 = VERTEX_POINT('',#11769);
#11769 = CARTESIAN_POINT('',(1.016,-13.97,2.54));
#11770 = LINE('',#11771,#11772);
#11771 = CARTESIAN_POINT('',(1.27,-14.224,2.54));
#11772 = VECTOR('',#11773,1.);
#11773 = DIRECTION('',(-0.707106781187,0.707106781187,0.));
#11774 = ORIENTED_EDGE('',*,*,#11775,.T.);
#11775 = EDGE_CURVE('',#11768,#11776,#11778,.T.);
#11776 = VERTEX_POINT('',#11777);
#11777 = CARTESIAN_POINT('',(1.27,-13.716,2.54));
#11778 = LINE('',#11779,#11780);
#11779 = CARTESIAN_POINT('',(1.016,-13.97,2.54));
#11780 = VECTOR('',#11781,1.);
#11781 = DIRECTION('',(0.707106781187,0.707106781187,0.));
#11782 = ORIENTED_EDGE('',*,*,#11783,.T.);
#11783 = EDGE_CURVE('',#11776,#11784,#11786,.T.);
#11784 = VERTEX_POINT('',#11785);
#11785 = CARTESIAN_POINT('',(1.27,-11.684,2.54));
#11786 = LINE('',#11787,#11788);
#11787 = CARTESIAN_POINT('',(1.27,-13.716,2.54));
#11788 = VECTOR('',#11789,1.);
#11789 = DIRECTION('',(0.,1.,0.));
#11790 = ORIENTED_EDGE('',*,*,#11791,.T.);
#11791 = EDGE_CURVE('',#11784,#11792,#11794,.T.);
#11792 = VERTEX_POINT('',#11793);
#11793 = CARTESIAN_POINT('',(1.016,-11.43,2.54));
#11794 = LINE('',#11795,#11796);
#11795 = CARTESIAN_POINT('',(1.27,-11.684,2.54));
#11796 = VECTOR('',#11797,1.);
#11797 = DIRECTION('',(-0.707106781187,0.707106781187,0.));
#11798 = ORIENTED_EDGE('',*,*,#11799,.T.);
#11799 = EDGE_CURVE('',#11792,#11800,#11802,.T.);
#11800 = VERTEX_POINT('',#11801);
#11801 = CARTESIAN_POINT('',(1.27,-11.176,2.54));
#11802 = LINE('',#11803,#11804);
#11803 = CARTESIAN_POINT('',(1.016,-11.43,2.54));
#11804 = VECTOR('',#11805,1.);
#11805 = DIRECTION('',(0.707106781187,0.707106781187,0.));
#11806 = ORIENTED_EDGE('',*,*,#11807,.T.);
#11807 = EDGE_CURVE('',#11800,#11808,#11810,.T.);
#11808 = VERTEX_POINT('',#11809);
#11809 = CARTESIAN_POINT('',(1.27,-9.144,2.54));
#11810 = LINE('',#11811,#11812);
#11811 = CARTESIAN_POINT('',(1.27,-11.176,2.54));
#11812 = VECTOR('',#11813,1.);
#11813 = DIRECTION('',(0.,1.,0.));
#11814 = ORIENTED_EDGE('',*,*,#11815,.T.);
#11815 = EDGE_CURVE('',#11808,#11816,#11818,.T.);
#11816 = VERTEX_POINT('',#11817);
#11817 = CARTESIAN_POINT('',(1.016,-8.89,2.54));
#11818 = LINE('',#11819,#11820);
#11819 = CARTESIAN_POINT('',(1.27,-9.144,2.54));
#11820 = VECTOR('',#11821,1.);
#11821 = DIRECTION('',(-0.707106781187,0.707106781187,0.));
#11822 = ORIENTED_EDGE('',*,*,#11823,.T.);
#11823 = EDGE_CURVE('',#11816,#11824,#11826,.T.);
#11824 = VERTEX_POINT('',#11825);
#11825 = CARTESIAN_POINT('',(1.27,-8.636,2.54));
#11826 = LINE('',#11827,#11828);
#11827 = CARTESIAN_POINT('',(1.016,-8.89,2.54));
#11828 = VECTOR('',#11829,1.);
#11829 = DIRECTION('',(0.707106781187,0.707106781187,0.));
#11830 = ORIENTED_EDGE('',*,*,#11831,.T.);
#11831 = EDGE_CURVE('',#11824,#11832,#11834,.T.);
#11832 = VERTEX_POINT('',#11833);
#11833 = CARTESIAN_POINT('',(1.27,-6.604,2.54));
#11834 = LINE('',#11835,#11836);
#11835 = CARTESIAN_POINT('',(1.27,-8.636,2.54));
#11836 = VECTOR('',#11837,1.);
#11837 = DIRECTION('',(0.,1.,0.));
#11838 = ORIENTED_EDGE('',*,*,#11839,.T.);
#11839 = EDGE_CURVE('',#11832,#11840,#11842,.T.);
#11840 = VERTEX_POINT('',#11841);
#11841 = CARTESIAN_POINT('',(1.016,-6.35,2.54));
#11842 = LINE('',#11843,#11844);
#11843 = CARTESIAN_POINT('',(1.27,-6.604,2.54));
#11844 = VECTOR('',#11845,1.);
#11845 = DIRECTION('',(-0.707106781187,0.707106781187,0.));
#11846 = ORIENTED_EDGE('',*,*,#11847,.T.);
#11847 = EDGE_CURVE('',#11840,#11848,#11850,.T.);
#11848 = VERTEX_POINT('',#11849);
#11849 = CARTESIAN_POINT('',(1.27,-6.096,2.54));
#11850 = LINE('',#11851,#11852);
#11851 = CARTESIAN_POINT('',(1.016,-6.35,2.54));
#11852 = VECTOR('',#11853,1.);
#11853 = DIRECTION('',(0.707106781187,0.707106781187,0.));
#11854 = ORIENTED_EDGE('',*,*,#11855,.T.);
#11855 = EDGE_CURVE('',#11848,#11856,#11858,.T.);
#11856 = VERTEX_POINT('',#11857);
#11857 = CARTESIAN_POINT('',(1.27,-4.064,2.54));
#11858 = LINE('',#11859,#11860);
#11859 = CARTESIAN_POINT('',(1.27,-6.096,2.54));
#11860 = VECTOR('',#11861,1.);
#11861 = DIRECTION('',(0.,1.,0.));
#11862 = ORIENTED_EDGE('',*,*,#11863,.T.);
#11863 = EDGE_CURVE('',#11856,#11864,#11866,.T.);
#11864 = VERTEX_POINT('',#11865);
#11865 = CARTESIAN_POINT('',(1.016,-3.81,2.54));
#11866 = LINE('',#11867,#11868);
#11867 = CARTESIAN_POINT('',(1.27,-4.064,2.54));
#11868 = VECTOR('',#11869,1.);
#11869 = DIRECTION('',(-0.707106781187,0.707106781187,0.));
#11870 = ORIENTED_EDGE('',*,*,#11871,.T.);
#11871 = EDGE_CURVE('',#11864,#11872,#11874,.T.);
#11872 = VERTEX_POINT('',#11873);
#11873 = CARTESIAN_POINT('',(1.27,-3.556,2.54));
#11874 = LINE('',#11875,#11876);
#11875 = CARTESIAN_POINT('',(1.016,-3.81,2.54));
#11876 = VECTOR('',#11877,1.);
#11877 = DIRECTION('',(0.707106781187,0.707106781187,0.));
#11878 = ORIENTED_EDGE('',*,*,#11879,.T.);
#11879 = EDGE_CURVE('',#11872,#11880,#11882,.T.);
#11880 = VERTEX_POINT('',#11881);
#11881 = CARTESIAN_POINT('',(1.27,-1.524,2.54));
#11882 = LINE('',#11883,#11884);
#11883 = CARTESIAN_POINT('',(1.27,-3.556,2.54));
#11884 = VECTOR('',#11885,1.);
#11885 = DIRECTION('',(0.,1.,0.));
#11886 = ORIENTED_EDGE('',*,*,#11887,.T.);
#11887 = EDGE_CURVE('',#11880,#11888,#11890,.T.);
#11888 = VERTEX_POINT('',#11889);
#11889 = CARTESIAN_POINT('',(1.016,-1.27,2.54));
#11890 = LINE('',#11891,#11892);
#11891 = CARTESIAN_POINT('',(1.27,-1.524,2.54));
#11892 = VECTOR('',#11893,1.);
#11893 = DIRECTION('',(-0.707106781187,0.707106781187,0.));
#11894 = ORIENTED_EDGE('',*,*,#11895,.T.);
#11895 = EDGE_CURVE('',#11888,#11896,#11898,.T.);
#11896 = VERTEX_POINT('',#11897);
#11897 = CARTESIAN_POINT('',(1.27,-1.016,2.54));
#11898 = LINE('',#11899,#11900);
#11899 = CARTESIAN_POINT('',(1.016,-1.27,2.54));
#11900 = VECTOR('',#11901,1.);
#11901 = DIRECTION('',(0.707106781187,0.707106781187,0.));
#11902 = ORIENTED_EDGE('',*,*,#11903,.T.);
#11903 = EDGE_CURVE('',#11896,#11904,#11906,.T.);
#11904 = VERTEX_POINT('',#11905);
#11905 = CARTESIAN_POINT('',(1.27,1.016,2.54));
#11906 = LINE('',#11907,#11908);
#11907 = CARTESIAN_POINT('',(1.27,-1.016,2.54));
#11908 = VECTOR('',#11909,1.);
#11909 = DIRECTION('',(0.,1.,0.));
#11910 = ORIENTED_EDGE('',*,*,#11911,.T.);
#11911 = EDGE_CURVE('',#11904,#10695,#11912,.T.);
#11912 = LINE('',#11913,#11914);
#11913 = CARTESIAN_POINT('',(1.27,1.016,2.54));
#11914 = VECTOR('',#11915,1.);
#11915 = DIRECTION('',(-0.707106781187,0.707106781187,0.));
#11916 = ORIENTED_EDGE('',*,*,#10702,.T.);
#11917 = FACE_BOUND('',#11918,.T.);
#11918 = EDGE_LOOP('',(#11919,#11929,#11937,#11945));
#11919 = ORIENTED_EDGE('',*,*,#11920,.F.);
#11920 = EDGE_CURVE('',#11921,#11923,#11925,.T.);
#11921 = VERTEX_POINT('',#11922);
#11922 = CARTESIAN_POINT('',(0.32,-0.32,2.54));
#11923 = VERTEX_POINT('',#11924);
#11924 = CARTESIAN_POINT('',(0.32,0.32,2.54));
#11925 = LINE('',#11926,#11927);
#11926 = CARTESIAN_POINT('',(0.32,-5.24,2.54));
#11927 = VECTOR('',#11928,1.);
#11928 = DIRECTION('',(0.,1.,0.));
#11929 = ORIENTED_EDGE('',*,*,#11930,.T.);
#11930 = EDGE_CURVE('',#11921,#11931,#11933,.T.);
#11931 = VERTEX_POINT('',#11932);
#11932 = CARTESIAN_POINT('',(-0.32,-0.32,2.54));
#11933 = LINE('',#11934,#11935);
#11934 = CARTESIAN_POINT('',(-0.16,-0.32,2.54));
#11935 = VECTOR('',#11936,1.);
#11936 = DIRECTION('',(-1.,0.,0.));
#11937 = ORIENTED_EDGE('',*,*,#11938,.T.);
#11938 = EDGE_CURVE('',#11931,#11939,#11941,.T.);
#11939 = VERTEX_POINT('',#11940);
#11940 = CARTESIAN_POINT('',(-0.32,0.32,2.54));
#11941 = LINE('',#11942,#11943);
#11942 = CARTESIAN_POINT('',(-0.32,-5.24,2.54));
#11943 = VECTOR('',#11944,1.);
#11944 = DIRECTION('',(0.,1.,0.));
#11945 = ORIENTED_EDGE('',*,*,#11946,.F.);
#11946 = EDGE_CURVE('',#11923,#11939,#11947,.T.);
#11947 = LINE('',#11948,#11949);
#11948 = CARTESIAN_POINT('',(-0.16,0.32,2.54));
#11949 = VECTOR('',#11950,1.);
#11950 = DIRECTION('',(-1.,0.,0.));
#11951 = FACE_BOUND('',#11952,.T.);
#11952 = EDGE_LOOP('',(#11953,#11963,#11971,#11979));
#11953 = ORIENTED_EDGE('',*,*,#11954,.F.);
#11954 = EDGE_CURVE('',#11955,#11957,#11959,.T.);
#11955 = VERTEX_POINT('',#11956);
#11956 = CARTESIAN_POINT('',(0.32,-2.22,2.54));
#11957 = VERTEX_POINT('',#11958);
#11958 = CARTESIAN_POINT('',(-0.32,-2.22,2.54));
#11959 = LINE('',#11960,#11961);
#11960 = CARTESIAN_POINT('',(-0.16,-2.22,2.54));
#11961 = VECTOR('',#11962,1.);
#11962 = DIRECTION('',(-1.,0.,0.));
#11963 = ORIENTED_EDGE('',*,*,#11964,.F.);
#11964 = EDGE_CURVE('',#11965,#11955,#11967,.T.);
#11965 = VERTEX_POINT('',#11966);
#11966 = CARTESIAN_POINT('',(0.32,-2.86,2.54));
#11967 = LINE('',#11968,#11969);
#11968 = CARTESIAN_POINT('',(0.32,-6.51,2.54));
#11969 = VECTOR('',#11970,1.);
#11970 = DIRECTION('',(0.,1.,0.));
#11971 = ORIENTED_EDGE('',*,*,#11972,.T.);
#11972 = EDGE_CURVE('',#11965,#11973,#11975,.T.);
#11973 = VERTEX_POINT('',#11974);
#11974 = CARTESIAN_POINT('',(-0.32,-2.86,2.54));
#11975 = LINE('',#11976,#11977);
#11976 = CARTESIAN_POINT('',(-0.16,-2.86,2.54));
#11977 = VECTOR('',#11978,1.);
#11978 = DIRECTION('',(-1.,0.,0.));
#11979 = ORIENTED_EDGE('',*,*,#11980,.T.);
#11980 = EDGE_CURVE('',#11973,#11957,#11981,.T.);
#11981 = LINE('',#11982,#11983);
#11982 = CARTESIAN_POINT('',(-0.32,-6.51,2.54));
#11983 = VECTOR('',#11984,1.);
#11984 = DIRECTION('',(0.,1.,0.));
#11985 = FACE_BOUND('',#11986,.T.);
#11986 = EDGE_LOOP('',(#11987,#11997,#12005,#12013));
#11987 = ORIENTED_EDGE('',*,*,#11988,.F.);
#11988 = EDGE_CURVE('',#11989,#11991,#11993,.T.);
#11989 = VERTEX_POINT('',#11990);
#11990 = CARTESIAN_POINT('',(0.32,-5.4,2.54));
#11991 = VERTEX_POINT('',#11992);
#11992 = CARTESIAN_POINT('',(0.32,-4.76,2.54));
#11993 = LINE('',#11994,#11995);
#11994 = CARTESIAN_POINT('',(0.32,-7.78,2.54));
#11995 = VECTOR('',#11996,1.);
#11996 = DIRECTION('',(0.,1.,0.));
#11997 = ORIENTED_EDGE('',*,*,#11998,.T.);
#11998 = EDGE_CURVE('',#11989,#11999,#12001,.T.);
#11999 = VERTEX_POINT('',#12000);
#12000 = CARTESIAN_POINT('',(-0.32,-5.4,2.54));
#12001 = LINE('',#12002,#12003);
#12002 = CARTESIAN_POINT('',(-0.16,-5.4,2.54));
#12003 = VECTOR('',#12004,1.);
#12004 = DIRECTION('',(-1.,0.,0.));
#12005 = ORIENTED_EDGE('',*,*,#12006,.T.);
#12006 = EDGE_CURVE('',#11999,#12007,#12009,.T.);
#12007 = VERTEX_POINT('',#12008);
#12008 = CARTESIAN_POINT('',(-0.32,-4.76,2.54));
#12009 = LINE('',#12010,#12011);
#12010 = CARTESIAN_POINT('',(-0.32,-7.78,2.54));
#12011 = VECTOR('',#12012,1.);
#12012 = DIRECTION('',(0.,1.,0.));
#12013 = ORIENTED_EDGE('',*,*,#12014,.F.);
#12014 = EDGE_CURVE('',#11991,#12007,#12015,.T.);
#12015 = LINE('',#12016,#12017);
#12016 = CARTESIAN_POINT('',(-0.16,-4.76,2.54));
#12017 = VECTOR('',#12018,1.);
#12018 = DIRECTION('',(-1.,0.,0.));
#12019 = FACE_BOUND('',#12020,.T.);
#12020 = EDGE_LOOP('',(#12021,#12031,#12039,#12047));
#12021 = ORIENTED_EDGE('',*,*,#12022,.F.);
#12022 = EDGE_CURVE('',#12023,#12025,#12027,.T.);
#12023 = VERTEX_POINT('',#12024);
#12024 = CARTESIAN_POINT('',(0.32,-7.3,2.54));
#12025 = VERTEX_POINT('',#12026);
#12026 = CARTESIAN_POINT('',(-0.32,-7.3,2.54));
#12027 = LINE('',#12028,#12029);
#12028 = CARTESIAN_POINT('',(-0.16,-7.3,2.54));
#12029 = VECTOR('',#12030,1.);
#12030 = DIRECTION('',(-1.,0.,0.));
#12031 = ORIENTED_EDGE('',*,*,#12032,.F.);
#12032 = EDGE_CURVE('',#12033,#12023,#12035,.T.);
#12033 = VERTEX_POINT('',#12034);
#12034 = CARTESIAN_POINT('',(0.32,-7.94,2.54));
#12035 = LINE('',#12036,#12037);
#12036 = CARTESIAN_POINT('',(0.32,-9.05,2.54));
#12037 = VECTOR('',#12038,1.);
#12038 = DIRECTION('',(0.,1.,0.));
#12039 = ORIENTED_EDGE('',*,*,#12040,.T.);
#12040 = EDGE_CURVE('',#12033,#12041,#12043,.T.);
#12041 = VERTEX_POINT('',#12042);
#12042 = CARTESIAN_POINT('',(-0.32,-7.94,2.54));
#12043 = LINE('',#12044,#12045);
#12044 = CARTESIAN_POINT('',(-0.16,-7.94,2.54));
#12045 = VECTOR('',#12046,1.);
#12046 = DIRECTION('',(-1.,0.,0.));
#12047 = ORIENTED_EDGE('',*,*,#12048,.T.);
#12048 = EDGE_CURVE('',#12041,#12025,#12049,.T.);
#12049 = LINE('',#12050,#12051);
#12050 = CARTESIAN_POINT('',(-0.32,-9.05,2.54));
#12051 = VECTOR('',#12052,1.);
#12052 = DIRECTION('',(0.,1.,0.));
#12053 = FACE_BOUND('',#12054,.T.);
#12054 = EDGE_LOOP('',(#12055,#12065,#12073,#12081));
#12055 = ORIENTED_EDGE('',*,*,#12056,.F.);
#12056 = EDGE_CURVE('',#12057,#12059,#12061,.T.);
#12057 = VERTEX_POINT('',#12058);
#12058 = CARTESIAN_POINT('',(0.32,-15.56,2.54));
#12059 = VERTEX_POINT('',#12060);
#12060 = CARTESIAN_POINT('',(0.32,-14.92,2.54));
#12061 = LINE('',#12062,#12063);
#12062 = CARTESIAN_POINT('',(0.32,-12.86,2.54));
#12063 = VECTOR('',#12064,1.);
#12064 = DIRECTION('',(0.,1.,0.));
#12065 = ORIENTED_EDGE('',*,*,#12066,.T.);
#12066 = EDGE_CURVE('',#12057,#12067,#12069,.T.);
#12067 = VERTEX_POINT('',#12068);
#12068 = CARTESIAN_POINT('',(-0.32,-15.56,2.54));
#12069 = LINE('',#12070,#12071);
#12070 = CARTESIAN_POINT('',(-0.16,-15.56,2.54));
#12071 = VECTOR('',#12072,1.);
#12072 = DIRECTION('',(-1.,0.,0.));
#12073 = ORIENTED_EDGE('',*,*,#12074,.T.);
#12074 = EDGE_CURVE('',#12067,#12075,#12077,.T.);
#12075 = VERTEX_POINT('',#12076);
#12076 = CARTESIAN_POINT('',(-0.32,-14.92,2.54));
#12077 = LINE('',#12078,#12079);
#12078 = CARTESIAN_POINT('',(-0.32,-12.86,2.54));
#12079 = VECTOR('',#12080,1.);
#12080 = DIRECTION('',(0.,1.,0.));
#12081 = ORIENTED_EDGE('',*,*,#12082,.F.);
#12082 = EDGE_CURVE('',#12059,#12075,#12083,.T.);
#12083 = LINE('',#12084,#12085);
#12084 = CARTESIAN_POINT('',(-0.16,-14.92,2.54));
#12085 = VECTOR('',#12086,1.);
#12086 = DIRECTION('',(-1.,0.,0.));
#12087 = FACE_BOUND('',#12088,.T.);
#12088 = EDGE_LOOP('',(#12089,#12099,#12107,#12115));
#12089 = ORIENTED_EDGE('',*,*,#12090,.F.);
#12090 = EDGE_CURVE('',#12091,#12093,#12095,.T.);
#12091 = VERTEX_POINT('',#12092);
#12092 = CARTESIAN_POINT('',(0.32,-9.84,2.54));
#12093 = VERTEX_POINT('',#12094);
#12094 = CARTESIAN_POINT('',(-0.32,-9.84,2.54));
#12095 = LINE('',#12096,#12097);
#12096 = CARTESIAN_POINT('',(-0.16,-9.84,2.54));
#12097 = VECTOR('',#12098,1.);
#12098 = DIRECTION('',(-1.,0.,0.));
#12099 = ORIENTED_EDGE('',*,*,#12100,.F.);
#12100 = EDGE_CURVE('',#12101,#12091,#12103,.T.);
#12101 = VERTEX_POINT('',#12102);
#12102 = CARTESIAN_POINT('',(0.32,-10.48,2.54));
#12103 = LINE('',#12104,#12105);
#12104 = CARTESIAN_POINT('',(0.32,-10.32,2.54));
#12105 = VECTOR('',#12106,1.);
#12106 = DIRECTION('',(0.,1.,0.));
#12107 = ORIENTED_EDGE('',*,*,#12108,.T.);
#12108 = EDGE_CURVE('',#12101,#12109,#12111,.T.);
#12109 = VERTEX_POINT('',#12110);
#12110 = CARTESIAN_POINT('',(-0.32,-10.48,2.54));
#12111 = LINE('',#12112,#12113);
#12112 = CARTESIAN_POINT('',(-0.16,-10.48,2.54));
#12113 = VECTOR('',#12114,1.);
#12114 = DIRECTION('',(-1.,0.,0.));
#12115 = ORIENTED_EDGE('',*,*,#12116,.T.);
#12116 = EDGE_CURVE('',#12109,#12093,#12117,.T.);
#12117 = LINE('',#12118,#12119);
#12118 = CARTESIAN_POINT('',(-0.32,-10.32,2.54));
#12119 = VECTOR('',#12120,1.);
#12120 = DIRECTION('',(0.,1.,0.));
#12121 = FACE_BOUND('',#12122,.T.);
#12122 = EDGE_LOOP('',(#12123,#12133,#12141,#12149));
#12123 = ORIENTED_EDGE('',*,*,#12124,.T.);
#12124 = EDGE_CURVE('',#12125,#12127,#12129,.T.);
#12125 = VERTEX_POINT('',#12126);
#12126 = CARTESIAN_POINT('',(0.32,-13.02,2.54));
#12127 = VERTEX_POINT('',#12128);
#12128 = CARTESIAN_POINT('',(-0.32,-13.02,2.54));
#12129 = LINE('',#12130,#12131);
#12130 = CARTESIAN_POINT('',(-0.16,-13.02,2.54));
#12131 = VECTOR('',#12132,1.);
#12132 = DIRECTION('',(-1.,0.,0.));
#12133 = ORIENTED_EDGE('',*,*,#12134,.T.);
#12134 = EDGE_CURVE('',#12127,#12135,#12137,.T.);
#12135 = VERTEX_POINT('',#12136);
#12136 = CARTESIAN_POINT('',(-0.32,-12.38,2.54));
#12137 = LINE('',#12138,#12139);
#12138 = CARTESIAN_POINT('',(-0.32,-11.59,2.54));
#12139 = VECTOR('',#12140,1.);
#12140 = DIRECTION('',(0.,1.,0.));
#12141 = ORIENTED_EDGE('',*,*,#12142,.F.);
#12142 = EDGE_CURVE('',#12143,#12135,#12145,.T.);
#12143 = VERTEX_POINT('',#12144);
#12144 = CARTESIAN_POINT('',(0.32,-12.38,2.54));
#12145 = LINE('',#12146,#12147);
#12146 = CARTESIAN_POINT('',(-0.16,-12.38,2.54));
#12147 = VECTOR('',#12148,1.);
#12148 = DIRECTION('',(-1.,0.,0.));
#12149 = ORIENTED_EDGE('',*,*,#12150,.F.);
#12150 = EDGE_CURVE('',#12125,#12143,#12151,.T.);
#12151 = LINE('',#12152,#12153);
#12152 = CARTESIAN_POINT('',(0.32,-11.59,2.54));
#12153 = VECTOR('',#12154,1.);
#12154 = DIRECTION('',(0.,1.,0.));
#12155 = FACE_BOUND('',#12156,.T.);
#12156 = EDGE_LOOP('',(#12157,#12167,#12175,#12183));
#12157 = ORIENTED_EDGE('',*,*,#12158,.F.);
#12158 = EDGE_CURVE('',#12159,#12161,#12163,.T.);
#12159 = VERTEX_POINT('',#12160);
#12160 = CARTESIAN_POINT('',(0.32,-20.64,2.54));
#12161 = VERTEX_POINT('',#12162);
#12162 = CARTESIAN_POINT('',(0.32,-20.,2.54));
#12163 = LINE('',#12164,#12165);
#12164 = CARTESIAN_POINT('',(0.32,-15.4,2.54));
#12165 = VECTOR('',#12166,1.);
#12166 = DIRECTION('',(0.,1.,0.));
#12167 = ORIENTED_EDGE('',*,*,#12168,.T.);
#12168 = EDGE_CURVE('',#12159,#12169,#12171,.T.);
#12169 = VERTEX_POINT('',#12170);
#12170 = CARTESIAN_POINT('',(-0.32,-20.64,2.54));
#12171 = LINE('',#12172,#12173);
#12172 = CARTESIAN_POINT('',(-0.16,-20.64,2.54));
#12173 = VECTOR('',#12174,1.);
#12174 = DIRECTION('',(-1.,0.,0.));
#12175 = ORIENTED_EDGE('',*,*,#12176,.T.);
#12176 = EDGE_CURVE('',#12169,#12177,#12179,.T.);
#12177 = VERTEX_POINT('',#12178);
#12178 = CARTESIAN_POINT('',(-0.32,-20.,2.54));
#12179 = LINE('',#12180,#12181);
#12180 = CARTESIAN_POINT('',(-0.32,-15.4,2.54));
#12181 = VECTOR('',#12182,1.);
#12182 = DIRECTION('',(0.,1.,0.));
#12183 = ORIENTED_EDGE('',*,*,#12184,.F.);
#12184 = EDGE_CURVE('',#12161,#12177,#12185,.T.);
#12185 = LINE('',#12186,#12187);
#12186 = CARTESIAN_POINT('',(-0.16,-20.,2.54));
#12187 = VECTOR('',#12188,1.);
#12188 = DIRECTION('',(-1.,0.,0.));
#12189 = FACE_BOUND('',#12190,.T.);
#12190 = EDGE_LOOP('',(#12191,#12201,#12209,#12217));
#12191 = ORIENTED_EDGE('',*,*,#12192,.F.);
#12192 = EDGE_CURVE('',#12193,#12195,#12197,.T.);
#12193 = VERTEX_POINT('',#12194);
#12194 = CARTESIAN_POINT('',(0.32,-17.46,2.54));
#12195 = VERTEX_POINT('',#12196);
#12196 = CARTESIAN_POINT('',(-0.32,-17.46,2.54));
#12197 = LINE('',#12198,#12199);
#12198 = CARTESIAN_POINT('',(-0.16,-17.46,2.54));
#12199 = VECTOR('',#12200,1.);
#12200 = DIRECTION('',(-1.,0.,0.));
#12201 = ORIENTED_EDGE('',*,*,#12202,.F.);
#12202 = EDGE_CURVE('',#12203,#12193,#12205,.T.);
#12203 = VERTEX_POINT('',#12204);
#12204 = CARTESIAN_POINT('',(0.32,-18.1,2.54));
#12205 = LINE('',#12206,#12207);
#12206 = CARTESIAN_POINT('',(0.32,-14.13,2.54));
#12207 = VECTOR('',#12208,1.);
#12208 = DIRECTION('',(0.,1.,0.));
#12209 = ORIENTED_EDGE('',*,*,#12210,.T.);
#12210 = EDGE_CURVE('',#12203,#12211,#12213,.T.);
#12211 = VERTEX_POINT('',#12212);
#12212 = CARTESIAN_POINT('',(-0.32,-18.1,2.54));
#12213 = LINE('',#12214,#12215);
#12214 = CARTESIAN_POINT('',(-0.16,-18.1,2.54));
#12215 = VECTOR('',#12216,1.);
#12216 = DIRECTION('',(-1.,0.,0.));
#12217 = ORIENTED_EDGE('',*,*,#12218,.T.);
#12218 = EDGE_CURVE('',#12211,#12195,#12219,.T.);
#12219 = LINE('',#12220,#12221);
#12220 = CARTESIAN_POINT('',(-0.32,-14.13,2.54));
#12221 = VECTOR('',#12222,1.);
#12222 = DIRECTION('',(0.,1.,0.));
#12223 = PLANE('',#12224);
#12224 = AXIS2_PLACEMENT_3D('',#12225,#12226,#12227);
#12225 = CARTESIAN_POINT('',(-1.243446532402E-17,-10.16,2.54));
#12226 = DIRECTION('',(0.,0.,1.));
#12227 = DIRECTION('',(1.,0.,-0.));
#12228 = ADVANCED_FACE('',(#12229),#12240,.F.);
#12229 = FACE_BOUND('',#12230,.F.);
#12230 = EDGE_LOOP('',(#12231,#12237,#12238,#12239));
#12231 = ORIENTED_EDGE('',*,*,#12232,.T.);
#12232 = EDGE_CURVE('',#11165,#11904,#12233,.T.);
#12233 = LINE('',#12234,#12235);
#12234 = CARTESIAN_POINT('',(1.27,1.016,0.));
#12235 = VECTOR('',#12236,1.);
#12236 = DIRECTION('',(0.,0.,1.));
#12237 = ORIENTED_EDGE('',*,*,#11911,.T.);
#12238 = ORIENTED_EDGE('',*,*,#10692,.F.);
#12239 = ORIENTED_EDGE('',*,*,#11172,.F.);
#12240 = PLANE('',#12241);
#12241 = AXIS2_PLACEMENT_3D('',#12242,#12243,#12244);
#12242 = CARTESIAN_POINT('',(1.27,1.016,0.));
#12243 = DIRECTION('',(-0.707106781187,-0.707106781187,0.));
#12244 = DIRECTION('',(-0.707106781187,0.707106781187,0.));
#12245 = ADVANCED_FACE('',(#12246),#12257,.F.);
#12246 = FACE_BOUND('',#12247,.F.);
#12247 = EDGE_LOOP('',(#12248,#12249,#12250,#12256));
#12248 = ORIENTED_EDGE('',*,*,#10732,.T.);
#12249 = ORIENTED_EDGE('',*,*,#11495,.T.);
#12250 = ORIENTED_EDGE('',*,*,#12251,.F.);
#12251 = EDGE_CURVE('',#10757,#11496,#12252,.T.);
#12252 = LINE('',#12253,#12254);
#12253 = CARTESIAN_POINT('',(-1.016,-1.27,0.));
#12254 = VECTOR('',#12255,1.);
#12255 = DIRECTION('',(0.,0.,1.));
#12256 = ORIENTED_EDGE('',*,*,#10756,.F.);
#12257 = PLANE('',#12258);
#12258 = AXIS2_PLACEMENT_3D('',#12259,#12260,#12261);
#12259 = CARTESIAN_POINT('',(-1.27,-1.016,0.));
#12260 = DIRECTION('',(0.707106781187,0.707106781187,0.));
#12261 = DIRECTION('',(0.707106781187,-0.707106781187,0.));
#12262 = ADVANCED_FACE('',(#12263),#12274,.F.);
#12263 = FACE_BOUND('',#12264,.F.);
#12264 = EDGE_LOOP('',(#12265,#12271,#12272,#12273));
#12265 = ORIENTED_EDGE('',*,*,#12266,.T.);
#12266 = EDGE_CURVE('',#11157,#11896,#12267,.T.);
#12267 = LINE('',#12268,#12269);
#12268 = CARTESIAN_POINT('',(1.27,-1.016,0.));
#12269 = VECTOR('',#12270,1.);
#12270 = DIRECTION('',(0.,0.,1.));
#12271 = ORIENTED_EDGE('',*,*,#11903,.T.);
#12272 = ORIENTED_EDGE('',*,*,#12232,.F.);
#12273 = ORIENTED_EDGE('',*,*,#11164,.F.);
#12274 = PLANE('',#12275);
#12275 = AXIS2_PLACEMENT_3D('',#12276,#12277,#12278);
#12276 = CARTESIAN_POINT('',(1.27,-1.016,0.));
#12277 = DIRECTION('',(-1.,0.,0.));
#12278 = DIRECTION('',(0.,1.,0.));
#12279 = ADVANCED_FACE('',(#12280),#12291,.F.);
#12280 = FACE_BOUND('',#12281,.F.);
#12281 = EDGE_LOOP('',(#12282,#12283,#12284,#12290));
#12282 = ORIENTED_EDGE('',*,*,#12251,.T.);
#12283 = ORIENTED_EDGE('',*,*,#11503,.T.);
#12284 = ORIENTED_EDGE('',*,*,#12285,.F.);
#12285 = EDGE_CURVE('',#10765,#11504,#12286,.T.);
#12286 = LINE('',#12287,#12288);
#12287 = CARTESIAN_POINT('',(-1.27,-1.524,0.));
#12288 = VECTOR('',#12289,1.);
#12289 = DIRECTION('',(0.,0.,1.));
#12290 = ORIENTED_EDGE('',*,*,#10764,.F.);
#12291 = PLANE('',#12292);
#12292 = AXIS2_PLACEMENT_3D('',#12293,#12294,#12295);
#12293 = CARTESIAN_POINT('',(-1.016,-1.27,0.));
#12294 = DIRECTION('',(0.707106781187,-0.707106781187,0.));
#12295 = DIRECTION('',(-0.707106781187,-0.707106781187,0.));
#12296 = ADVANCED_FACE('',(#12297),#12308,.F.);
#12297 = FACE_BOUND('',#12298,.F.);
#12298 = EDGE_LOOP('',(#12299,#12305,#12306,#12307));
#12299 = ORIENTED_EDGE('',*,*,#12300,.T.);
#12300 = EDGE_CURVE('',#11149,#11888,#12301,.T.);
#12301 = LINE('',#12302,#12303);
#12302 = CARTESIAN_POINT('',(1.016,-1.27,0.));
#12303 = VECTOR('',#12304,1.);
#12304 = DIRECTION('',(0.,0.,1.));
#12305 = ORIENTED_EDGE('',*,*,#11895,.T.);
#12306 = ORIENTED_EDGE('',*,*,#12266,.F.);
#12307 = ORIENTED_EDGE('',*,*,#11156,.F.);
#12308 = PLANE('',#12309);
#12309 = AXIS2_PLACEMENT_3D('',#12310,#12311,#12312);
#12310 = CARTESIAN_POINT('',(1.016,-1.27,0.));
#12311 = DIRECTION('',(-0.707106781187,0.707106781187,0.));
#12312 = DIRECTION('',(0.707106781187,0.707106781187,0.));
#12313 = ADVANCED_FACE('',(#12314),#12325,.F.);
#12314 = FACE_BOUND('',#12315,.F.);
#12315 = EDGE_LOOP('',(#12316,#12317,#12318,#12324));
#12316 = ORIENTED_EDGE('',*,*,#12285,.T.);
#12317 = ORIENTED_EDGE('',*,*,#11511,.T.);
#12318 = ORIENTED_EDGE('',*,*,#12319,.F.);
#12319 = EDGE_CURVE('',#10773,#11512,#12320,.T.);
#12320 = LINE('',#12321,#12322);
#12321 = CARTESIAN_POINT('',(-1.27,-3.556,0.));
#12322 = VECTOR('',#12323,1.);
#12323 = DIRECTION('',(0.,0.,1.));
#12324 = ORIENTED_EDGE('',*,*,#10772,.F.);
#12325 = PLANE('',#12326);
#12326 = AXIS2_PLACEMENT_3D('',#12327,#12328,#12329);
#12327 = CARTESIAN_POINT('',(-1.27,-1.524,0.));
#12328 = DIRECTION('',(1.,0.,0.));
#12329 = DIRECTION('',(0.,-1.,0.));
#12330 = ADVANCED_FACE('',(#12331),#12342,.F.);
#12331 = FACE_BOUND('',#12332,.F.);
#12332 = EDGE_LOOP('',(#12333,#12339,#12340,#12341));
#12333 = ORIENTED_EDGE('',*,*,#12334,.T.);
#12334 = EDGE_CURVE('',#11141,#11880,#12335,.T.);
#12335 = LINE('',#12336,#12337);
#12336 = CARTESIAN_POINT('',(1.27,-1.524,0.));
#12337 = VECTOR('',#12338,1.);
#12338 = DIRECTION('',(0.,0.,1.));
#12339 = ORIENTED_EDGE('',*,*,#11887,.T.);
#12340 = ORIENTED_EDGE('',*,*,#12300,.F.);
#12341 = ORIENTED_EDGE('',*,*,#11148,.F.);
#12342 = PLANE('',#12343);
#12343 = AXIS2_PLACEMENT_3D('',#12344,#12345,#12346);
#12344 = CARTESIAN_POINT('',(1.27,-1.524,0.));
#12345 = DIRECTION('',(-0.707106781187,-0.707106781187,0.));
#12346 = DIRECTION('',(-0.707106781187,0.707106781187,0.));
#12347 = ADVANCED_FACE('',(#12348),#12359,.F.);
#12348 = FACE_BOUND('',#12349,.F.);
#12349 = EDGE_LOOP('',(#12350,#12351,#12352,#12358));
#12350 = ORIENTED_EDGE('',*,*,#12319,.T.);
#12351 = ORIENTED_EDGE('',*,*,#11519,.T.);
#12352 = ORIENTED_EDGE('',*,*,#12353,.F.);
#12353 = EDGE_CURVE('',#10781,#11520,#12354,.T.);
#12354 = LINE('',#12355,#12356);
#12355 = CARTESIAN_POINT('',(-1.016,-3.81,0.));
#12356 = VECTOR('',#12357,1.);
#12357 = DIRECTION('',(0.,0.,1.));
#12358 = ORIENTED_EDGE('',*,*,#10780,.F.);
#12359 = PLANE('',#12360);
#12360 = AXIS2_PLACEMENT_3D('',#12361,#12362,#12363);
#12361 = CARTESIAN_POINT('',(-1.27,-3.556,0.));
#12362 = DIRECTION('',(0.707106781187,0.707106781187,0.));
#12363 = DIRECTION('',(0.707106781187,-0.707106781187,0.));
#12364 = ADVANCED_FACE('',(#12365),#12376,.F.);
#12365 = FACE_BOUND('',#12366,.F.);
#12366 = EDGE_LOOP('',(#12367,#12373,#12374,#12375));
#12367 = ORIENTED_EDGE('',*,*,#12368,.T.);
#12368 = EDGE_CURVE('',#11133,#11872,#12369,.T.);
#12369 = LINE('',#12370,#12371);
#12370 = CARTESIAN_POINT('',(1.27,-3.556,0.));
#12371 = VECTOR('',#12372,1.);
#12372 = DIRECTION('',(0.,0.,1.));
#12373 = ORIENTED_EDGE('',*,*,#11879,.T.);
#12374 = ORIENTED_EDGE('',*,*,#12334,.F.);
#12375 = ORIENTED_EDGE('',*,*,#11140,.F.);
#12376 = PLANE('',#12377);
#12377 = AXIS2_PLACEMENT_3D('',#12378,#12379,#12380);
#12378 = CARTESIAN_POINT('',(1.27,-3.556,0.));
#12379 = DIRECTION('',(-1.,0.,0.));
#12380 = DIRECTION('',(0.,1.,0.));
#12381 = ADVANCED_FACE('',(#12382),#12393,.F.);
#12382 = FACE_BOUND('',#12383,.F.);
#12383 = EDGE_LOOP('',(#12384,#12385,#12386,#12392));
#12384 = ORIENTED_EDGE('',*,*,#12353,.T.);
#12385 = ORIENTED_EDGE('',*,*,#11527,.T.);
#12386 = ORIENTED_EDGE('',*,*,#12387,.F.);
#12387 = EDGE_CURVE('',#10789,#11528,#12388,.T.);
#12388 = LINE('',#12389,#12390);
#12389 = CARTESIAN_POINT('',(-1.27,-4.064,0.));
#12390 = VECTOR('',#12391,1.);
#12391 = DIRECTION('',(0.,0.,1.));
#12392 = ORIENTED_EDGE('',*,*,#10788,.F.);
#12393 = PLANE('',#12394);
#12394 = AXIS2_PLACEMENT_3D('',#12395,#12396,#12397);
#12395 = CARTESIAN_POINT('',(-1.016,-3.81,0.));
#12396 = DIRECTION('',(0.707106781187,-0.707106781187,0.));
#12397 = DIRECTION('',(-0.707106781187,-0.707106781187,0.));
#12398 = ADVANCED_FACE('',(#12399),#12410,.F.);
#12399 = FACE_BOUND('',#12400,.F.);
#12400 = EDGE_LOOP('',(#12401,#12407,#12408,#12409));
#12401 = ORIENTED_EDGE('',*,*,#12402,.T.);
#12402 = EDGE_CURVE('',#11125,#11864,#12403,.T.);
#12403 = LINE('',#12404,#12405);
#12404 = CARTESIAN_POINT('',(1.016,-3.81,0.));
#12405 = VECTOR('',#12406,1.);
#12406 = DIRECTION('',(0.,0.,1.));
#12407 = ORIENTED_EDGE('',*,*,#11871,.T.);
#12408 = ORIENTED_EDGE('',*,*,#12368,.F.);
#12409 = ORIENTED_EDGE('',*,*,#11132,.F.);
#12410 = PLANE('',#12411);
#12411 = AXIS2_PLACEMENT_3D('',#12412,#12413,#12414);
#12412 = CARTESIAN_POINT('',(1.016,-3.81,0.));
#12413 = DIRECTION('',(-0.707106781187,0.707106781187,0.));
#12414 = DIRECTION('',(0.707106781187,0.707106781187,0.));
#12415 = ADVANCED_FACE('',(#12416),#12427,.F.);
#12416 = FACE_BOUND('',#12417,.F.);
#12417 = EDGE_LOOP('',(#12418,#12419,#12420,#12426));
#12418 = ORIENTED_EDGE('',*,*,#12387,.T.);
#12419 = ORIENTED_EDGE('',*,*,#11535,.T.);
#12420 = ORIENTED_EDGE('',*,*,#12421,.F.);
#12421 = EDGE_CURVE('',#10797,#11536,#12422,.T.);
#12422 = LINE('',#12423,#12424);
#12423 = CARTESIAN_POINT('',(-1.27,-6.096,0.));
#12424 = VECTOR('',#12425,1.);
#12425 = DIRECTION('',(0.,0.,1.));
#12426 = ORIENTED_EDGE('',*,*,#10796,.F.);
#12427 = PLANE('',#12428);
#12428 = AXIS2_PLACEMENT_3D('',#12429,#12430,#12431);
#12429 = CARTESIAN_POINT('',(-1.27,-4.064,0.));
#12430 = DIRECTION('',(1.,0.,0.));
#12431 = DIRECTION('',(0.,-1.,0.));
#12432 = ADVANCED_FACE('',(#12433),#12444,.F.);
#12433 = FACE_BOUND('',#12434,.F.);
#12434 = EDGE_LOOP('',(#12435,#12441,#12442,#12443));
#12435 = ORIENTED_EDGE('',*,*,#12436,.T.);
#12436 = EDGE_CURVE('',#11117,#11856,#12437,.T.);
#12437 = LINE('',#12438,#12439);
#12438 = CARTESIAN_POINT('',(1.27,-4.064,0.));
#12439 = VECTOR('',#12440,1.);
#12440 = DIRECTION('',(0.,0.,1.));
#12441 = ORIENTED_EDGE('',*,*,#11863,.T.);
#12442 = ORIENTED_EDGE('',*,*,#12402,.F.);
#12443 = ORIENTED_EDGE('',*,*,#11124,.F.);
#12444 = PLANE('',#12445);
#12445 = AXIS2_PLACEMENT_3D('',#12446,#12447,#12448);
#12446 = CARTESIAN_POINT('',(1.27,-4.064,0.));
#12447 = DIRECTION('',(-0.707106781187,-0.707106781187,0.));
#12448 = DIRECTION('',(-0.707106781187,0.707106781187,0.));
#12449 = ADVANCED_FACE('',(#12450),#12461,.F.);
#12450 = FACE_BOUND('',#12451,.F.);
#12451 = EDGE_LOOP('',(#12452,#12453,#12454,#12460));
#12452 = ORIENTED_EDGE('',*,*,#12421,.T.);
#12453 = ORIENTED_EDGE('',*,*,#11543,.T.);
#12454 = ORIENTED_EDGE('',*,*,#12455,.F.);
#12455 = EDGE_CURVE('',#10805,#11544,#12456,.T.);
#12456 = LINE('',#12457,#12458);
#12457 = CARTESIAN_POINT('',(-1.016,-6.35,0.));
#12458 = VECTOR('',#12459,1.);
#12459 = DIRECTION('',(0.,0.,1.));
#12460 = ORIENTED_EDGE('',*,*,#10804,.F.);
#12461 = PLANE('',#12462);
#12462 = AXIS2_PLACEMENT_3D('',#12463,#12464,#12465);
#12463 = CARTESIAN_POINT('',(-1.27,-6.096,0.));
#12464 = DIRECTION('',(0.707106781187,0.707106781187,0.));
#12465 = DIRECTION('',(0.707106781187,-0.707106781187,0.));
#12466 = ADVANCED_FACE('',(#12467),#12478,.F.);
#12467 = FACE_BOUND('',#12468,.F.);
#12468 = EDGE_LOOP('',(#12469,#12475,#12476,#12477));
#12469 = ORIENTED_EDGE('',*,*,#12470,.T.);
#12470 = EDGE_CURVE('',#11109,#11848,#12471,.T.);
#12471 = LINE('',#12472,#12473);
#12472 = CARTESIAN_POINT('',(1.27,-6.096,0.));
#12473 = VECTOR('',#12474,1.);
#12474 = DIRECTION('',(0.,0.,1.));
#12475 = ORIENTED_EDGE('',*,*,#11855,.T.);
#12476 = ORIENTED_EDGE('',*,*,#12436,.F.);
#12477 = ORIENTED_EDGE('',*,*,#11116,.F.);
#12478 = PLANE('',#12479);
#12479 = AXIS2_PLACEMENT_3D('',#12480,#12481,#12482);
#12480 = CARTESIAN_POINT('',(1.27,-6.096,0.));
#12481 = DIRECTION('',(-1.,0.,0.));
#12482 = DIRECTION('',(0.,1.,0.));
#12483 = ADVANCED_FACE('',(#12484),#12495,.F.);
#12484 = FACE_BOUND('',#12485,.F.);
#12485 = EDGE_LOOP('',(#12486,#12487,#12488,#12494));
#12486 = ORIENTED_EDGE('',*,*,#12455,.T.);
#12487 = ORIENTED_EDGE('',*,*,#11551,.T.);
#12488 = ORIENTED_EDGE('',*,*,#12489,.F.);
#12489 = EDGE_CURVE('',#10813,#11552,#12490,.T.);
#12490 = LINE('',#12491,#12492);
#12491 = CARTESIAN_POINT('',(-1.27,-6.604,0.));
#12492 = VECTOR('',#12493,1.);
#12493 = DIRECTION('',(0.,0.,1.));
#12494 = ORIENTED_EDGE('',*,*,#10812,.F.);
#12495 = PLANE('',#12496);
#12496 = AXIS2_PLACEMENT_3D('',#12497,#12498,#12499);
#12497 = CARTESIAN_POINT('',(-1.016,-6.35,0.));
#12498 = DIRECTION('',(0.707106781187,-0.707106781187,0.));
#12499 = DIRECTION('',(-0.707106781187,-0.707106781187,0.));
#12500 = ADVANCED_FACE('',(#12501),#12512,.F.);
#12501 = FACE_BOUND('',#12502,.F.);
#12502 = EDGE_LOOP('',(#12503,#12509,#12510,#12511));
#12503 = ORIENTED_EDGE('',*,*,#12504,.T.);
#12504 = EDGE_CURVE('',#11101,#11840,#12505,.T.);
#12505 = LINE('',#12506,#12507);
#12506 = CARTESIAN_POINT('',(1.016,-6.35,0.));
#12507 = VECTOR('',#12508,1.);
#12508 = DIRECTION('',(0.,0.,1.));
#12509 = ORIENTED_EDGE('',*,*,#11847,.T.);
#12510 = ORIENTED_EDGE('',*,*,#12470,.F.);
#12511 = ORIENTED_EDGE('',*,*,#11108,.F.);
#12512 = PLANE('',#12513);
#12513 = AXIS2_PLACEMENT_3D('',#12514,#12515,#12516);
#12514 = CARTESIAN_POINT('',(1.016,-6.35,0.));
#12515 = DIRECTION('',(-0.707106781187,0.707106781187,0.));
#12516 = DIRECTION('',(0.707106781187,0.707106781187,0.));
#12517 = ADVANCED_FACE('',(#12518),#12529,.F.);
#12518 = FACE_BOUND('',#12519,.F.);
#12519 = EDGE_LOOP('',(#12520,#12521,#12522,#12528));
#12520 = ORIENTED_EDGE('',*,*,#12489,.T.);
#12521 = ORIENTED_EDGE('',*,*,#11559,.T.);
#12522 = ORIENTED_EDGE('',*,*,#12523,.F.);
#12523 = EDGE_CURVE('',#10821,#11560,#12524,.T.);
#12524 = LINE('',#12525,#12526);
#12525 = CARTESIAN_POINT('',(-1.27,-8.636,0.));
#12526 = VECTOR('',#12527,1.);
#12527 = DIRECTION('',(0.,0.,1.));
#12528 = ORIENTED_EDGE('',*,*,#10820,.F.);
#12529 = PLANE('',#12530);
#12530 = AXIS2_PLACEMENT_3D('',#12531,#12532,#12533);
#12531 = CARTESIAN_POINT('',(-1.27,-6.604,0.));
#12532 = DIRECTION('',(1.,0.,0.));
#12533 = DIRECTION('',(0.,-1.,0.));
#12534 = ADVANCED_FACE('',(#12535),#12546,.F.);
#12535 = FACE_BOUND('',#12536,.F.);
#12536 = EDGE_LOOP('',(#12537,#12543,#12544,#12545));
#12537 = ORIENTED_EDGE('',*,*,#12538,.T.);
#12538 = EDGE_CURVE('',#11093,#11832,#12539,.T.);
#12539 = LINE('',#12540,#12541);
#12540 = CARTESIAN_POINT('',(1.27,-6.604,0.));
#12541 = VECTOR('',#12542,1.);
#12542 = DIRECTION('',(0.,0.,1.));
#12543 = ORIENTED_EDGE('',*,*,#11839,.T.);
#12544 = ORIENTED_EDGE('',*,*,#12504,.F.);
#12545 = ORIENTED_EDGE('',*,*,#11100,.F.);
#12546 = PLANE('',#12547);
#12547 = AXIS2_PLACEMENT_3D('',#12548,#12549,#12550);
#12548 = CARTESIAN_POINT('',(1.27,-6.604,0.));
#12549 = DIRECTION('',(-0.707106781187,-0.707106781187,0.));
#12550 = DIRECTION('',(-0.707106781187,0.707106781187,0.));
#12551 = ADVANCED_FACE('',(#12552),#12563,.F.);
#12552 = FACE_BOUND('',#12553,.F.);
#12553 = EDGE_LOOP('',(#12554,#12555,#12556,#12562));
#12554 = ORIENTED_EDGE('',*,*,#12523,.T.);
#12555 = ORIENTED_EDGE('',*,*,#11567,.T.);
#12556 = ORIENTED_EDGE('',*,*,#12557,.F.);
#12557 = EDGE_CURVE('',#10829,#11568,#12558,.T.);
#12558 = LINE('',#12559,#12560);
#12559 = CARTESIAN_POINT('',(-1.016,-8.89,0.));
#12560 = VECTOR('',#12561,1.);
#12561 = DIRECTION('',(0.,0.,1.));
#12562 = ORIENTED_EDGE('',*,*,#10828,.F.);
#12563 = PLANE('',#12564);
#12564 = AXIS2_PLACEMENT_3D('',#12565,#12566,#12567);
#12565 = CARTESIAN_POINT('',(-1.27,-8.636,0.));
#12566 = DIRECTION('',(0.707106781187,0.707106781187,0.));
#12567 = DIRECTION('',(0.707106781187,-0.707106781187,0.));
#12568 = ADVANCED_FACE('',(#12569),#12580,.F.);
#12569 = FACE_BOUND('',#12570,.F.);
#12570 = EDGE_LOOP('',(#12571,#12577,#12578,#12579));
#12571 = ORIENTED_EDGE('',*,*,#12572,.T.);
#12572 = EDGE_CURVE('',#11085,#11824,#12573,.T.);
#12573 = LINE('',#12574,#12575);
#12574 = CARTESIAN_POINT('',(1.27,-8.636,0.));
#12575 = VECTOR('',#12576,1.);
#12576 = DIRECTION('',(0.,0.,1.));
#12577 = ORIENTED_EDGE('',*,*,#11831,.T.);
#12578 = ORIENTED_EDGE('',*,*,#12538,.F.);
#12579 = ORIENTED_EDGE('',*,*,#11092,.F.);
#12580 = PLANE('',#12581);
#12581 = AXIS2_PLACEMENT_3D('',#12582,#12583,#12584);
#12582 = CARTESIAN_POINT('',(1.27,-8.636,0.));
#12583 = DIRECTION('',(-1.,0.,0.));
#12584 = DIRECTION('',(0.,1.,0.));
#12585 = ADVANCED_FACE('',(#12586),#12597,.F.);
#12586 = FACE_BOUND('',#12587,.F.);
#12587 = EDGE_LOOP('',(#12588,#12589,#12590,#12596));
#12588 = ORIENTED_EDGE('',*,*,#12557,.T.);
#12589 = ORIENTED_EDGE('',*,*,#11575,.T.);
#12590 = ORIENTED_EDGE('',*,*,#12591,.F.);
#12591 = EDGE_CURVE('',#10837,#11576,#12592,.T.);
#12592 = LINE('',#12593,#12594);
#12593 = CARTESIAN_POINT('',(-1.27,-9.144,0.));
#12594 = VECTOR('',#12595,1.);
#12595 = DIRECTION('',(0.,0.,1.));
#12596 = ORIENTED_EDGE('',*,*,#10836,.F.);
#12597 = PLANE('',#12598);
#12598 = AXIS2_PLACEMENT_3D('',#12599,#12600,#12601);
#12599 = CARTESIAN_POINT('',(-1.016,-8.89,0.));
#12600 = DIRECTION('',(0.707106781187,-0.707106781187,0.));
#12601 = DIRECTION('',(-0.707106781187,-0.707106781187,0.));
#12602 = ADVANCED_FACE('',(#12603),#12614,.F.);
#12603 = FACE_BOUND('',#12604,.F.);
#12604 = EDGE_LOOP('',(#12605,#12611,#12612,#12613));
#12605 = ORIENTED_EDGE('',*,*,#12606,.T.);
#12606 = EDGE_CURVE('',#11077,#11816,#12607,.T.);
#12607 = LINE('',#12608,#12609);
#12608 = CARTESIAN_POINT('',(1.016,-8.89,0.));
#12609 = VECTOR('',#12610,1.);
#12610 = DIRECTION('',(0.,0.,1.));
#12611 = ORIENTED_EDGE('',*,*,#11823,.T.);
#12612 = ORIENTED_EDGE('',*,*,#12572,.F.);
#12613 = ORIENTED_EDGE('',*,*,#11084,.F.);
#12614 = PLANE('',#12615);
#12615 = AXIS2_PLACEMENT_3D('',#12616,#12617,#12618);
#12616 = CARTESIAN_POINT('',(1.016,-8.89,0.));
#12617 = DIRECTION('',(-0.707106781187,0.707106781187,0.));
#12618 = DIRECTION('',(0.707106781187,0.707106781187,0.));
#12619 = ADVANCED_FACE('',(#12620),#12631,.F.);
#12620 = FACE_BOUND('',#12621,.F.);
#12621 = EDGE_LOOP('',(#12622,#12623,#12624,#12630));
#12622 = ORIENTED_EDGE('',*,*,#12591,.T.);
#12623 = ORIENTED_EDGE('',*,*,#11583,.T.);
#12624 = ORIENTED_EDGE('',*,*,#12625,.F.);
#12625 = EDGE_CURVE('',#10845,#11584,#12626,.T.);
#12626 = LINE('',#12627,#12628);
#12627 = CARTESIAN_POINT('',(-1.27,-11.176,0.));
#12628 = VECTOR('',#12629,1.);
#12629 = DIRECTION('',(0.,0.,1.));
#12630 = ORIENTED_EDGE('',*,*,#10844,.F.);
#12631 = PLANE('',#12632);
#12632 = AXIS2_PLACEMENT_3D('',#12633,#12634,#12635);
#12633 = CARTESIAN_POINT('',(-1.27,-9.144,0.));
#12634 = DIRECTION('',(1.,0.,0.));
#12635 = DIRECTION('',(0.,-1.,0.));
#12636 = ADVANCED_FACE('',(#12637),#12648,.F.);
#12637 = FACE_BOUND('',#12638,.F.);
#12638 = EDGE_LOOP('',(#12639,#12645,#12646,#12647));
#12639 = ORIENTED_EDGE('',*,*,#12640,.T.);
#12640 = EDGE_CURVE('',#11069,#11808,#12641,.T.);
#12641 = LINE('',#12642,#12643);
#12642 = CARTESIAN_POINT('',(1.27,-9.144,0.));
#12643 = VECTOR('',#12644,1.);
#12644 = DIRECTION('',(0.,0.,1.));
#12645 = ORIENTED_EDGE('',*,*,#11815,.T.);
#12646 = ORIENTED_EDGE('',*,*,#12606,.F.);
#12647 = ORIENTED_EDGE('',*,*,#11076,.F.);
#12648 = PLANE('',#12649);
#12649 = AXIS2_PLACEMENT_3D('',#12650,#12651,#12652);
#12650 = CARTESIAN_POINT('',(1.27,-9.144,0.));
#12651 = DIRECTION('',(-0.707106781187,-0.707106781187,0.));
#12652 = DIRECTION('',(-0.707106781187,0.707106781187,0.));
#12653 = ADVANCED_FACE('',(#12654),#12665,.F.);
#12654 = FACE_BOUND('',#12655,.F.);
#12655 = EDGE_LOOP('',(#12656,#12657,#12658,#12664));
#12656 = ORIENTED_EDGE('',*,*,#12625,.T.);
#12657 = ORIENTED_EDGE('',*,*,#11591,.T.);
#12658 = ORIENTED_EDGE('',*,*,#12659,.F.);
#12659 = EDGE_CURVE('',#10853,#11592,#12660,.T.);
#12660 = LINE('',#12661,#12662);
#12661 = CARTESIAN_POINT('',(-1.016,-11.43,0.));
#12662 = VECTOR('',#12663,1.);
#12663 = DIRECTION('',(0.,0.,1.));
#12664 = ORIENTED_EDGE('',*,*,#10852,.F.);
#12665 = PLANE('',#12666);
#12666 = AXIS2_PLACEMENT_3D('',#12667,#12668,#12669);
#12667 = CARTESIAN_POINT('',(-1.27,-11.176,0.));
#12668 = DIRECTION('',(0.707106781187,0.707106781187,0.));
#12669 = DIRECTION('',(0.707106781187,-0.707106781187,0.));
#12670 = ADVANCED_FACE('',(#12671),#12682,.F.);
#12671 = FACE_BOUND('',#12672,.F.);
#12672 = EDGE_LOOP('',(#12673,#12679,#12680,#12681));
#12673 = ORIENTED_EDGE('',*,*,#12674,.T.);
#12674 = EDGE_CURVE('',#11061,#11800,#12675,.T.);
#12675 = LINE('',#12676,#12677);
#12676 = CARTESIAN_POINT('',(1.27,-11.176,0.));
#12677 = VECTOR('',#12678,1.);
#12678 = DIRECTION('',(0.,0.,1.));
#12679 = ORIENTED_EDGE('',*,*,#11807,.T.);
#12680 = ORIENTED_EDGE('',*,*,#12640,.F.);
#12681 = ORIENTED_EDGE('',*,*,#11068,.F.);
#12682 = PLANE('',#12683);
#12683 = AXIS2_PLACEMENT_3D('',#12684,#12685,#12686);
#12684 = CARTESIAN_POINT('',(1.27,-11.176,0.));
#12685 = DIRECTION('',(-1.,0.,0.));
#12686 = DIRECTION('',(0.,1.,0.));
#12687 = ADVANCED_FACE('',(#12688),#12699,.F.);
#12688 = FACE_BOUND('',#12689,.F.);
#12689 = EDGE_LOOP('',(#12690,#12691,#12692,#12698));
#12690 = ORIENTED_EDGE('',*,*,#12659,.T.);
#12691 = ORIENTED_EDGE('',*,*,#11599,.T.);
#12692 = ORIENTED_EDGE('',*,*,#12693,.F.);
#12693 = EDGE_CURVE('',#10861,#11600,#12694,.T.);
#12694 = LINE('',#12695,#12696);
#12695 = CARTESIAN_POINT('',(-1.27,-11.684,0.));
#12696 = VECTOR('',#12697,1.);
#12697 = DIRECTION('',(0.,0.,1.));
#12698 = ORIENTED_EDGE('',*,*,#10860,.F.);
#12699 = PLANE('',#12700);
#12700 = AXIS2_PLACEMENT_3D('',#12701,#12702,#12703);
#12701 = CARTESIAN_POINT('',(-1.016,-11.43,0.));
#12702 = DIRECTION('',(0.707106781187,-0.707106781187,0.));
#12703 = DIRECTION('',(-0.707106781187,-0.707106781187,0.));
#12704 = ADVANCED_FACE('',(#12705),#12716,.F.);
#12705 = FACE_BOUND('',#12706,.F.);
#12706 = EDGE_LOOP('',(#12707,#12713,#12714,#12715));
#12707 = ORIENTED_EDGE('',*,*,#12708,.T.);
#12708 = EDGE_CURVE('',#11053,#11792,#12709,.T.);
#12709 = LINE('',#12710,#12711);
#12710 = CARTESIAN_POINT('',(1.016,-11.43,0.));
#12711 = VECTOR('',#12712,1.);
#12712 = DIRECTION('',(0.,0.,1.));
#12713 = ORIENTED_EDGE('',*,*,#11799,.T.);
#12714 = ORIENTED_EDGE('',*,*,#12674,.F.);
#12715 = ORIENTED_EDGE('',*,*,#11060,.F.);
#12716 = PLANE('',#12717);
#12717 = AXIS2_PLACEMENT_3D('',#12718,#12719,#12720);
#12718 = CARTESIAN_POINT('',(1.016,-11.43,0.));
#12719 = DIRECTION('',(-0.707106781187,0.707106781187,0.));
#12720 = DIRECTION('',(0.707106781187,0.707106781187,0.));
#12721 = ADVANCED_FACE('',(#12722),#12733,.F.);
#12722 = FACE_BOUND('',#12723,.F.);
#12723 = EDGE_LOOP('',(#12724,#12725,#12726,#12732));
#12724 = ORIENTED_EDGE('',*,*,#12693,.T.);
#12725 = ORIENTED_EDGE('',*,*,#11607,.T.);
#12726 = ORIENTED_EDGE('',*,*,#12727,.F.);
#12727 = EDGE_CURVE('',#10869,#11608,#12728,.T.);
#12728 = LINE('',#12729,#12730);
#12729 = CARTESIAN_POINT('',(-1.27,-13.716,0.));
#12730 = VECTOR('',#12731,1.);
#12731 = DIRECTION('',(0.,0.,1.));
#12732 = ORIENTED_EDGE('',*,*,#10868,.F.);
#12733 = PLANE('',#12734);
#12734 = AXIS2_PLACEMENT_3D('',#12735,#12736,#12737);
#12735 = CARTESIAN_POINT('',(-1.27,-11.684,0.));
#12736 = DIRECTION('',(1.,0.,0.));
#12737 = DIRECTION('',(0.,-1.,0.));
#12738 = ADVANCED_FACE('',(#12739),#12750,.F.);
#12739 = FACE_BOUND('',#12740,.F.);
#12740 = EDGE_LOOP('',(#12741,#12747,#12748,#12749));
#12741 = ORIENTED_EDGE('',*,*,#12742,.T.);
#12742 = EDGE_CURVE('',#11045,#11784,#12743,.T.);
#12743 = LINE('',#12744,#12745);
#12744 = CARTESIAN_POINT('',(1.27,-11.684,0.));
#12745 = VECTOR('',#12746,1.);
#12746 = DIRECTION('',(0.,0.,1.));
#12747 = ORIENTED_EDGE('',*,*,#11791,.T.);
#12748 = ORIENTED_EDGE('',*,*,#12708,.F.);
#12749 = ORIENTED_EDGE('',*,*,#11052,.F.);
#12750 = PLANE('',#12751);
#12751 = AXIS2_PLACEMENT_3D('',#12752,#12753,#12754);
#12752 = CARTESIAN_POINT('',(1.27,-11.684,0.));
#12753 = DIRECTION('',(-0.707106781187,-0.707106781187,0.));
#12754 = DIRECTION('',(-0.707106781187,0.707106781187,0.));
#12755 = ADVANCED_FACE('',(#12756),#12767,.F.);
#12756 = FACE_BOUND('',#12757,.F.);
#12757 = EDGE_LOOP('',(#12758,#12759,#12760,#12766));
#12758 = ORIENTED_EDGE('',*,*,#12727,.T.);
#12759 = ORIENTED_EDGE('',*,*,#11615,.T.);
#12760 = ORIENTED_EDGE('',*,*,#12761,.F.);
#12761 = EDGE_CURVE('',#10877,#11616,#12762,.T.);
#12762 = LINE('',#12763,#12764);
#12763 = CARTESIAN_POINT('',(-1.016,-13.97,0.));
#12764 = VECTOR('',#12765,1.);
#12765 = DIRECTION('',(0.,0.,1.));
#12766 = ORIENTED_EDGE('',*,*,#10876,.F.);
#12767 = PLANE('',#12768);
#12768 = AXIS2_PLACEMENT_3D('',#12769,#12770,#12771);
#12769 = CARTESIAN_POINT('',(-1.27,-13.716,0.));
#12770 = DIRECTION('',(0.707106781187,0.707106781187,0.));
#12771 = DIRECTION('',(0.707106781187,-0.707106781187,0.));
#12772 = ADVANCED_FACE('',(#12773),#12784,.F.);
#12773 = FACE_BOUND('',#12774,.F.);
#12774 = EDGE_LOOP('',(#12775,#12781,#12782,#12783));
#12775 = ORIENTED_EDGE('',*,*,#12776,.T.);
#12776 = EDGE_CURVE('',#11037,#11776,#12777,.T.);
#12777 = LINE('',#12778,#12779);
#12778 = CARTESIAN_POINT('',(1.27,-13.716,0.));
#12779 = VECTOR('',#12780,1.);
#12780 = DIRECTION('',(0.,0.,1.));
#12781 = ORIENTED_EDGE('',*,*,#11783,.T.);
#12782 = ORIENTED_EDGE('',*,*,#12742,.F.);
#12783 = ORIENTED_EDGE('',*,*,#11044,.F.);
#12784 = PLANE('',#12785);
#12785 = AXIS2_PLACEMENT_3D('',#12786,#12787,#12788);
#12786 = CARTESIAN_POINT('',(1.27,-13.716,0.));
#12787 = DIRECTION('',(-1.,0.,0.));
#12788 = DIRECTION('',(0.,1.,0.));
#12789 = ADVANCED_FACE('',(#12790),#12801,.F.);
#12790 = FACE_BOUND('',#12791,.F.);
#12791 = EDGE_LOOP('',(#12792,#12793,#12794,#12800));
#12792 = ORIENTED_EDGE('',*,*,#12761,.T.);
#12793 = ORIENTED_EDGE('',*,*,#11623,.T.);
#12794 = ORIENTED_EDGE('',*,*,#12795,.F.);
#12795 = EDGE_CURVE('',#10885,#11624,#12796,.T.);
#12796 = LINE('',#12797,#12798);
#12797 = CARTESIAN_POINT('',(-1.27,-14.224,0.));
#12798 = VECTOR('',#12799,1.);
#12799 = DIRECTION('',(0.,0.,1.));
#12800 = ORIENTED_EDGE('',*,*,#10884,.F.);
#12801 = PLANE('',#12802);
#12802 = AXIS2_PLACEMENT_3D('',#12803,#12804,#12805);
#12803 = CARTESIAN_POINT('',(-1.016,-13.97,0.));
#12804 = DIRECTION('',(0.707106781187,-0.707106781187,0.));
#12805 = DIRECTION('',(-0.707106781187,-0.707106781187,0.));
#12806 = ADVANCED_FACE('',(#12807),#12818,.F.);
#12807 = FACE_BOUND('',#12808,.F.);
#12808 = EDGE_LOOP('',(#12809,#12815,#12816,#12817));
#12809 = ORIENTED_EDGE('',*,*,#12810,.T.);
#12810 = EDGE_CURVE('',#11029,#11768,#12811,.T.);
#12811 = LINE('',#12812,#12813);
#12812 = CARTESIAN_POINT('',(1.016,-13.97,0.));
#12813 = VECTOR('',#12814,1.);
#12814 = DIRECTION('',(0.,0.,1.));
#12815 = ORIENTED_EDGE('',*,*,#11775,.T.);
#12816 = ORIENTED_EDGE('',*,*,#12776,.F.);
#12817 = ORIENTED_EDGE('',*,*,#11036,.F.);
#12818 = PLANE('',#12819);
#12819 = AXIS2_PLACEMENT_3D('',#12820,#12821,#12822);
#12820 = CARTESIAN_POINT('',(1.016,-13.97,0.));
#12821 = DIRECTION('',(-0.707106781187,0.707106781187,0.));
#12822 = DIRECTION('',(0.707106781187,0.707106781187,0.));
#12823 = ADVANCED_FACE('',(#12824),#12835,.F.);
#12824 = FACE_BOUND('',#12825,.F.);
#12825 = EDGE_LOOP('',(#12826,#12827,#12828,#12834));
#12826 = ORIENTED_EDGE('',*,*,#12795,.T.);
#12827 = ORIENTED_EDGE('',*,*,#11631,.T.);
#12828 = ORIENTED_EDGE('',*,*,#12829,.F.);
#12829 = EDGE_CURVE('',#10893,#11632,#12830,.T.);
#12830 = LINE('',#12831,#12832);
#12831 = CARTESIAN_POINT('',(-1.27,-16.256,0.));
#12832 = VECTOR('',#12833,1.);
#12833 = DIRECTION('',(0.,0.,1.));
#12834 = ORIENTED_EDGE('',*,*,#10892,.F.);
#12835 = PLANE('',#12836);
#12836 = AXIS2_PLACEMENT_3D('',#12837,#12838,#12839);
#12837 = CARTESIAN_POINT('',(-1.27,-14.224,0.));
#12838 = DIRECTION('',(1.,0.,0.));
#12839 = DIRECTION('',(0.,-1.,0.));
#12840 = ADVANCED_FACE('',(#12841),#12852,.F.);
#12841 = FACE_BOUND('',#12842,.F.);
#12842 = EDGE_LOOP('',(#12843,#12849,#12850,#12851));
#12843 = ORIENTED_EDGE('',*,*,#12844,.T.);
#12844 = EDGE_CURVE('',#11021,#11760,#12845,.T.);
#12845 = LINE('',#12846,#12847);
#12846 = CARTESIAN_POINT('',(1.27,-14.224,0.));
#12847 = VECTOR('',#12848,1.);
#12848 = DIRECTION('',(0.,0.,1.));
#12849 = ORIENTED_EDGE('',*,*,#11767,.T.);
#12850 = ORIENTED_EDGE('',*,*,#12810,.F.);
#12851 = ORIENTED_EDGE('',*,*,#11028,.F.);
#12852 = PLANE('',#12853);
#12853 = AXIS2_PLACEMENT_3D('',#12854,#12855,#12856);
#12854 = CARTESIAN_POINT('',(1.27,-14.224,0.));
#12855 = DIRECTION('',(-0.707106781187,-0.707106781187,0.));
#12856 = DIRECTION('',(-0.707106781187,0.707106781187,0.));
#12857 = ADVANCED_FACE('',(#12858),#12869,.F.);
#12858 = FACE_BOUND('',#12859,.F.);
#12859 = EDGE_LOOP('',(#12860,#12861,#12862,#12868));
#12860 = ORIENTED_EDGE('',*,*,#12829,.T.);
#12861 = ORIENTED_EDGE('',*,*,#11639,.T.);
#12862 = ORIENTED_EDGE('',*,*,#12863,.F.);
#12863 = EDGE_CURVE('',#10901,#11640,#12864,.T.);
#12864 = LINE('',#12865,#12866);
#12865 = CARTESIAN_POINT('',(-1.016,-16.51,0.));
#12866 = VECTOR('',#12867,1.);
#12867 = DIRECTION('',(0.,0.,1.));
#12868 = ORIENTED_EDGE('',*,*,#10900,.F.);
#12869 = PLANE('',#12870);
#12870 = AXIS2_PLACEMENT_3D('',#12871,#12872,#12873);
#12871 = CARTESIAN_POINT('',(-1.27,-16.256,0.));
#12872 = DIRECTION('',(0.707106781187,0.707106781187,0.));
#12873 = DIRECTION('',(0.707106781187,-0.707106781187,0.));
#12874 = ADVANCED_FACE('',(#12875),#12886,.F.);
#12875 = FACE_BOUND('',#12876,.F.);
#12876 = EDGE_LOOP('',(#12877,#12883,#12884,#12885));
#12877 = ORIENTED_EDGE('',*,*,#12878,.T.);
#12878 = EDGE_CURVE('',#11013,#11752,#12879,.T.);
#12879 = LINE('',#12880,#12881);
#12880 = CARTESIAN_POINT('',(1.27,-16.256,0.));
#12881 = VECTOR('',#12882,1.);
#12882 = DIRECTION('',(0.,0.,1.));
#12883 = ORIENTED_EDGE('',*,*,#11759,.T.);
#12884 = ORIENTED_EDGE('',*,*,#12844,.F.);
#12885 = ORIENTED_EDGE('',*,*,#11020,.F.);
#12886 = PLANE('',#12887);
#12887 = AXIS2_PLACEMENT_3D('',#12888,#12889,#12890);
#12888 = CARTESIAN_POINT('',(1.27,-16.256,0.));
#12889 = DIRECTION('',(-1.,0.,0.));
#12890 = DIRECTION('',(0.,1.,0.));
#12891 = ADVANCED_FACE('',(#12892),#12903,.F.);
#12892 = FACE_BOUND('',#12893,.F.);
#12893 = EDGE_LOOP('',(#12894,#12895,#12896,#12902));
#12894 = ORIENTED_EDGE('',*,*,#12863,.T.);
#12895 = ORIENTED_EDGE('',*,*,#11647,.T.);
#12896 = ORIENTED_EDGE('',*,*,#12897,.F.);
#12897 = EDGE_CURVE('',#10909,#11648,#12898,.T.);
#12898 = LINE('',#12899,#12900);
#12899 = CARTESIAN_POINT('',(-1.27,-16.764,0.));
#12900 = VECTOR('',#12901,1.);
#12901 = DIRECTION('',(0.,0.,1.));
#12902 = ORIENTED_EDGE('',*,*,#10908,.F.);
#12903 = PLANE('',#12904);
#12904 = AXIS2_PLACEMENT_3D('',#12905,#12906,#12907);
#12905 = CARTESIAN_POINT('',(-1.016,-16.51,0.));
#12906 = DIRECTION('',(0.707106781187,-0.707106781187,0.));
#12907 = DIRECTION('',(-0.707106781187,-0.707106781187,0.));
#12908 = ADVANCED_FACE('',(#12909),#12920,.F.);
#12909 = FACE_BOUND('',#12910,.F.);
#12910 = EDGE_LOOP('',(#12911,#12917,#12918,#12919));
#12911 = ORIENTED_EDGE('',*,*,#12912,.T.);
#12912 = EDGE_CURVE('',#11005,#11744,#12913,.T.);
#12913 = LINE('',#12914,#12915);
#12914 = CARTESIAN_POINT('',(1.016,-16.51,0.));
#12915 = VECTOR('',#12916,1.);
#12916 = DIRECTION('',(0.,0.,1.));
#12917 = ORIENTED_EDGE('',*,*,#11751,.T.);
#12918 = ORIENTED_EDGE('',*,*,#12878,.F.);
#12919 = ORIENTED_EDGE('',*,*,#11012,.F.);
#12920 = PLANE('',#12921);
#12921 = AXIS2_PLACEMENT_3D('',#12922,#12923,#12924);
#12922 = CARTESIAN_POINT('',(1.016,-16.51,0.));
#12923 = DIRECTION('',(-0.707106781187,0.707106781187,0.));
#12924 = DIRECTION('',(0.707106781187,0.707106781187,0.));
#12925 = ADVANCED_FACE('',(#12926),#12937,.F.);
#12926 = FACE_BOUND('',#12927,.F.);
#12927 = EDGE_LOOP('',(#12928,#12929,#12930,#12936));
#12928 = ORIENTED_EDGE('',*,*,#12897,.T.);
#12929 = ORIENTED_EDGE('',*,*,#11655,.T.);
#12930 = ORIENTED_EDGE('',*,*,#12931,.F.);
#12931 = EDGE_CURVE('',#10917,#11656,#12932,.T.);
#12932 = LINE('',#12933,#12934);
#12933 = CARTESIAN_POINT('',(-1.27,-18.796,0.));
#12934 = VECTOR('',#12935,1.);
#12935 = DIRECTION('',(0.,0.,1.));
#12936 = ORIENTED_EDGE('',*,*,#10916,.F.);
#12937 = PLANE('',#12938);
#12938 = AXIS2_PLACEMENT_3D('',#12939,#12940,#12941);
#12939 = CARTESIAN_POINT('',(-1.27,-16.764,0.));
#12940 = DIRECTION('',(1.,0.,0.));
#12941 = DIRECTION('',(0.,-1.,0.));
#12942 = ADVANCED_FACE('',(#12943),#12954,.F.);
#12943 = FACE_BOUND('',#12944,.F.);
#12944 = EDGE_LOOP('',(#12945,#12951,#12952,#12953));
#12945 = ORIENTED_EDGE('',*,*,#12946,.T.);
#12946 = EDGE_CURVE('',#10997,#11736,#12947,.T.);
#12947 = LINE('',#12948,#12949);
#12948 = CARTESIAN_POINT('',(1.27,-16.764,0.));
#12949 = VECTOR('',#12950,1.);
#12950 = DIRECTION('',(0.,0.,1.));
#12951 = ORIENTED_EDGE('',*,*,#11743,.T.);
#12952 = ORIENTED_EDGE('',*,*,#12912,.F.);
#12953 = ORIENTED_EDGE('',*,*,#11004,.F.);
#12954 = PLANE('',#12955);
#12955 = AXIS2_PLACEMENT_3D('',#12956,#12957,#12958);
#12956 = CARTESIAN_POINT('',(1.27,-16.764,0.));
#12957 = DIRECTION('',(-0.707106781187,-0.707106781187,0.));
#12958 = DIRECTION('',(-0.707106781187,0.707106781187,0.));
#12959 = ADVANCED_FACE('',(#12960),#12971,.F.);
#12960 = FACE_BOUND('',#12961,.F.);
#12961 = EDGE_LOOP('',(#12962,#12963,#12964,#12970));
#12962 = ORIENTED_EDGE('',*,*,#12931,.T.);
#12963 = ORIENTED_EDGE('',*,*,#11663,.T.);
#12964 = ORIENTED_EDGE('',*,*,#12965,.F.);
#12965 = EDGE_CURVE('',#10925,#11664,#12966,.T.);
#12966 = LINE('',#12967,#12968);
#12967 = CARTESIAN_POINT('',(-1.016,-19.05,0.));
#12968 = VECTOR('',#12969,1.);
#12969 = DIRECTION('',(0.,0.,1.));
#12970 = ORIENTED_EDGE('',*,*,#10924,.F.);
#12971 = PLANE('',#12972);
#12972 = AXIS2_PLACEMENT_3D('',#12973,#12974,#12975);
#12973 = CARTESIAN_POINT('',(-1.27,-18.796,0.));
#12974 = DIRECTION('',(0.707106781187,0.707106781187,0.));
#12975 = DIRECTION('',(0.707106781187,-0.707106781187,0.));
#12976 = ADVANCED_FACE('',(#12977),#12988,.F.);
#12977 = FACE_BOUND('',#12978,.F.);
#12978 = EDGE_LOOP('',(#12979,#12985,#12986,#12987));
#12979 = ORIENTED_EDGE('',*,*,#12980,.T.);
#12980 = EDGE_CURVE('',#10989,#11728,#12981,.T.);
#12981 = LINE('',#12982,#12983);
#12982 = CARTESIAN_POINT('',(1.27,-18.796,0.));
#12983 = VECTOR('',#12984,1.);
#12984 = DIRECTION('',(0.,0.,1.));
#12985 = ORIENTED_EDGE('',*,*,#11735,.T.);
#12986 = ORIENTED_EDGE('',*,*,#12946,.F.);
#12987 = ORIENTED_EDGE('',*,*,#10996,.F.);
#12988 = PLANE('',#12989);
#12989 = AXIS2_PLACEMENT_3D('',#12990,#12991,#12992);
#12990 = CARTESIAN_POINT('',(1.27,-18.796,0.));
#12991 = DIRECTION('',(-1.,0.,0.));
#12992 = DIRECTION('',(0.,1.,0.));
#12993 = ADVANCED_FACE('',(#12994),#13005,.F.);
#12994 = FACE_BOUND('',#12995,.F.);
#12995 = EDGE_LOOP('',(#12996,#12997,#12998,#13004));
#12996 = ORIENTED_EDGE('',*,*,#12965,.T.);
#12997 = ORIENTED_EDGE('',*,*,#11671,.T.);
#12998 = ORIENTED_EDGE('',*,*,#12999,.F.);
#12999 = EDGE_CURVE('',#10933,#11672,#13000,.T.);
#13000 = LINE('',#13001,#13002);
#13001 = CARTESIAN_POINT('',(-1.27,-19.304,0.));
#13002 = VECTOR('',#13003,1.);
#13003 = DIRECTION('',(0.,0.,1.));
#13004 = ORIENTED_EDGE('',*,*,#10932,.F.);
#13005 = PLANE('',#13006);
#13006 = AXIS2_PLACEMENT_3D('',#13007,#13008,#13009);
#13007 = CARTESIAN_POINT('',(-1.016,-19.05,0.));
#13008 = DIRECTION('',(0.707106781187,-0.707106781187,0.));
#13009 = DIRECTION('',(-0.707106781187,-0.707106781187,0.));
#13010 = ADVANCED_FACE('',(#13011),#13022,.F.);
#13011 = FACE_BOUND('',#13012,.F.);
#13012 = EDGE_LOOP('',(#13013,#13019,#13020,#13021));
#13013 = ORIENTED_EDGE('',*,*,#13014,.T.);
#13014 = EDGE_CURVE('',#10981,#11720,#13015,.T.);
#13015 = LINE('',#13016,#13017);
#13016 = CARTESIAN_POINT('',(1.016,-19.05,0.));
#13017 = VECTOR('',#13018,1.);
#13018 = DIRECTION('',(0.,0.,1.));
#13019 = ORIENTED_EDGE('',*,*,#11727,.T.);
#13020 = ORIENTED_EDGE('',*,*,#12980,.F.);
#13021 = ORIENTED_EDGE('',*,*,#10988,.F.);
#13022 = PLANE('',#13023);
#13023 = AXIS2_PLACEMENT_3D('',#13024,#13025,#13026);
#13024 = CARTESIAN_POINT('',(1.016,-19.05,0.));
#13025 = DIRECTION('',(-0.707106781187,0.707106781187,0.));
#13026 = DIRECTION('',(0.707106781187,0.707106781187,0.));
#13027 = ADVANCED_FACE('',(#13028),#13039,.F.);
#13028 = FACE_BOUND('',#13029,.F.);
#13029 = EDGE_LOOP('',(#13030,#13031,#13032,#13038));
#13030 = ORIENTED_EDGE('',*,*,#12999,.T.);
#13031 = ORIENTED_EDGE('',*,*,#11679,.T.);
#13032 = ORIENTED_EDGE('',*,*,#13033,.F.);
#13033 = EDGE_CURVE('',#10941,#11680,#13034,.T.);
#13034 = LINE('',#13035,#13036);
#13035 = CARTESIAN_POINT('',(-1.27,-21.336,0.));
#13036 = VECTOR('',#13037,1.);
#13037 = DIRECTION('',(0.,0.,1.));
#13038 = ORIENTED_EDGE('',*,*,#10940,.F.);
#13039 = PLANE('',#13040);
#13040 = AXIS2_PLACEMENT_3D('',#13041,#13042,#13043);
#13041 = CARTESIAN_POINT('',(-1.27,-19.304,0.));
#13042 = DIRECTION('',(1.,0.,0.));
#13043 = DIRECTION('',(0.,-1.,0.));
#13044 = ADVANCED_FACE('',(#13045),#13056,.F.);
#13045 = FACE_BOUND('',#13046,.F.);
#13046 = EDGE_LOOP('',(#13047,#13053,#13054,#13055));
#13047 = ORIENTED_EDGE('',*,*,#13048,.T.);
#13048 = EDGE_CURVE('',#10973,#11712,#13049,.T.);
#13049 = LINE('',#13050,#13051);
#13050 = CARTESIAN_POINT('',(1.27,-19.304,0.));
#13051 = VECTOR('',#13052,1.);
#13052 = DIRECTION('',(0.,0.,1.));
#13053 = ORIENTED_EDGE('',*,*,#11719,.T.);
#13054 = ORIENTED_EDGE('',*,*,#13014,.F.);
#13055 = ORIENTED_EDGE('',*,*,#10980,.F.);
#13056 = PLANE('',#13057);
#13057 = AXIS2_PLACEMENT_3D('',#13058,#13059,#13060);
#13058 = CARTESIAN_POINT('',(1.27,-19.304,0.));
#13059 = DIRECTION('',(-0.707106781187,-0.707106781187,0.));
#13060 = DIRECTION('',(-0.707106781187,0.707106781187,0.));
#13061 = ADVANCED_FACE('',(#13062),#13073,.F.);
#13062 = FACE_BOUND('',#13063,.F.);
#13063 = EDGE_LOOP('',(#13064,#13065,#13066,#13072));
#13064 = ORIENTED_EDGE('',*,*,#13033,.T.);
#13065 = ORIENTED_EDGE('',*,*,#11687,.T.);
#13066 = ORIENTED_EDGE('',*,*,#13067,.F.);
#13067 = EDGE_CURVE('',#10949,#11688,#13068,.T.);
#13068 = LINE('',#13069,#13070);
#13069 = CARTESIAN_POINT('',(-1.016,-21.59,0.));
#13070 = VECTOR('',#13071,1.);
#13071 = DIRECTION('',(0.,0.,1.));
#13072 = ORIENTED_EDGE('',*,*,#10948,.F.);
#13073 = PLANE('',#13074);
#13074 = AXIS2_PLACEMENT_3D('',#13075,#13076,#13077);
#13075 = CARTESIAN_POINT('',(-1.27,-21.336,0.));
#13076 = DIRECTION('',(0.707106781187,0.707106781187,0.));
#13077 = DIRECTION('',(0.707106781187,-0.707106781187,0.));
#13078 = ADVANCED_FACE('',(#13079),#13090,.F.);
#13079 = FACE_BOUND('',#13080,.F.);
#13080 = EDGE_LOOP('',(#13081,#13087,#13088,#13089));
#13081 = ORIENTED_EDGE('',*,*,#13082,.T.);
#13082 = EDGE_CURVE('',#10965,#11704,#13083,.T.);
#13083 = LINE('',#13084,#13085);
#13084 = CARTESIAN_POINT('',(1.27,-21.336,0.));
#13085 = VECTOR('',#13086,1.);
#13086 = DIRECTION('',(0.,0.,1.));
#13087 = ORIENTED_EDGE('',*,*,#11711,.T.);
#13088 = ORIENTED_EDGE('',*,*,#13048,.F.);
#13089 = ORIENTED_EDGE('',*,*,#10972,.F.);
#13090 = PLANE('',#13091);
#13091 = AXIS2_PLACEMENT_3D('',#13092,#13093,#13094);
#13092 = CARTESIAN_POINT('',(1.27,-21.336,0.));
#13093 = DIRECTION('',(-1.,0.,0.));
#13094 = DIRECTION('',(0.,1.,0.));
#13095 = ADVANCED_FACE('',(#13096),#13107,.F.);
#13096 = FACE_BOUND('',#13097,.F.);
#13097 = EDGE_LOOP('',(#13098,#13099,#13100,#13106));
#13098 = ORIENTED_EDGE('',*,*,#13067,.T.);
#13099 = ORIENTED_EDGE('',*,*,#11695,.T.);
#13100 = ORIENTED_EDGE('',*,*,#13101,.F.);
#13101 = EDGE_CURVE('',#10957,#11696,#13102,.T.);
#13102 = LINE('',#13103,#13104);
#13103 = CARTESIAN_POINT('',(1.016,-21.59,0.));
#13104 = VECTOR('',#13105,1.);
#13105 = DIRECTION('',(0.,0.,1.));
#13106 = ORIENTED_EDGE('',*,*,#10956,.F.);
#13107 = PLANE('',#13108);
#13108 = AXIS2_PLACEMENT_3D('',#13109,#13110,#13111);
#13109 = CARTESIAN_POINT('',(-1.016,-21.59,0.));
#13110 = DIRECTION('',(0.,1.,0.));
#13111 = DIRECTION('',(1.,0.,0.));
#13112 = ADVANCED_FACE('',(#13113),#13119,.F.);
#13113 = FACE_BOUND('',#13114,.F.);
#13114 = EDGE_LOOP('',(#13115,#13116,#13117,#13118));
#13115 = ORIENTED_EDGE('',*,*,#13101,.T.);
#13116 = ORIENTED_EDGE('',*,*,#11703,.T.);
#13117 = ORIENTED_EDGE('',*,*,#13082,.F.);
#13118 = ORIENTED_EDGE('',*,*,#10964,.F.);
#13119 = PLANE('',#13120);
#13120 = AXIS2_PLACEMENT_3D('',#13121,#13122,#13123);
#13121 = CARTESIAN_POINT('',(1.016,-21.59,0.));
#13122 = DIRECTION('',(-0.707106781187,0.707106781187,0.));
#13123 = DIRECTION('',(0.707106781187,0.707106781187,0.));
#13124 = ADVANCED_FACE('',(#13125),#13150,.T.);
#13125 = FACE_BOUND('',#13126,.T.);
#13126 = EDGE_LOOP('',(#13127,#13135,#13143,#13149));
#13127 = ORIENTED_EDGE('',*,*,#13128,.F.);
#13128 = EDGE_CURVE('',#13129,#11182,#13131,.T.);
#13129 = VERTEX_POINT('',#13130);
#13130 = CARTESIAN_POINT('',(0.32,-0.32,-2.84));
#13131 = LINE('',#13132,#13133);
#13132 = CARTESIAN_POINT('',(0.32,-0.32,-3.));
#13133 = VECTOR('',#13134,1.);
#13134 = DIRECTION('',(0.,0.,1.));
#13135 = ORIENTED_EDGE('',*,*,#13136,.T.);
#13136 = EDGE_CURVE('',#13129,#13137,#13139,.T.);
#13137 = VERTEX_POINT('',#13138);
#13138 = CARTESIAN_POINT('',(0.32,0.32,-2.84));
#13139 = LINE('',#13140,#13141);
#13140 = CARTESIAN_POINT('',(0.32,-0.32,-2.84));
#13141 = VECTOR('',#13142,1.);
#13142 = DIRECTION('',(0.,1.,0.));
#13143 = ORIENTED_EDGE('',*,*,#13144,.T.);
#13144 = EDGE_CURVE('',#13137,#11184,#13145,.T.);
#13145 = LINE('',#13146,#13147);
#13146 = CARTESIAN_POINT('',(0.32,0.32,-3.));
#13147 = VECTOR('',#13148,1.);
#13148 = DIRECTION('',(0.,0.,1.));
#13149 = ORIENTED_EDGE('',*,*,#11181,.F.);
#13150 = PLANE('',#13151);
#13151 = AXIS2_PLACEMENT_3D('',#13152,#13153,#13154);
#13152 = CARTESIAN_POINT('',(0.32,-0.32,-3.));
#13153 = DIRECTION('',(1.,0.,0.));
#13154 = DIRECTION('',(0.,0.,1.));
#13155 = ADVANCED_FACE('',(#13156),#13174,.T.);
#13156 = FACE_BOUND('',#13157,.T.);
#13157 = EDGE_LOOP('',(#13158,#13159,#13167,#13173));
#13158 = ORIENTED_EDGE('',*,*,#13144,.F.);
#13159 = ORIENTED_EDGE('',*,*,#13160,.F.);
#13160 = EDGE_CURVE('',#13161,#13137,#13163,.T.);
#13161 = VERTEX_POINT('',#13162);
#13162 = CARTESIAN_POINT('',(-0.32,0.32,-2.84));
#13163 = LINE('',#13164,#13165);
#13164 = CARTESIAN_POINT('',(-0.32,0.32,-2.84));
#13165 = VECTOR('',#13166,1.);
#13166 = DIRECTION('',(1.,0.,0.));
#13167 = ORIENTED_EDGE('',*,*,#13168,.T.);
#13168 = EDGE_CURVE('',#13161,#11200,#13169,.T.);
#13169 = LINE('',#13170,#13171);
#13170 = CARTESIAN_POINT('',(-0.32,0.32,-3.));
#13171 = VECTOR('',#13172,1.);
#13172 = DIRECTION('',(0.,0.,1.));
#13173 = ORIENTED_EDGE('',*,*,#11207,.F.);
#13174 = PLANE('',#13175);
#13175 = AXIS2_PLACEMENT_3D('',#13176,#13177,#13178);
#13176 = CARTESIAN_POINT('',(-0.32,0.32,-3.));
#13177 = DIRECTION('',(0.,1.,0.));
#13178 = DIRECTION('',(0.,-0.,1.));
#13179 = ADVANCED_FACE('',(#13180),#13198,.F.);
#13180 = FACE_BOUND('',#13181,.F.);
#13181 = EDGE_LOOP('',(#13182,#13190,#13196,#13197));
#13182 = ORIENTED_EDGE('',*,*,#13183,.F.);
#13183 = EDGE_CURVE('',#13184,#11192,#13186,.T.);
#13184 = VERTEX_POINT('',#13185);
#13185 = CARTESIAN_POINT('',(-0.32,-0.32,-2.84));
#13186 = LINE('',#13187,#13188);
#13187 = CARTESIAN_POINT('',(-0.32,-0.32,-3.));
#13188 = VECTOR('',#13189,1.);
#13189 = DIRECTION('',(0.,0.,1.));
#13190 = ORIENTED_EDGE('',*,*,#13191,.T.);
#13191 = EDGE_CURVE('',#13184,#13161,#13192,.T.);
#13192 = LINE('',#13193,#13194);
#13193 = CARTESIAN_POINT('',(-0.32,-0.32,-2.84));
#13194 = VECTOR('',#13195,1.);
#13195 = DIRECTION('',(0.,1.,0.));
#13196 = ORIENTED_EDGE('',*,*,#13168,.T.);
#13197 = ORIENTED_EDGE('',*,*,#11199,.F.);
#13198 = PLANE('',#13199);
#13199 = AXIS2_PLACEMENT_3D('',#13200,#13201,#13202);
#13200 = CARTESIAN_POINT('',(-0.32,-0.32,-3.));
#13201 = DIRECTION('',(1.,0.,0.));
#13202 = DIRECTION('',(0.,0.,1.));
#13203 = ADVANCED_FACE('',(#13204),#13215,.F.);
#13204 = FACE_BOUND('',#13205,.F.);
#13205 = EDGE_LOOP('',(#13206,#13207,#13213,#13214));
#13206 = ORIENTED_EDGE('',*,*,#13128,.F.);
#13207 = ORIENTED_EDGE('',*,*,#13208,.F.);
#13208 = EDGE_CURVE('',#13184,#13129,#13209,.T.);
#13209 = LINE('',#13210,#13211);
#13210 = CARTESIAN_POINT('',(-0.32,-0.32,-2.84));
#13211 = VECTOR('',#13212,1.);
#13212 = DIRECTION('',(1.,0.,0.));
#13213 = ORIENTED_EDGE('',*,*,#13183,.T.);
#13214 = ORIENTED_EDGE('',*,*,#11191,.F.);
#13215 = PLANE('',#13216);
#13216 = AXIS2_PLACEMENT_3D('',#13217,#13218,#13219);
#13217 = CARTESIAN_POINT('',(-0.32,-0.32,-3.));
#13218 = DIRECTION('',(0.,1.,0.));
#13219 = DIRECTION('',(0.,-0.,1.));
#13220 = ADVANCED_FACE('',(#13221),#13246,.T.);
#13221 = FACE_BOUND('',#13222,.T.);
#13222 = EDGE_LOOP('',(#13223,#13231,#13239,#13245));
#13223 = ORIENTED_EDGE('',*,*,#13224,.F.);
#13224 = EDGE_CURVE('',#13225,#11216,#13227,.T.);
#13225 = VERTEX_POINT('',#13226);
#13226 = CARTESIAN_POINT('',(0.32,-2.22,-2.84));
#13227 = LINE('',#13228,#13229);
#13228 = CARTESIAN_POINT('',(0.32,-2.22,-3.));
#13229 = VECTOR('',#13230,1.);
#13230 = DIRECTION('',(0.,0.,1.));
#13231 = ORIENTED_EDGE('',*,*,#13232,.F.);
#13232 = EDGE_CURVE('',#13233,#13225,#13235,.T.);
#13233 = VERTEX_POINT('',#13234);
#13234 = CARTESIAN_POINT('',(-0.32,-2.22,-2.84));
#13235 = LINE('',#13236,#13237);
#13236 = CARTESIAN_POINT('',(-0.32,-2.22,-2.84));
#13237 = VECTOR('',#13238,1.);
#13238 = DIRECTION('',(1.,0.,0.));
#13239 = ORIENTED_EDGE('',*,*,#13240,.T.);
#13240 = EDGE_CURVE('',#13233,#11218,#13241,.T.);
#13241 = LINE('',#13242,#13243);
#13242 = CARTESIAN_POINT('',(-0.32,-2.22,-3.));
#13243 = VECTOR('',#13244,1.);
#13244 = DIRECTION('',(0.,0.,1.));
#13245 = ORIENTED_EDGE('',*,*,#11215,.F.);
#13246 = PLANE('',#13247);
#13247 = AXIS2_PLACEMENT_3D('',#13248,#13249,#13250);
#13248 = CARTESIAN_POINT('',(-0.32,-2.22,-3.));
#13249 = DIRECTION('',(0.,1.,0.));
#13250 = DIRECTION('',(0.,-0.,1.));
#13251 = ADVANCED_FACE('',(#13252),#13270,.F.);
#13252 = FACE_BOUND('',#13253,.F.);
#13253 = EDGE_LOOP('',(#13254,#13262,#13268,#13269));
#13254 = ORIENTED_EDGE('',*,*,#13255,.F.);
#13255 = EDGE_CURVE('',#13256,#11234,#13258,.T.);
#13256 = VERTEX_POINT('',#13257);
#13257 = CARTESIAN_POINT('',(-0.32,-2.86,-2.84));
#13258 = LINE('',#13259,#13260);
#13259 = CARTESIAN_POINT('',(-0.32,-2.86,-3.));
#13260 = VECTOR('',#13261,1.);
#13261 = DIRECTION('',(0.,0.,1.));
#13262 = ORIENTED_EDGE('',*,*,#13263,.T.);
#13263 = EDGE_CURVE('',#13256,#13233,#13264,.T.);
#13264 = LINE('',#13265,#13266);
#13265 = CARTESIAN_POINT('',(-0.32,-2.86,-2.84));
#13266 = VECTOR('',#13267,1.);
#13267 = DIRECTION('',(0.,1.,0.));
#13268 = ORIENTED_EDGE('',*,*,#13240,.T.);
#13269 = ORIENTED_EDGE('',*,*,#11241,.F.);
#13270 = PLANE('',#13271);
#13271 = AXIS2_PLACEMENT_3D('',#13272,#13273,#13274);
#13272 = CARTESIAN_POINT('',(-0.32,-2.86,-3.));
#13273 = DIRECTION('',(1.,0.,0.));
#13274 = DIRECTION('',(0.,0.,1.));
#13275 = ADVANCED_FACE('',(#13276),#13294,.F.);
#13276 = FACE_BOUND('',#13277,.F.);
#13277 = EDGE_LOOP('',(#13278,#13286,#13292,#13293));
#13278 = ORIENTED_EDGE('',*,*,#13279,.F.);
#13279 = EDGE_CURVE('',#13280,#11226,#13282,.T.);
#13280 = VERTEX_POINT('',#13281);
#13281 = CARTESIAN_POINT('',(0.32,-2.86,-2.84));
#13282 = LINE('',#13283,#13284);
#13283 = CARTESIAN_POINT('',(0.32,-2.86,-3.));
#13284 = VECTOR('',#13285,1.);
#13285 = DIRECTION('',(0.,0.,1.));
#13286 = ORIENTED_EDGE('',*,*,#13287,.F.);
#13287 = EDGE_CURVE('',#13256,#13280,#13288,.T.);
#13288 = LINE('',#13289,#13290);
#13289 = CARTESIAN_POINT('',(-0.32,-2.86,-2.84));
#13290 = VECTOR('',#13291,1.);
#13291 = DIRECTION('',(1.,0.,0.));
#13292 = ORIENTED_EDGE('',*,*,#13255,.T.);
#13293 = ORIENTED_EDGE('',*,*,#11233,.F.);
#13294 = PLANE('',#13295);
#13295 = AXIS2_PLACEMENT_3D('',#13296,#13297,#13298);
#13296 = CARTESIAN_POINT('',(-0.32,-2.86,-3.));
#13297 = DIRECTION('',(0.,1.,0.));
#13298 = DIRECTION('',(0.,-0.,1.));
#13299 = ADVANCED_FACE('',(#13300),#13311,.T.);
#13300 = FACE_BOUND('',#13301,.T.);
#13301 = EDGE_LOOP('',(#13302,#13303,#13309,#13310));
#13302 = ORIENTED_EDGE('',*,*,#13279,.F.);
#13303 = ORIENTED_EDGE('',*,*,#13304,.T.);
#13304 = EDGE_CURVE('',#13280,#13225,#13305,.T.);
#13305 = LINE('',#13306,#13307);
#13306 = CARTESIAN_POINT('',(0.32,-2.86,-2.84));
#13307 = VECTOR('',#13308,1.);
#13308 = DIRECTION('',(0.,1.,0.));
#13309 = ORIENTED_EDGE('',*,*,#13224,.T.);
#13310 = ORIENTED_EDGE('',*,*,#11225,.F.);
#13311 = PLANE('',#13312);
#13312 = AXIS2_PLACEMENT_3D('',#13313,#13314,#13315);
#13313 = CARTESIAN_POINT('',(0.32,-2.86,-3.));
#13314 = DIRECTION('',(1.,0.,0.));
#13315 = DIRECTION('',(0.,0.,1.));
#13316 = ADVANCED_FACE('',(#13317),#13342,.T.);
#13317 = FACE_BOUND('',#13318,.T.);
#13318 = EDGE_LOOP('',(#13319,#13327,#13335,#13341));
#13319 = ORIENTED_EDGE('',*,*,#13320,.F.);
#13320 = EDGE_CURVE('',#13321,#11250,#13323,.T.);
#13321 = VERTEX_POINT('',#13322);
#13322 = CARTESIAN_POINT('',(0.32,-5.4,-2.84));
#13323 = LINE('',#13324,#13325);
#13324 = CARTESIAN_POINT('',(0.32,-5.4,-3.));
#13325 = VECTOR('',#13326,1.);
#13326 = DIRECTION('',(0.,0.,1.));
#13327 = ORIENTED_EDGE('',*,*,#13328,.T.);
#13328 = EDGE_CURVE('',#13321,#13329,#13331,.T.);
#13329 = VERTEX_POINT('',#13330);
#13330 = CARTESIAN_POINT('',(0.32,-4.76,-2.84));
#13331 = LINE('',#13332,#13333);
#13332 = CARTESIAN_POINT('',(0.32,-5.4,-2.84));
#13333 = VECTOR('',#13334,1.);
#13334 = DIRECTION('',(0.,1.,0.));
#13335 = ORIENTED_EDGE('',*,*,#13336,.T.);
#13336 = EDGE_CURVE('',#13329,#11252,#13337,.T.);
#13337 = LINE('',#13338,#13339);
#13338 = CARTESIAN_POINT('',(0.32,-4.76,-3.));
#13339 = VECTOR('',#13340,1.);
#13340 = DIRECTION('',(0.,0.,1.));
#13341 = ORIENTED_EDGE('',*,*,#11249,.F.);
#13342 = PLANE('',#13343);
#13343 = AXIS2_PLACEMENT_3D('',#13344,#13345,#13346);
#13344 = CARTESIAN_POINT('',(0.32,-5.4,-3.));
#13345 = DIRECTION('',(1.,0.,0.));
#13346 = DIRECTION('',(0.,0.,1.));
#13347 = ADVANCED_FACE('',(#13348),#13366,.T.);
#13348 = FACE_BOUND('',#13349,.T.);
#13349 = EDGE_LOOP('',(#13350,#13351,#13359,#13365));
#13350 = ORIENTED_EDGE('',*,*,#13336,.F.);
#13351 = ORIENTED_EDGE('',*,*,#13352,.F.);
#13352 = EDGE_CURVE('',#13353,#13329,#13355,.T.);
#13353 = VERTEX_POINT('',#13354);
#13354 = CARTESIAN_POINT('',(-0.32,-4.76,-2.84));
#13355 = LINE('',#13356,#13357);
#13356 = CARTESIAN_POINT('',(-0.32,-4.76,-2.84));
#13357 = VECTOR('',#13358,1.);
#13358 = DIRECTION('',(1.,0.,0.));
#13359 = ORIENTED_EDGE('',*,*,#13360,.T.);
#13360 = EDGE_CURVE('',#13353,#11268,#13361,.T.);
#13361 = LINE('',#13362,#13363);
#13362 = CARTESIAN_POINT('',(-0.32,-4.76,-3.));
#13363 = VECTOR('',#13364,1.);
#13364 = DIRECTION('',(0.,0.,1.));
#13365 = ORIENTED_EDGE('',*,*,#11275,.F.);
#13366 = PLANE('',#13367);
#13367 = AXIS2_PLACEMENT_3D('',#13368,#13369,#13370);
#13368 = CARTESIAN_POINT('',(-0.32,-4.76,-3.));
#13369 = DIRECTION('',(0.,1.,0.));
#13370 = DIRECTION('',(0.,-0.,1.));
#13371 = ADVANCED_FACE('',(#13372),#13390,.F.);
#13372 = FACE_BOUND('',#13373,.F.);
#13373 = EDGE_LOOP('',(#13374,#13382,#13388,#13389));
#13374 = ORIENTED_EDGE('',*,*,#13375,.F.);
#13375 = EDGE_CURVE('',#13376,#11260,#13378,.T.);
#13376 = VERTEX_POINT('',#13377);
#13377 = CARTESIAN_POINT('',(-0.32,-5.4,-2.84));
#13378 = LINE('',#13379,#13380);
#13379 = CARTESIAN_POINT('',(-0.32,-5.4,-3.));
#13380 = VECTOR('',#13381,1.);
#13381 = DIRECTION('',(0.,0.,1.));
#13382 = ORIENTED_EDGE('',*,*,#13383,.T.);
#13383 = EDGE_CURVE('',#13376,#13353,#13384,.T.);
#13384 = LINE('',#13385,#13386);
#13385 = CARTESIAN_POINT('',(-0.32,-5.4,-2.84));
#13386 = VECTOR('',#13387,1.);
#13387 = DIRECTION('',(0.,1.,0.));
#13388 = ORIENTED_EDGE('',*,*,#13360,.T.);
#13389 = ORIENTED_EDGE('',*,*,#11267,.F.);
#13390 = PLANE('',#13391);
#13391 = AXIS2_PLACEMENT_3D('',#13392,#13393,#13394);
#13392 = CARTESIAN_POINT('',(-0.32,-5.4,-3.));
#13393 = DIRECTION('',(1.,0.,0.));
#13394 = DIRECTION('',(0.,0.,1.));
#13395 = ADVANCED_FACE('',(#13396),#13407,.F.);
#13396 = FACE_BOUND('',#13397,.F.);
#13397 = EDGE_LOOP('',(#13398,#13399,#13405,#13406));
#13398 = ORIENTED_EDGE('',*,*,#13320,.F.);
#13399 = ORIENTED_EDGE('',*,*,#13400,.F.);
#13400 = EDGE_CURVE('',#13376,#13321,#13401,.T.);
#13401 = LINE('',#13402,#13403);
#13402 = CARTESIAN_POINT('',(-0.32,-5.4,-2.84));
#13403 = VECTOR('',#13404,1.);
#13404 = DIRECTION('',(1.,0.,0.));
#13405 = ORIENTED_EDGE('',*,*,#13375,.T.);
#13406 = ORIENTED_EDGE('',*,*,#11259,.F.);
#13407 = PLANE('',#13408);
#13408 = AXIS2_PLACEMENT_3D('',#13409,#13410,#13411);
#13409 = CARTESIAN_POINT('',(-0.32,-5.4,-3.));
#13410 = DIRECTION('',(0.,1.,0.));
#13411 = DIRECTION('',(0.,-0.,1.));
#13412 = ADVANCED_FACE('',(#13413),#13438,.T.);
#13413 = FACE_BOUND('',#13414,.T.);
#13414 = EDGE_LOOP('',(#13415,#13423,#13431,#13437));
#13415 = ORIENTED_EDGE('',*,*,#13416,.F.);
#13416 = EDGE_CURVE('',#13417,#11284,#13419,.T.);
#13417 = VERTEX_POINT('',#13418);
#13418 = CARTESIAN_POINT('',(0.32,-7.3,-2.84));
#13419 = LINE('',#13420,#13421);
#13420 = CARTESIAN_POINT('',(0.32,-7.3,-3.));
#13421 = VECTOR('',#13422,1.);
#13422 = DIRECTION('',(0.,0.,1.));
#13423 = ORIENTED_EDGE('',*,*,#13424,.F.);
#13424 = EDGE_CURVE('',#13425,#13417,#13427,.T.);
#13425 = VERTEX_POINT('',#13426);
#13426 = CARTESIAN_POINT('',(-0.32,-7.3,-2.84));
#13427 = LINE('',#13428,#13429);
#13428 = CARTESIAN_POINT('',(-0.32,-7.3,-2.84));
#13429 = VECTOR('',#13430,1.);
#13430 = DIRECTION('',(1.,0.,0.));
#13431 = ORIENTED_EDGE('',*,*,#13432,.T.);
#13432 = EDGE_CURVE('',#13425,#11286,#13433,.T.);
#13433 = LINE('',#13434,#13435);
#13434 = CARTESIAN_POINT('',(-0.32,-7.3,-3.));
#13435 = VECTOR('',#13436,1.);
#13436 = DIRECTION('',(0.,0.,1.));
#13437 = ORIENTED_EDGE('',*,*,#11283,.F.);
#13438 = PLANE('',#13439);
#13439 = AXIS2_PLACEMENT_3D('',#13440,#13441,#13442);
#13440 = CARTESIAN_POINT('',(-0.32,-7.3,-3.));
#13441 = DIRECTION('',(0.,1.,0.));
#13442 = DIRECTION('',(0.,-0.,1.));
#13443 = ADVANCED_FACE('',(#13444),#13462,.F.);
#13444 = FACE_BOUND('',#13445,.F.);
#13445 = EDGE_LOOP('',(#13446,#13454,#13460,#13461));
#13446 = ORIENTED_EDGE('',*,*,#13447,.F.);
#13447 = EDGE_CURVE('',#13448,#11302,#13450,.T.);
#13448 = VERTEX_POINT('',#13449);
#13449 = CARTESIAN_POINT('',(-0.32,-7.94,-2.84));
#13450 = LINE('',#13451,#13452);
#13451 = CARTESIAN_POINT('',(-0.32,-7.94,-3.));
#13452 = VECTOR('',#13453,1.);
#13453 = DIRECTION('',(0.,0.,1.));
#13454 = ORIENTED_EDGE('',*,*,#13455,.T.);
#13455 = EDGE_CURVE('',#13448,#13425,#13456,.T.);
#13456 = LINE('',#13457,#13458);
#13457 = CARTESIAN_POINT('',(-0.32,-7.94,-2.84));
#13458 = VECTOR('',#13459,1.);
#13459 = DIRECTION('',(0.,1.,0.));
#13460 = ORIENTED_EDGE('',*,*,#13432,.T.);
#13461 = ORIENTED_EDGE('',*,*,#11309,.F.);
#13462 = PLANE('',#13463);
#13463 = AXIS2_PLACEMENT_3D('',#13464,#13465,#13466);
#13464 = CARTESIAN_POINT('',(-0.32,-7.94,-3.));
#13465 = DIRECTION('',(1.,0.,0.));
#13466 = DIRECTION('',(0.,0.,1.));
#13467 = ADVANCED_FACE('',(#13468),#13486,.F.);
#13468 = FACE_BOUND('',#13469,.F.);
#13469 = EDGE_LOOP('',(#13470,#13478,#13484,#13485));
#13470 = ORIENTED_EDGE('',*,*,#13471,.F.);
#13471 = EDGE_CURVE('',#13472,#11294,#13474,.T.);
#13472 = VERTEX_POINT('',#13473);
#13473 = CARTESIAN_POINT('',(0.32,-7.94,-2.84));
#13474 = LINE('',#13475,#13476);
#13475 = CARTESIAN_POINT('',(0.32,-7.94,-3.));
#13476 = VECTOR('',#13477,1.);
#13477 = DIRECTION('',(0.,0.,1.));
#13478 = ORIENTED_EDGE('',*,*,#13479,.F.);
#13479 = EDGE_CURVE('',#13448,#13472,#13480,.T.);
#13480 = LINE('',#13481,#13482);
#13481 = CARTESIAN_POINT('',(-0.32,-7.94,-2.84));
#13482 = VECTOR('',#13483,1.);
#13483 = DIRECTION('',(1.,0.,0.));
#13484 = ORIENTED_EDGE('',*,*,#13447,.T.);
#13485 = ORIENTED_EDGE('',*,*,#11301,.F.);
#13486 = PLANE('',#13487);
#13487 = AXIS2_PLACEMENT_3D('',#13488,#13489,#13490);
#13488 = CARTESIAN_POINT('',(-0.32,-7.94,-3.));
#13489 = DIRECTION('',(0.,1.,0.));
#13490 = DIRECTION('',(0.,-0.,1.));
#13491 = ADVANCED_FACE('',(#13492),#13503,.T.);
#13492 = FACE_BOUND('',#13493,.T.);
#13493 = EDGE_LOOP('',(#13494,#13495,#13501,#13502));
#13494 = ORIENTED_EDGE('',*,*,#13471,.F.);
#13495 = ORIENTED_EDGE('',*,*,#13496,.T.);
#13496 = EDGE_CURVE('',#13472,#13417,#13497,.T.);
#13497 = LINE('',#13498,#13499);
#13498 = CARTESIAN_POINT('',(0.32,-7.94,-2.84));
#13499 = VECTOR('',#13500,1.);
#13500 = DIRECTION('',(0.,1.,0.));
#13501 = ORIENTED_EDGE('',*,*,#13416,.T.);
#13502 = ORIENTED_EDGE('',*,*,#11293,.F.);
#13503 = PLANE('',#13504);
#13504 = AXIS2_PLACEMENT_3D('',#13505,#13506,#13507);
#13505 = CARTESIAN_POINT('',(0.32,-7.94,-3.));
#13506 = DIRECTION('',(1.,0.,0.));
#13507 = DIRECTION('',(0.,0.,1.));
#13508 = ADVANCED_FACE('',(#13509),#13534,.T.);
#13509 = FACE_BOUND('',#13510,.T.);
#13510 = EDGE_LOOP('',(#13511,#13519,#13527,#13533));
#13511 = ORIENTED_EDGE('',*,*,#13512,.F.);
#13512 = EDGE_CURVE('',#13513,#11318,#13515,.T.);
#13513 = VERTEX_POINT('',#13514);
#13514 = CARTESIAN_POINT('',(0.32,-15.56,-2.84));
#13515 = LINE('',#13516,#13517);
#13516 = CARTESIAN_POINT('',(0.32,-15.56,-3.));
#13517 = VECTOR('',#13518,1.);
#13518 = DIRECTION('',(0.,0.,1.));
#13519 = ORIENTED_EDGE('',*,*,#13520,.T.);
#13520 = EDGE_CURVE('',#13513,#13521,#13523,.T.);
#13521 = VERTEX_POINT('',#13522);
#13522 = CARTESIAN_POINT('',(0.32,-14.92,-2.84));
#13523 = LINE('',#13524,#13525);
#13524 = CARTESIAN_POINT('',(0.32,-15.56,-2.84));
#13525 = VECTOR('',#13526,1.);
#13526 = DIRECTION('',(0.,1.,0.));
#13527 = ORIENTED_EDGE('',*,*,#13528,.T.);
#13528 = EDGE_CURVE('',#13521,#11320,#13529,.T.);
#13529 = LINE('',#13530,#13531);
#13530 = CARTESIAN_POINT('',(0.32,-14.92,-3.));
#13531 = VECTOR('',#13532,1.);
#13532 = DIRECTION('',(0.,0.,1.));
#13533 = ORIENTED_EDGE('',*,*,#11317,.F.);
#13534 = PLANE('',#13535);
#13535 = AXIS2_PLACEMENT_3D('',#13536,#13537,#13538);
#13536 = CARTESIAN_POINT('',(0.32,-15.56,-3.));
#13537 = DIRECTION('',(1.,0.,0.));
#13538 = DIRECTION('',(0.,0.,1.));
#13539 = ADVANCED_FACE('',(#13540),#13558,.T.);
#13540 = FACE_BOUND('',#13541,.T.);
#13541 = EDGE_LOOP('',(#13542,#13543,#13551,#13557));
#13542 = ORIENTED_EDGE('',*,*,#13528,.F.);
#13543 = ORIENTED_EDGE('',*,*,#13544,.F.);
#13544 = EDGE_CURVE('',#13545,#13521,#13547,.T.);
#13545 = VERTEX_POINT('',#13546);
#13546 = CARTESIAN_POINT('',(-0.32,-14.92,-2.84));
#13547 = LINE('',#13548,#13549);
#13548 = CARTESIAN_POINT('',(-0.32,-14.92,-2.84));
#13549 = VECTOR('',#13550,1.);
#13550 = DIRECTION('',(1.,0.,0.));
#13551 = ORIENTED_EDGE('',*,*,#13552,.T.);
#13552 = EDGE_CURVE('',#13545,#11336,#13553,.T.);
#13553 = LINE('',#13554,#13555);
#13554 = CARTESIAN_POINT('',(-0.32,-14.92,-3.));
#13555 = VECTOR('',#13556,1.);
#13556 = DIRECTION('',(0.,0.,1.));
#13557 = ORIENTED_EDGE('',*,*,#11343,.F.);
#13558 = PLANE('',#13559);
#13559 = AXIS2_PLACEMENT_3D('',#13560,#13561,#13562);
#13560 = CARTESIAN_POINT('',(-0.32,-14.92,-3.));
#13561 = DIRECTION('',(0.,1.,0.));
#13562 = DIRECTION('',(0.,-0.,1.));
#13563 = ADVANCED_FACE('',(#13564),#13582,.F.);
#13564 = FACE_BOUND('',#13565,.F.);
#13565 = EDGE_LOOP('',(#13566,#13574,#13580,#13581));
#13566 = ORIENTED_EDGE('',*,*,#13567,.F.);
#13567 = EDGE_CURVE('',#13568,#11328,#13570,.T.);
#13568 = VERTEX_POINT('',#13569);
#13569 = CARTESIAN_POINT('',(-0.32,-15.56,-2.84));
#13570 = LINE('',#13571,#13572);
#13571 = CARTESIAN_POINT('',(-0.32,-15.56,-3.));
#13572 = VECTOR('',#13573,1.);
#13573 = DIRECTION('',(0.,0.,1.));
#13574 = ORIENTED_EDGE('',*,*,#13575,.T.);
#13575 = EDGE_CURVE('',#13568,#13545,#13576,.T.);
#13576 = LINE('',#13577,#13578);
#13577 = CARTESIAN_POINT('',(-0.32,-15.56,-2.84));
#13578 = VECTOR('',#13579,1.);
#13579 = DIRECTION('',(0.,1.,0.));
#13580 = ORIENTED_EDGE('',*,*,#13552,.T.);
#13581 = ORIENTED_EDGE('',*,*,#11335,.F.);
#13582 = PLANE('',#13583);
#13583 = AXIS2_PLACEMENT_3D('',#13584,#13585,#13586);
#13584 = CARTESIAN_POINT('',(-0.32,-15.56,-3.));
#13585 = DIRECTION('',(1.,0.,0.));
#13586 = DIRECTION('',(0.,0.,1.));
#13587 = ADVANCED_FACE('',(#13588),#13599,.F.);
#13588 = FACE_BOUND('',#13589,.F.);
#13589 = EDGE_LOOP('',(#13590,#13591,#13597,#13598));
#13590 = ORIENTED_EDGE('',*,*,#13512,.F.);
#13591 = ORIENTED_EDGE('',*,*,#13592,.F.);
#13592 = EDGE_CURVE('',#13568,#13513,#13593,.T.);
#13593 = LINE('',#13594,#13595);
#13594 = CARTESIAN_POINT('',(-0.32,-15.56,-2.84));
#13595 = VECTOR('',#13596,1.);
#13596 = DIRECTION('',(1.,0.,0.));
#13597 = ORIENTED_EDGE('',*,*,#13567,.T.);
#13598 = ORIENTED_EDGE('',*,*,#11327,.F.);
#13599 = PLANE('',#13600);
#13600 = AXIS2_PLACEMENT_3D('',#13601,#13602,#13603);
#13601 = CARTESIAN_POINT('',(-0.32,-15.56,-3.));
#13602 = DIRECTION('',(0.,1.,0.));
#13603 = DIRECTION('',(0.,-0.,1.));
#13604 = ADVANCED_FACE('',(#13605),#13630,.T.);
#13605 = FACE_BOUND('',#13606,.T.);
#13606 = EDGE_LOOP('',(#13607,#13615,#13623,#13629));
#13607 = ORIENTED_EDGE('',*,*,#13608,.F.);
#13608 = EDGE_CURVE('',#13609,#11352,#13611,.T.);
#13609 = VERTEX_POINT('',#13610);
#13610 = CARTESIAN_POINT('',(0.32,-9.84,-2.84));
#13611 = LINE('',#13612,#13613);
#13612 = CARTESIAN_POINT('',(0.32,-9.84,-3.));
#13613 = VECTOR('',#13614,1.);
#13614 = DIRECTION('',(0.,0.,1.));
#13615 = ORIENTED_EDGE('',*,*,#13616,.F.);
#13616 = EDGE_CURVE('',#13617,#13609,#13619,.T.);
#13617 = VERTEX_POINT('',#13618);
#13618 = CARTESIAN_POINT('',(-0.32,-9.84,-2.84));
#13619 = LINE('',#13620,#13621);
#13620 = CARTESIAN_POINT('',(-0.32,-9.84,-2.84));
#13621 = VECTOR('',#13622,1.);
#13622 = DIRECTION('',(1.,0.,0.));
#13623 = ORIENTED_EDGE('',*,*,#13624,.T.);
#13624 = EDGE_CURVE('',#13617,#11354,#13625,.T.);
#13625 = LINE('',#13626,#13627);
#13626 = CARTESIAN_POINT('',(-0.32,-9.84,-3.));
#13627 = VECTOR('',#13628,1.);
#13628 = DIRECTION('',(0.,0.,1.));
#13629 = ORIENTED_EDGE('',*,*,#11351,.F.);
#13630 = PLANE('',#13631);
#13631 = AXIS2_PLACEMENT_3D('',#13632,#13633,#13634);
#13632 = CARTESIAN_POINT('',(-0.32,-9.84,-3.));
#13633 = DIRECTION('',(0.,1.,0.));
#13634 = DIRECTION('',(0.,-0.,1.));
#13635 = ADVANCED_FACE('',(#13636),#13654,.F.);
#13636 = FACE_BOUND('',#13637,.F.);
#13637 = EDGE_LOOP('',(#13638,#13646,#13652,#13653));
#13638 = ORIENTED_EDGE('',*,*,#13639,.F.);
#13639 = EDGE_CURVE('',#13640,#11370,#13642,.T.);
#13640 = VERTEX_POINT('',#13641);
#13641 = CARTESIAN_POINT('',(-0.32,-10.48,-2.84));
#13642 = LINE('',#13643,#13644);
#13643 = CARTESIAN_POINT('',(-0.32,-10.48,-3.));
#13644 = VECTOR('',#13645,1.);
#13645 = DIRECTION('',(0.,0.,1.));
#13646 = ORIENTED_EDGE('',*,*,#13647,.T.);
#13647 = EDGE_CURVE('',#13640,#13617,#13648,.T.);
#13648 = LINE('',#13649,#13650);
#13649 = CARTESIAN_POINT('',(-0.32,-10.48,-2.84));
#13650 = VECTOR('',#13651,1.);
#13651 = DIRECTION('',(0.,1.,0.));
#13652 = ORIENTED_EDGE('',*,*,#13624,.T.);
#13653 = ORIENTED_EDGE('',*,*,#11377,.F.);
#13654 = PLANE('',#13655);
#13655 = AXIS2_PLACEMENT_3D('',#13656,#13657,#13658);
#13656 = CARTESIAN_POINT('',(-0.32,-10.48,-3.));
#13657 = DIRECTION('',(1.,0.,0.));
#13658 = DIRECTION('',(0.,0.,1.));
#13659 = ADVANCED_FACE('',(#13660),#13678,.F.);
#13660 = FACE_BOUND('',#13661,.F.);
#13661 = EDGE_LOOP('',(#13662,#13670,#13676,#13677));
#13662 = ORIENTED_EDGE('',*,*,#13663,.F.);
#13663 = EDGE_CURVE('',#13664,#11362,#13666,.T.);
#13664 = VERTEX_POINT('',#13665);
#13665 = CARTESIAN_POINT('',(0.32,-10.48,-2.84));
#13666 = LINE('',#13667,#13668);
#13667 = CARTESIAN_POINT('',(0.32,-10.48,-3.));
#13668 = VECTOR('',#13669,1.);
#13669 = DIRECTION('',(0.,0.,1.));
#13670 = ORIENTED_EDGE('',*,*,#13671,.F.);
#13671 = EDGE_CURVE('',#13640,#13664,#13672,.T.);
#13672 = LINE('',#13673,#13674);
#13673 = CARTESIAN_POINT('',(-0.32,-10.48,-2.84));
#13674 = VECTOR('',#13675,1.);
#13675 = DIRECTION('',(1.,0.,0.));
#13676 = ORIENTED_EDGE('',*,*,#13639,.T.);
#13677 = ORIENTED_EDGE('',*,*,#11369,.F.);
#13678 = PLANE('',#13679);
#13679 = AXIS2_PLACEMENT_3D('',#13680,#13681,#13682);
#13680 = CARTESIAN_POINT('',(-0.32,-10.48,-3.));
#13681 = DIRECTION('',(0.,1.,0.));
#13682 = DIRECTION('',(0.,-0.,1.));
#13683 = ADVANCED_FACE('',(#13684),#13695,.T.);
#13684 = FACE_BOUND('',#13685,.T.);
#13685 = EDGE_LOOP('',(#13686,#13687,#13693,#13694));
#13686 = ORIENTED_EDGE('',*,*,#13663,.F.);
#13687 = ORIENTED_EDGE('',*,*,#13688,.T.);
#13688 = EDGE_CURVE('',#13664,#13609,#13689,.T.);
#13689 = LINE('',#13690,#13691);
#13690 = CARTESIAN_POINT('',(0.32,-10.48,-2.84));
#13691 = VECTOR('',#13692,1.);
#13692 = DIRECTION('',(0.,1.,0.));
#13693 = ORIENTED_EDGE('',*,*,#13608,.T.);
#13694 = ORIENTED_EDGE('',*,*,#11361,.F.);
#13695 = PLANE('',#13696);
#13696 = AXIS2_PLACEMENT_3D('',#13697,#13698,#13699);
#13697 = CARTESIAN_POINT('',(0.32,-10.48,-3.));
#13698 = DIRECTION('',(1.,0.,0.));
#13699 = DIRECTION('',(0.,0.,1.));
#13700 = ADVANCED_FACE('',(#13701),#13726,.F.);
#13701 = FACE_BOUND('',#13702,.F.);
#13702 = EDGE_LOOP('',(#13703,#13711,#13719,#13725));
#13703 = ORIENTED_EDGE('',*,*,#13704,.F.);
#13704 = EDGE_CURVE('',#13705,#11386,#13707,.T.);
#13705 = VERTEX_POINT('',#13706);
#13706 = CARTESIAN_POINT('',(0.32,-13.02,-2.84));
#13707 = LINE('',#13708,#13709);
#13708 = CARTESIAN_POINT('',(0.32,-13.02,-3.));
#13709 = VECTOR('',#13710,1.);
#13710 = DIRECTION('',(0.,0.,1.));
#13711 = ORIENTED_EDGE('',*,*,#13712,.F.);
#13712 = EDGE_CURVE('',#13713,#13705,#13715,.T.);
#13713 = VERTEX_POINT('',#13714);
#13714 = CARTESIAN_POINT('',(-0.32,-13.02,-2.84));
#13715 = LINE('',#13716,#13717);
#13716 = CARTESIAN_POINT('',(-0.32,-13.02,-2.84));
#13717 = VECTOR('',#13718,1.);
#13718 = DIRECTION('',(1.,0.,0.));
#13719 = ORIENTED_EDGE('',*,*,#13720,.T.);
#13720 = EDGE_CURVE('',#13713,#11388,#13721,.T.);
#13721 = LINE('',#13722,#13723);
#13722 = CARTESIAN_POINT('',(-0.32,-13.02,-3.));
#13723 = VECTOR('',#13724,1.);
#13724 = DIRECTION('',(0.,0.,1.));
#13725 = ORIENTED_EDGE('',*,*,#11385,.F.);
#13726 = PLANE('',#13727);
#13727 = AXIS2_PLACEMENT_3D('',#13728,#13729,#13730);
#13728 = CARTESIAN_POINT('',(-0.32,-13.02,-3.));
#13729 = DIRECTION('',(0.,1.,0.));
#13730 = DIRECTION('',(0.,-0.,1.));
#13731 = ADVANCED_FACE('',(#13732),#13750,.T.);
#13732 = FACE_BOUND('',#13733,.T.);
#13733 = EDGE_LOOP('',(#13734,#13735,#13743,#13749));
#13734 = ORIENTED_EDGE('',*,*,#13704,.F.);
#13735 = ORIENTED_EDGE('',*,*,#13736,.T.);
#13736 = EDGE_CURVE('',#13705,#13737,#13739,.T.);
#13737 = VERTEX_POINT('',#13738);
#13738 = CARTESIAN_POINT('',(0.32,-12.38,-2.84));
#13739 = LINE('',#13740,#13741);
#13740 = CARTESIAN_POINT('',(0.32,-13.02,-2.84));
#13741 = VECTOR('',#13742,1.);
#13742 = DIRECTION('',(0.,1.,0.));
#13743 = ORIENTED_EDGE('',*,*,#13744,.T.);
#13744 = EDGE_CURVE('',#13737,#11404,#13745,.T.);
#13745 = LINE('',#13746,#13747);
#13746 = CARTESIAN_POINT('',(0.32,-12.38,-3.));
#13747 = VECTOR('',#13748,1.);
#13748 = DIRECTION('',(0.,0.,1.));
#13749 = ORIENTED_EDGE('',*,*,#11411,.F.);
#13750 = PLANE('',#13751);
#13751 = AXIS2_PLACEMENT_3D('',#13752,#13753,#13754);
#13752 = CARTESIAN_POINT('',(0.32,-13.02,-3.));
#13753 = DIRECTION('',(1.,0.,0.));
#13754 = DIRECTION('',(0.,0.,1.));
#13755 = ADVANCED_FACE('',(#13756),#13774,.T.);
#13756 = FACE_BOUND('',#13757,.T.);
#13757 = EDGE_LOOP('',(#13758,#13759,#13767,#13773));
#13758 = ORIENTED_EDGE('',*,*,#13744,.F.);
#13759 = ORIENTED_EDGE('',*,*,#13760,.F.);
#13760 = EDGE_CURVE('',#13761,#13737,#13763,.T.);
#13761 = VERTEX_POINT('',#13762);
#13762 = CARTESIAN_POINT('',(-0.32,-12.38,-2.84));
#13763 = LINE('',#13764,#13765);
#13764 = CARTESIAN_POINT('',(-0.32,-12.38,-2.84));
#13765 = VECTOR('',#13766,1.);
#13766 = DIRECTION('',(1.,0.,0.));
#13767 = ORIENTED_EDGE('',*,*,#13768,.T.);
#13768 = EDGE_CURVE('',#13761,#11396,#13769,.T.);
#13769 = LINE('',#13770,#13771);
#13770 = CARTESIAN_POINT('',(-0.32,-12.38,-3.));
#13771 = VECTOR('',#13772,1.);
#13772 = DIRECTION('',(0.,0.,1.));
#13773 = ORIENTED_EDGE('',*,*,#11403,.F.);
#13774 = PLANE('',#13775);
#13775 = AXIS2_PLACEMENT_3D('',#13776,#13777,#13778);
#13776 = CARTESIAN_POINT('',(-0.32,-12.38,-3.));
#13777 = DIRECTION('',(0.,1.,0.));
#13778 = DIRECTION('',(0.,-0.,1.));
#13779 = ADVANCED_FACE('',(#13780),#13791,.F.);
#13780 = FACE_BOUND('',#13781,.F.);
#13781 = EDGE_LOOP('',(#13782,#13783,#13789,#13790));
#13782 = ORIENTED_EDGE('',*,*,#13720,.F.);
#13783 = ORIENTED_EDGE('',*,*,#13784,.T.);
#13784 = EDGE_CURVE('',#13713,#13761,#13785,.T.);
#13785 = LINE('',#13786,#13787);
#13786 = CARTESIAN_POINT('',(-0.32,-13.02,-2.84));
#13787 = VECTOR('',#13788,1.);
#13788 = DIRECTION('',(0.,1.,0.));
#13789 = ORIENTED_EDGE('',*,*,#13768,.T.);
#13790 = ORIENTED_EDGE('',*,*,#11395,.F.);
#13791 = PLANE('',#13792);
#13792 = AXIS2_PLACEMENT_3D('',#13793,#13794,#13795);
#13793 = CARTESIAN_POINT('',(-0.32,-13.02,-3.));
#13794 = DIRECTION('',(1.,0.,0.));
#13795 = DIRECTION('',(0.,0.,1.));
#13796 = ADVANCED_FACE('',(#13797),#13822,.T.);
#13797 = FACE_BOUND('',#13798,.T.);
#13798 = EDGE_LOOP('',(#13799,#13807,#13815,#13821));
#13799 = ORIENTED_EDGE('',*,*,#13800,.F.);
#13800 = EDGE_CURVE('',#13801,#11420,#13803,.T.);
#13801 = VERTEX_POINT('',#13802);
#13802 = CARTESIAN_POINT('',(0.32,-20.64,-2.84));
#13803 = LINE('',#13804,#13805);
#13804 = CARTESIAN_POINT('',(0.32,-20.64,-3.));
#13805 = VECTOR('',#13806,1.);
#13806 = DIRECTION('',(0.,0.,1.));
#13807 = ORIENTED_EDGE('',*,*,#13808,.T.);
#13808 = EDGE_CURVE('',#13801,#13809,#13811,.T.);
#13809 = VERTEX_POINT('',#13810);
#13810 = CARTESIAN_POINT('',(0.32,-20.,-2.84));
#13811 = LINE('',#13812,#13813);
#13812 = CARTESIAN_POINT('',(0.32,-20.64,-2.84));
#13813 = VECTOR('',#13814,1.);
#13814 = DIRECTION('',(0.,1.,0.));
#13815 = ORIENTED_EDGE('',*,*,#13816,.T.);
#13816 = EDGE_CURVE('',#13809,#11422,#13817,.T.);
#13817 = LINE('',#13818,#13819);
#13818 = CARTESIAN_POINT('',(0.32,-20.,-3.));
#13819 = VECTOR('',#13820,1.);
#13820 = DIRECTION('',(0.,0.,1.));
#13821 = ORIENTED_EDGE('',*,*,#11419,.F.);
#13822 = PLANE('',#13823);
#13823 = AXIS2_PLACEMENT_3D('',#13824,#13825,#13826);
#13824 = CARTESIAN_POINT('',(0.32,-20.64,-3.));
#13825 = DIRECTION('',(1.,0.,0.));
#13826 = DIRECTION('',(0.,0.,1.));
#13827 = ADVANCED_FACE('',(#13828),#13846,.T.);
#13828 = FACE_BOUND('',#13829,.T.);
#13829 = EDGE_LOOP('',(#13830,#13831,#13839,#13845));
#13830 = ORIENTED_EDGE('',*,*,#13816,.F.);
#13831 = ORIENTED_EDGE('',*,*,#13832,.F.);
#13832 = EDGE_CURVE('',#13833,#13809,#13835,.T.);
#13833 = VERTEX_POINT('',#13834);
#13834 = CARTESIAN_POINT('',(-0.32,-20.,-2.84));
#13835 = LINE('',#13836,#13837);
#13836 = CARTESIAN_POINT('',(-0.32,-20.,-2.84));
#13837 = VECTOR('',#13838,1.);
#13838 = DIRECTION('',(1.,0.,0.));
#13839 = ORIENTED_EDGE('',*,*,#13840,.T.);
#13840 = EDGE_CURVE('',#13833,#11438,#13841,.T.);
#13841 = LINE('',#13842,#13843);
#13842 = CARTESIAN_POINT('',(-0.32,-20.,-3.));
#13843 = VECTOR('',#13844,1.);
#13844 = DIRECTION('',(0.,0.,1.));
#13845 = ORIENTED_EDGE('',*,*,#11445,.F.);
#13846 = PLANE('',#13847);
#13847 = AXIS2_PLACEMENT_3D('',#13848,#13849,#13850);
#13848 = CARTESIAN_POINT('',(-0.32,-20.,-3.));
#13849 = DIRECTION('',(0.,1.,0.));
#13850 = DIRECTION('',(0.,-0.,1.));
#13851 = ADVANCED_FACE('',(#13852),#13870,.F.);
#13852 = FACE_BOUND('',#13853,.F.);
#13853 = EDGE_LOOP('',(#13854,#13862,#13868,#13869));
#13854 = ORIENTED_EDGE('',*,*,#13855,.F.);
#13855 = EDGE_CURVE('',#13856,#11430,#13858,.T.);
#13856 = VERTEX_POINT('',#13857);
#13857 = CARTESIAN_POINT('',(-0.32,-20.64,-2.84));
#13858 = LINE('',#13859,#13860);
#13859 = CARTESIAN_POINT('',(-0.32,-20.64,-3.));
#13860 = VECTOR('',#13861,1.);
#13861 = DIRECTION('',(0.,0.,1.));
#13862 = ORIENTED_EDGE('',*,*,#13863,.T.);
#13863 = EDGE_CURVE('',#13856,#13833,#13864,.T.);
#13864 = LINE('',#13865,#13866);
#13865 = CARTESIAN_POINT('',(-0.32,-20.64,-2.84));
#13866 = VECTOR('',#13867,1.);
#13867 = DIRECTION('',(0.,1.,0.));
#13868 = ORIENTED_EDGE('',*,*,#13840,.T.);
#13869 = ORIENTED_EDGE('',*,*,#11437,.F.);
#13870 = PLANE('',#13871);
#13871 = AXIS2_PLACEMENT_3D('',#13872,#13873,#13874);
#13872 = CARTESIAN_POINT('',(-0.32,-20.64,-3.));
#13873 = DIRECTION('',(1.,0.,0.));
#13874 = DIRECTION('',(0.,0.,1.));
#13875 = ADVANCED_FACE('',(#13876),#13887,.F.);
#13876 = FACE_BOUND('',#13877,.F.);
#13877 = EDGE_LOOP('',(#13878,#13879,#13885,#13886));
#13878 = ORIENTED_EDGE('',*,*,#13800,.F.);
#13879 = ORIENTED_EDGE('',*,*,#13880,.F.);
#13880 = EDGE_CURVE('',#13856,#13801,#13881,.T.);
#13881 = LINE('',#13882,#13883);
#13882 = CARTESIAN_POINT('',(-0.32,-20.64,-2.84));
#13883 = VECTOR('',#13884,1.);
#13884 = DIRECTION('',(1.,0.,0.));
#13885 = ORIENTED_EDGE('',*,*,#13855,.T.);
#13886 = ORIENTED_EDGE('',*,*,#11429,.F.);
#13887 = PLANE('',#13888);
#13888 = AXIS2_PLACEMENT_3D('',#13889,#13890,#13891);
#13889 = CARTESIAN_POINT('',(-0.32,-20.64,-3.));
#13890 = DIRECTION('',(0.,1.,0.));
#13891 = DIRECTION('',(0.,-0.,1.));
#13892 = ADVANCED_FACE('',(#13893),#13918,.T.);
#13893 = FACE_BOUND('',#13894,.T.);
#13894 = EDGE_LOOP('',(#13895,#13903,#13911,#13917));
#13895 = ORIENTED_EDGE('',*,*,#13896,.F.);
#13896 = EDGE_CURVE('',#13897,#11454,#13899,.T.);
#13897 = VERTEX_POINT('',#13898);
#13898 = CARTESIAN_POINT('',(0.32,-17.46,-2.84));
#13899 = LINE('',#13900,#13901);
#13900 = CARTESIAN_POINT('',(0.32,-17.46,-3.));
#13901 = VECTOR('',#13902,1.);
#13902 = DIRECTION('',(0.,0.,1.));
#13903 = ORIENTED_EDGE('',*,*,#13904,.F.);
#13904 = EDGE_CURVE('',#13905,#13897,#13907,.T.);
#13905 = VERTEX_POINT('',#13906);
#13906 = CARTESIAN_POINT('',(-0.32,-17.46,-2.84));
#13907 = LINE('',#13908,#13909);
#13908 = CARTESIAN_POINT('',(-0.32,-17.46,-2.84));
#13909 = VECTOR('',#13910,1.);
#13910 = DIRECTION('',(1.,0.,0.));
#13911 = ORIENTED_EDGE('',*,*,#13912,.T.);
#13912 = EDGE_CURVE('',#13905,#11456,#13913,.T.);
#13913 = LINE('',#13914,#13915);
#13914 = CARTESIAN_POINT('',(-0.32,-17.46,-3.));
#13915 = VECTOR('',#13916,1.);
#13916 = DIRECTION('',(0.,0.,1.));
#13917 = ORIENTED_EDGE('',*,*,#11453,.F.);
#13918 = PLANE('',#13919);
#13919 = AXIS2_PLACEMENT_3D('',#13920,#13921,#13922);
#13920 = CARTESIAN_POINT('',(-0.32,-17.46,-3.));
#13921 = DIRECTION('',(0.,1.,0.));
#13922 = DIRECTION('',(0.,-0.,1.));
#13923 = ADVANCED_FACE('',(#13924),#13942,.F.);
#13924 = FACE_BOUND('',#13925,.F.);
#13925 = EDGE_LOOP('',(#13926,#13934,#13940,#13941));
#13926 = ORIENTED_EDGE('',*,*,#13927,.F.);
#13927 = EDGE_CURVE('',#13928,#11472,#13930,.T.);
#13928 = VERTEX_POINT('',#13929);
#13929 = CARTESIAN_POINT('',(-0.32,-18.1,-2.84));
#13930 = LINE('',#13931,#13932);
#13931 = CARTESIAN_POINT('',(-0.32,-18.1,-3.));
#13932 = VECTOR('',#13933,1.);
#13933 = DIRECTION('',(0.,0.,1.));
#13934 = ORIENTED_EDGE('',*,*,#13935,.T.);
#13935 = EDGE_CURVE('',#13928,#13905,#13936,.T.);
#13936 = LINE('',#13937,#13938);
#13937 = CARTESIAN_POINT('',(-0.32,-18.1,-2.84));
#13938 = VECTOR('',#13939,1.);
#13939 = DIRECTION('',(0.,1.,0.));
#13940 = ORIENTED_EDGE('',*,*,#13912,.T.);
#13941 = ORIENTED_EDGE('',*,*,#11479,.F.);
#13942 = PLANE('',#13943);
#13943 = AXIS2_PLACEMENT_3D('',#13944,#13945,#13946);
#13944 = CARTESIAN_POINT('',(-0.32,-18.1,-3.));
#13945 = DIRECTION('',(1.,0.,0.));
#13946 = DIRECTION('',(0.,0.,1.));
#13947 = ADVANCED_FACE('',(#13948),#13966,.F.);
#13948 = FACE_BOUND('',#13949,.F.);
#13949 = EDGE_LOOP('',(#13950,#13958,#13964,#13965));
#13950 = ORIENTED_EDGE('',*,*,#13951,.F.);
#13951 = EDGE_CURVE('',#13952,#11464,#13954,.T.);
#13952 = VERTEX_POINT('',#13953);
#13953 = CARTESIAN_POINT('',(0.32,-18.1,-2.84));
#13954 = LINE('',#13955,#13956);
#13955 = CARTESIAN_POINT('',(0.32,-18.1,-3.));
#13956 = VECTOR('',#13957,1.);
#13957 = DIRECTION('',(0.,0.,1.));
#13958 = ORIENTED_EDGE('',*,*,#13959,.F.);
#13959 = EDGE_CURVE('',#13928,#13952,#13960,.T.);
#13960 = LINE('',#13961,#13962);
#13961 = CARTESIAN_POINT('',(-0.32,-18.1,-2.84));
#13962 = VECTOR('',#13963,1.);
#13963 = DIRECTION('',(1.,0.,0.));
#13964 = ORIENTED_EDGE('',*,*,#13927,.T.);
#13965 = ORIENTED_EDGE('',*,*,#11471,.F.);
#13966 = PLANE('',#13967);
#13967 = AXIS2_PLACEMENT_3D('',#13968,#13969,#13970);
#13968 = CARTESIAN_POINT('',(-0.32,-18.1,-3.));
#13969 = DIRECTION('',(0.,1.,0.));
#13970 = DIRECTION('',(0.,-0.,1.));
#13971 = ADVANCED_FACE('',(#13972),#13983,.T.);
#13972 = FACE_BOUND('',#13973,.T.);
#13973 = EDGE_LOOP('',(#13974,#13975,#13981,#13982));
#13974 = ORIENTED_EDGE('',*,*,#13951,.F.);
#13975 = ORIENTED_EDGE('',*,*,#13976,.T.);
#13976 = EDGE_CURVE('',#13952,#13897,#13977,.T.);
#13977 = LINE('',#13978,#13979);
#13978 = CARTESIAN_POINT('',(0.32,-18.1,-2.84));
#13979 = VECTOR('',#13980,1.);
#13980 = DIRECTION('',(0.,1.,0.));
#13981 = ORIENTED_EDGE('',*,*,#13896,.T.);
#13982 = ORIENTED_EDGE('',*,*,#11463,.F.);
#13983 = PLANE('',#13984);
#13984 = AXIS2_PLACEMENT_3D('',#13985,#13986,#13987);
#13985 = CARTESIAN_POINT('',(0.32,-18.1,-3.));
#13986 = DIRECTION('',(1.,0.,0.));
#13987 = DIRECTION('',(0.,0.,1.));
#13988 = ADVANCED_FACE('',(#13989),#14014,.T.);
#13989 = FACE_BOUND('',#13990,.T.);
#13990 = EDGE_LOOP('',(#13991,#13999,#14000,#14008));
#13991 = ORIENTED_EDGE('',*,*,#13992,.F.);
#13992 = EDGE_CURVE('',#11921,#13993,#13995,.T.);
#13993 = VERTEX_POINT('',#13994);
#13994 = CARTESIAN_POINT('',(0.32,-0.32,8.38));
#13995 = LINE('',#13996,#13997);
#13996 = CARTESIAN_POINT('',(0.32,-0.32,-3.));
#13997 = VECTOR('',#13998,1.);
#13998 = DIRECTION('',(0.,0.,1.));
#13999 = ORIENTED_EDGE('',*,*,#11920,.T.);
#14000 = ORIENTED_EDGE('',*,*,#14001,.T.);
#14001 = EDGE_CURVE('',#11923,#14002,#14004,.T.);
#14002 = VERTEX_POINT('',#14003);
#14003 = CARTESIAN_POINT('',(0.32,0.32,8.38));
#14004 = LINE('',#14005,#14006);
#14005 = CARTESIAN_POINT('',(0.32,0.32,-3.));
#14006 = VECTOR('',#14007,1.);
#14007 = DIRECTION('',(0.,0.,1.));
#14008 = ORIENTED_EDGE('',*,*,#14009,.F.);
#14009 = EDGE_CURVE('',#13993,#14002,#14010,.T.);
#14010 = LINE('',#14011,#14012);
#14011 = CARTESIAN_POINT('',(0.32,-0.32,8.38));
#14012 = VECTOR('',#14013,1.);
#14013 = DIRECTION('',(0.,1.,0.));
#14014 = PLANE('',#14015);
#14015 = AXIS2_PLACEMENT_3D('',#14016,#14017,#14018);
#14016 = CARTESIAN_POINT('',(0.32,-0.32,-3.));
#14017 = DIRECTION('',(1.,0.,0.));
#14018 = DIRECTION('',(0.,0.,1.));
#14019 = ADVANCED_FACE('',(#14020),#14038,.T.);
#14020 = FACE_BOUND('',#14021,.T.);
#14021 = EDGE_LOOP('',(#14022,#14023,#14024,#14032));
#14022 = ORIENTED_EDGE('',*,*,#14001,.F.);
#14023 = ORIENTED_EDGE('',*,*,#11946,.T.);
#14024 = ORIENTED_EDGE('',*,*,#14025,.T.);
#14025 = EDGE_CURVE('',#11939,#14026,#14028,.T.);
#14026 = VERTEX_POINT('',#14027);
#14027 = CARTESIAN_POINT('',(-0.32,0.32,8.38));
#14028 = LINE('',#14029,#14030);
#14029 = CARTESIAN_POINT('',(-0.32,0.32,-3.));
#14030 = VECTOR('',#14031,1.);
#14031 = DIRECTION('',(0.,0.,1.));
#14032 = ORIENTED_EDGE('',*,*,#14033,.T.);
#14033 = EDGE_CURVE('',#14026,#14002,#14034,.T.);
#14034 = LINE('',#14035,#14036);
#14035 = CARTESIAN_POINT('',(-0.32,0.32,8.38));
#14036 = VECTOR('',#14037,1.);
#14037 = DIRECTION('',(1.,0.,0.));
#14038 = PLANE('',#14039);
#14039 = AXIS2_PLACEMENT_3D('',#14040,#14041,#14042);
#14040 = CARTESIAN_POINT('',(-0.32,0.32,-3.));
#14041 = DIRECTION('',(0.,1.,0.));
#14042 = DIRECTION('',(0.,-0.,1.));
#14043 = ADVANCED_FACE('',(#14044),#14062,.F.);
#14044 = FACE_BOUND('',#14045,.F.);
#14045 = EDGE_LOOP('',(#14046,#14054,#14055,#14056));
#14046 = ORIENTED_EDGE('',*,*,#14047,.F.);
#14047 = EDGE_CURVE('',#11931,#14048,#14050,.T.);
#14048 = VERTEX_POINT('',#14049);
#14049 = CARTESIAN_POINT('',(-0.32,-0.32,8.38));
#14050 = LINE('',#14051,#14052);
#14051 = CARTESIAN_POINT('',(-0.32,-0.32,-3.));
#14052 = VECTOR('',#14053,1.);
#14053 = DIRECTION('',(0.,0.,1.));
#14054 = ORIENTED_EDGE('',*,*,#11938,.T.);
#14055 = ORIENTED_EDGE('',*,*,#14025,.T.);
#14056 = ORIENTED_EDGE('',*,*,#14057,.F.);
#14057 = EDGE_CURVE('',#14048,#14026,#14058,.T.);
#14058 = LINE('',#14059,#14060);
#14059 = CARTESIAN_POINT('',(-0.32,-0.32,8.38));
#14060 = VECTOR('',#14061,1.);
#14061 = DIRECTION('',(0.,1.,0.));
#14062 = PLANE('',#14063);
#14063 = AXIS2_PLACEMENT_3D('',#14064,#14065,#14066);
#14064 = CARTESIAN_POINT('',(-0.32,-0.32,-3.));
#14065 = DIRECTION('',(1.,0.,0.));
#14066 = DIRECTION('',(0.,0.,1.));
#14067 = ADVANCED_FACE('',(#14068),#14079,.F.);
#14068 = FACE_BOUND('',#14069,.F.);
#14069 = EDGE_LOOP('',(#14070,#14071,#14072,#14073));
#14070 = ORIENTED_EDGE('',*,*,#13992,.F.);
#14071 = ORIENTED_EDGE('',*,*,#11930,.T.);
#14072 = ORIENTED_EDGE('',*,*,#14047,.T.);
#14073 = ORIENTED_EDGE('',*,*,#14074,.T.);
#14074 = EDGE_CURVE('',#14048,#13993,#14075,.T.);
#14075 = LINE('',#14076,#14077);
#14076 = CARTESIAN_POINT('',(-0.32,-0.32,8.38));
#14077 = VECTOR('',#14078,1.);
#14078 = DIRECTION('',(1.,0.,0.));
#14079 = PLANE('',#14080);
#14080 = AXIS2_PLACEMENT_3D('',#14081,#14082,#14083);
#14081 = CARTESIAN_POINT('',(-0.32,-0.32,-3.));
#14082 = DIRECTION('',(0.,1.,0.));
#14083 = DIRECTION('',(0.,-0.,1.));
#14084 = ADVANCED_FACE('',(#14085),#14110,.T.);
#14085 = FACE_BOUND('',#14086,.T.);
#14086 = EDGE_LOOP('',(#14087,#14095,#14096,#14104));
#14087 = ORIENTED_EDGE('',*,*,#14088,.F.);
#14088 = EDGE_CURVE('',#11955,#14089,#14091,.T.);
#14089 = VERTEX_POINT('',#14090);
#14090 = CARTESIAN_POINT('',(0.32,-2.22,8.38));
#14091 = LINE('',#14092,#14093);
#14092 = CARTESIAN_POINT('',(0.32,-2.22,-3.));
#14093 = VECTOR('',#14094,1.);
#14094 = DIRECTION('',(0.,0.,1.));
#14095 = ORIENTED_EDGE('',*,*,#11954,.T.);
#14096 = ORIENTED_EDGE('',*,*,#14097,.T.);
#14097 = EDGE_CURVE('',#11957,#14098,#14100,.T.);
#14098 = VERTEX_POINT('',#14099);
#14099 = CARTESIAN_POINT('',(-0.32,-2.22,8.38));
#14100 = LINE('',#14101,#14102);
#14101 = CARTESIAN_POINT('',(-0.32,-2.22,-3.));
#14102 = VECTOR('',#14103,1.);
#14103 = DIRECTION('',(0.,0.,1.));
#14104 = ORIENTED_EDGE('',*,*,#14105,.T.);
#14105 = EDGE_CURVE('',#14098,#14089,#14106,.T.);
#14106 = LINE('',#14107,#14108);
#14107 = CARTESIAN_POINT('',(-0.32,-2.22,8.38));
#14108 = VECTOR('',#14109,1.);
#14109 = DIRECTION('',(1.,0.,0.));
#14110 = PLANE('',#14111);
#14111 = AXIS2_PLACEMENT_3D('',#14112,#14113,#14114);
#14112 = CARTESIAN_POINT('',(-0.32,-2.22,-3.));
#14113 = DIRECTION('',(0.,1.,0.));
#14114 = DIRECTION('',(0.,-0.,1.));
#14115 = ADVANCED_FACE('',(#14116),#14134,.F.);
#14116 = FACE_BOUND('',#14117,.F.);
#14117 = EDGE_LOOP('',(#14118,#14126,#14127,#14128));
#14118 = ORIENTED_EDGE('',*,*,#14119,.F.);
#14119 = EDGE_CURVE('',#11973,#14120,#14122,.T.);
#14120 = VERTEX_POINT('',#14121);
#14121 = CARTESIAN_POINT('',(-0.32,-2.86,8.38));
#14122 = LINE('',#14123,#14124);
#14123 = CARTESIAN_POINT('',(-0.32,-2.86,-3.));
#14124 = VECTOR('',#14125,1.);
#14125 = DIRECTION('',(0.,0.,1.));
#14126 = ORIENTED_EDGE('',*,*,#11980,.T.);
#14127 = ORIENTED_EDGE('',*,*,#14097,.T.);
#14128 = ORIENTED_EDGE('',*,*,#14129,.F.);
#14129 = EDGE_CURVE('',#14120,#14098,#14130,.T.);
#14130 = LINE('',#14131,#14132);
#14131 = CARTESIAN_POINT('',(-0.32,-2.86,8.38));
#14132 = VECTOR('',#14133,1.);
#14133 = DIRECTION('',(0.,1.,0.));
#14134 = PLANE('',#14135);
#14135 = AXIS2_PLACEMENT_3D('',#14136,#14137,#14138);
#14136 = CARTESIAN_POINT('',(-0.32,-2.86,-3.));
#14137 = DIRECTION('',(1.,0.,0.));
#14138 = DIRECTION('',(0.,0.,1.));
#14139 = ADVANCED_FACE('',(#14140),#14158,.F.);
#14140 = FACE_BOUND('',#14141,.F.);
#14141 = EDGE_LOOP('',(#14142,#14150,#14151,#14152));
#14142 = ORIENTED_EDGE('',*,*,#14143,.F.);
#14143 = EDGE_CURVE('',#11965,#14144,#14146,.T.);
#14144 = VERTEX_POINT('',#14145);
#14145 = CARTESIAN_POINT('',(0.32,-2.86,8.38));
#14146 = LINE('',#14147,#14148);
#14147 = CARTESIAN_POINT('',(0.32,-2.86,-3.));
#14148 = VECTOR('',#14149,1.);
#14149 = DIRECTION('',(0.,0.,1.));
#14150 = ORIENTED_EDGE('',*,*,#11972,.T.);
#14151 = ORIENTED_EDGE('',*,*,#14119,.T.);
#14152 = ORIENTED_EDGE('',*,*,#14153,.T.);
#14153 = EDGE_CURVE('',#14120,#14144,#14154,.T.);
#14154 = LINE('',#14155,#14156);
#14155 = CARTESIAN_POINT('',(-0.32,-2.86,8.38));
#14156 = VECTOR('',#14157,1.);
#14157 = DIRECTION('',(1.,0.,0.));
#14158 = PLANE('',#14159);
#14159 = AXIS2_PLACEMENT_3D('',#14160,#14161,#14162);
#14160 = CARTESIAN_POINT('',(-0.32,-2.86,-3.));
#14161 = DIRECTION('',(0.,1.,0.));
#14162 = DIRECTION('',(0.,-0.,1.));
#14163 = ADVANCED_FACE('',(#14164),#14175,.T.);
#14164 = FACE_BOUND('',#14165,.T.);
#14165 = EDGE_LOOP('',(#14166,#14167,#14168,#14169));
#14166 = ORIENTED_EDGE('',*,*,#14143,.F.);
#14167 = ORIENTED_EDGE('',*,*,#11964,.T.);
#14168 = ORIENTED_EDGE('',*,*,#14088,.T.);
#14169 = ORIENTED_EDGE('',*,*,#14170,.F.);
#14170 = EDGE_CURVE('',#14144,#14089,#14171,.T.);
#14171 = LINE('',#14172,#14173);
#14172 = CARTESIAN_POINT('',(0.32,-2.86,8.38));
#14173 = VECTOR('',#14174,1.);
#14174 = DIRECTION('',(0.,1.,0.));
#14175 = PLANE('',#14176);
#14176 = AXIS2_PLACEMENT_3D('',#14177,#14178,#14179);
#14177 = CARTESIAN_POINT('',(0.32,-2.86,-3.));
#14178 = DIRECTION('',(1.,0.,0.));
#14179 = DIRECTION('',(0.,0.,1.));
#14180 = ADVANCED_FACE('',(#14181),#14206,.T.);
#14181 = FACE_BOUND('',#14182,.T.);
#14182 = EDGE_LOOP('',(#14183,#14191,#14192,#14200));
#14183 = ORIENTED_EDGE('',*,*,#14184,.F.);
#14184 = EDGE_CURVE('',#11989,#14185,#14187,.T.);
#14185 = VERTEX_POINT('',#14186);
#14186 = CARTESIAN_POINT('',(0.32,-5.4,8.38));
#14187 = LINE('',#14188,#14189);
#14188 = CARTESIAN_POINT('',(0.32,-5.4,-3.));
#14189 = VECTOR('',#14190,1.);
#14190 = DIRECTION('',(0.,0.,1.));
#14191 = ORIENTED_EDGE('',*,*,#11988,.T.);
#14192 = ORIENTED_EDGE('',*,*,#14193,.T.);
#14193 = EDGE_CURVE('',#11991,#14194,#14196,.T.);
#14194 = VERTEX_POINT('',#14195);
#14195 = CARTESIAN_POINT('',(0.32,-4.76,8.38));
#14196 = LINE('',#14197,#14198);
#14197 = CARTESIAN_POINT('',(0.32,-4.76,-3.));
#14198 = VECTOR('',#14199,1.);
#14199 = DIRECTION('',(0.,0.,1.));
#14200 = ORIENTED_EDGE('',*,*,#14201,.F.);
#14201 = EDGE_CURVE('',#14185,#14194,#14202,.T.);
#14202 = LINE('',#14203,#14204);
#14203 = CARTESIAN_POINT('',(0.32,-5.4,8.38));
#14204 = VECTOR('',#14205,1.);
#14205 = DIRECTION('',(0.,1.,0.));
#14206 = PLANE('',#14207);
#14207 = AXIS2_PLACEMENT_3D('',#14208,#14209,#14210);
#14208 = CARTESIAN_POINT('',(0.32,-5.4,-3.));
#14209 = DIRECTION('',(1.,0.,0.));
#14210 = DIRECTION('',(0.,0.,1.));
#14211 = ADVANCED_FACE('',(#14212),#14230,.T.);
#14212 = FACE_BOUND('',#14213,.T.);
#14213 = EDGE_LOOP('',(#14214,#14215,#14216,#14224));
#14214 = ORIENTED_EDGE('',*,*,#14193,.F.);
#14215 = ORIENTED_EDGE('',*,*,#12014,.T.);
#14216 = ORIENTED_EDGE('',*,*,#14217,.T.);
#14217 = EDGE_CURVE('',#12007,#14218,#14220,.T.);
#14218 = VERTEX_POINT('',#14219);
#14219 = CARTESIAN_POINT('',(-0.32,-4.76,8.38));
#14220 = LINE('',#14221,#14222);
#14221 = CARTESIAN_POINT('',(-0.32,-4.76,-3.));
#14222 = VECTOR('',#14223,1.);
#14223 = DIRECTION('',(0.,0.,1.));
#14224 = ORIENTED_EDGE('',*,*,#14225,.T.);
#14225 = EDGE_CURVE('',#14218,#14194,#14226,.T.);
#14226 = LINE('',#14227,#14228);
#14227 = CARTESIAN_POINT('',(-0.32,-4.76,8.38));
#14228 = VECTOR('',#14229,1.);
#14229 = DIRECTION('',(1.,0.,0.));
#14230 = PLANE('',#14231);
#14231 = AXIS2_PLACEMENT_3D('',#14232,#14233,#14234);
#14232 = CARTESIAN_POINT('',(-0.32,-4.76,-3.));
#14233 = DIRECTION('',(0.,1.,0.));
#14234 = DIRECTION('',(0.,-0.,1.));
#14235 = ADVANCED_FACE('',(#14236),#14254,.F.);
#14236 = FACE_BOUND('',#14237,.F.);
#14237 = EDGE_LOOP('',(#14238,#14246,#14247,#14248));
#14238 = ORIENTED_EDGE('',*,*,#14239,.F.);
#14239 = EDGE_CURVE('',#11999,#14240,#14242,.T.);
#14240 = VERTEX_POINT('',#14241);
#14241 = CARTESIAN_POINT('',(-0.32,-5.4,8.38));
#14242 = LINE('',#14243,#14244);
#14243 = CARTESIAN_POINT('',(-0.32,-5.4,-3.));
#14244 = VECTOR('',#14245,1.);
#14245 = DIRECTION('',(0.,0.,1.));
#14246 = ORIENTED_EDGE('',*,*,#12006,.T.);
#14247 = ORIENTED_EDGE('',*,*,#14217,.T.);
#14248 = ORIENTED_EDGE('',*,*,#14249,.F.);
#14249 = EDGE_CURVE('',#14240,#14218,#14250,.T.);
#14250 = LINE('',#14251,#14252);
#14251 = CARTESIAN_POINT('',(-0.32,-5.4,8.38));
#14252 = VECTOR('',#14253,1.);
#14253 = DIRECTION('',(0.,1.,0.));
#14254 = PLANE('',#14255);
#14255 = AXIS2_PLACEMENT_3D('',#14256,#14257,#14258);
#14256 = CARTESIAN_POINT('',(-0.32,-5.4,-3.));
#14257 = DIRECTION('',(1.,0.,0.));
#14258 = DIRECTION('',(0.,0.,1.));
#14259 = ADVANCED_FACE('',(#14260),#14271,.F.);
#14260 = FACE_BOUND('',#14261,.F.);
#14261 = EDGE_LOOP('',(#14262,#14263,#14264,#14265));
#14262 = ORIENTED_EDGE('',*,*,#14184,.F.);
#14263 = ORIENTED_EDGE('',*,*,#11998,.T.);
#14264 = ORIENTED_EDGE('',*,*,#14239,.T.);
#14265 = ORIENTED_EDGE('',*,*,#14266,.T.);
#14266 = EDGE_CURVE('',#14240,#14185,#14267,.T.);
#14267 = LINE('',#14268,#14269);
#14268 = CARTESIAN_POINT('',(-0.32,-5.4,8.38));
#14269 = VECTOR('',#14270,1.);
#14270 = DIRECTION('',(1.,0.,0.));
#14271 = PLANE('',#14272);
#14272 = AXIS2_PLACEMENT_3D('',#14273,#14274,#14275);
#14273 = CARTESIAN_POINT('',(-0.32,-5.4,-3.));
#14274 = DIRECTION('',(0.,1.,0.));
#14275 = DIRECTION('',(0.,-0.,1.));
#14276 = ADVANCED_FACE('',(#14277),#14302,.T.);
#14277 = FACE_BOUND('',#14278,.T.);
#14278 = EDGE_LOOP('',(#14279,#14287,#14288,#14296));
#14279 = ORIENTED_EDGE('',*,*,#14280,.F.);
#14280 = EDGE_CURVE('',#12023,#14281,#14283,.T.);
#14281 = VERTEX_POINT('',#14282);
#14282 = CARTESIAN_POINT('',(0.32,-7.3,8.38));
#14283 = LINE('',#14284,#14285);
#14284 = CARTESIAN_POINT('',(0.32,-7.3,-3.));
#14285 = VECTOR('',#14286,1.);
#14286 = DIRECTION('',(0.,0.,1.));
#14287 = ORIENTED_EDGE('',*,*,#12022,.T.);
#14288 = ORIENTED_EDGE('',*,*,#14289,.T.);
#14289 = EDGE_CURVE('',#12025,#14290,#14292,.T.);
#14290 = VERTEX_POINT('',#14291);
#14291 = CARTESIAN_POINT('',(-0.32,-7.3,8.38));
#14292 = LINE('',#14293,#14294);
#14293 = CARTESIAN_POINT('',(-0.32,-7.3,-3.));
#14294 = VECTOR('',#14295,1.);
#14295 = DIRECTION('',(0.,0.,1.));
#14296 = ORIENTED_EDGE('',*,*,#14297,.T.);
#14297 = EDGE_CURVE('',#14290,#14281,#14298,.T.);
#14298 = LINE('',#14299,#14300);
#14299 = CARTESIAN_POINT('',(-0.32,-7.3,8.38));
#14300 = VECTOR('',#14301,1.);
#14301 = DIRECTION('',(1.,0.,0.));
#14302 = PLANE('',#14303);
#14303 = AXIS2_PLACEMENT_3D('',#14304,#14305,#14306);
#14304 = CARTESIAN_POINT('',(-0.32,-7.3,-3.));
#14305 = DIRECTION('',(0.,1.,0.));
#14306 = DIRECTION('',(0.,-0.,1.));
#14307 = ADVANCED_FACE('',(#14308),#14326,.F.);
#14308 = FACE_BOUND('',#14309,.F.);
#14309 = EDGE_LOOP('',(#14310,#14318,#14319,#14320));
#14310 = ORIENTED_EDGE('',*,*,#14311,.F.);
#14311 = EDGE_CURVE('',#12041,#14312,#14314,.T.);
#14312 = VERTEX_POINT('',#14313);
#14313 = CARTESIAN_POINT('',(-0.32,-7.94,8.38));
#14314 = LINE('',#14315,#14316);
#14315 = CARTESIAN_POINT('',(-0.32,-7.94,-3.));
#14316 = VECTOR('',#14317,1.);
#14317 = DIRECTION('',(0.,0.,1.));
#14318 = ORIENTED_EDGE('',*,*,#12048,.T.);
#14319 = ORIENTED_EDGE('',*,*,#14289,.T.);
#14320 = ORIENTED_EDGE('',*,*,#14321,.F.);
#14321 = EDGE_CURVE('',#14312,#14290,#14322,.T.);
#14322 = LINE('',#14323,#14324);
#14323 = CARTESIAN_POINT('',(-0.32,-7.94,8.38));
#14324 = VECTOR('',#14325,1.);
#14325 = DIRECTION('',(0.,1.,0.));
#14326 = PLANE('',#14327);
#14327 = AXIS2_PLACEMENT_3D('',#14328,#14329,#14330);
#14328 = CARTESIAN_POINT('',(-0.32,-7.94,-3.));
#14329 = DIRECTION('',(1.,0.,0.));
#14330 = DIRECTION('',(0.,0.,1.));
#14331 = ADVANCED_FACE('',(#14332),#14350,.F.);
#14332 = FACE_BOUND('',#14333,.F.);
#14333 = EDGE_LOOP('',(#14334,#14342,#14343,#14344));
#14334 = ORIENTED_EDGE('',*,*,#14335,.F.);
#14335 = EDGE_CURVE('',#12033,#14336,#14338,.T.);
#14336 = VERTEX_POINT('',#14337);
#14337 = CARTESIAN_POINT('',(0.32,-7.94,8.38));
#14338 = LINE('',#14339,#14340);
#14339 = CARTESIAN_POINT('',(0.32,-7.94,-3.));
#14340 = VECTOR('',#14341,1.);
#14341 = DIRECTION('',(0.,0.,1.));
#14342 = ORIENTED_EDGE('',*,*,#12040,.T.);
#14343 = ORIENTED_EDGE('',*,*,#14311,.T.);
#14344 = ORIENTED_EDGE('',*,*,#14345,.T.);
#14345 = EDGE_CURVE('',#14312,#14336,#14346,.T.);
#14346 = LINE('',#14347,#14348);
#14347 = CARTESIAN_POINT('',(-0.32,-7.94,8.38));
#14348 = VECTOR('',#14349,1.);
#14349 = DIRECTION('',(1.,0.,0.));
#14350 = PLANE('',#14351);
#14351 = AXIS2_PLACEMENT_3D('',#14352,#14353,#14354);
#14352 = CARTESIAN_POINT('',(-0.32,-7.94,-3.));
#14353 = DIRECTION('',(0.,1.,0.));
#14354 = DIRECTION('',(0.,-0.,1.));
#14355 = ADVANCED_FACE('',(#14356),#14367,.T.);
#14356 = FACE_BOUND('',#14357,.T.);
#14357 = EDGE_LOOP('',(#14358,#14359,#14360,#14361));
#14358 = ORIENTED_EDGE('',*,*,#14335,.F.);
#14359 = ORIENTED_EDGE('',*,*,#12032,.T.);
#14360 = ORIENTED_EDGE('',*,*,#14280,.T.);
#14361 = ORIENTED_EDGE('',*,*,#14362,.F.);
#14362 = EDGE_CURVE('',#14336,#14281,#14363,.T.);
#14363 = LINE('',#14364,#14365);
#14364 = CARTESIAN_POINT('',(0.32,-7.94,8.38));
#14365 = VECTOR('',#14366,1.);
#14366 = DIRECTION('',(0.,1.,0.));
#14367 = PLANE('',#14368);
#14368 = AXIS2_PLACEMENT_3D('',#14369,#14370,#14371);
#14369 = CARTESIAN_POINT('',(0.32,-7.94,-3.));
#14370 = DIRECTION('',(1.,0.,0.));
#14371 = DIRECTION('',(0.,0.,1.));
#14372 = ADVANCED_FACE('',(#14373),#14398,.T.);
#14373 = FACE_BOUND('',#14374,.T.);
#14374 = EDGE_LOOP('',(#14375,#14383,#14384,#14392));
#14375 = ORIENTED_EDGE('',*,*,#14376,.F.);
#14376 = EDGE_CURVE('',#12057,#14377,#14379,.T.);
#14377 = VERTEX_POINT('',#14378);
#14378 = CARTESIAN_POINT('',(0.32,-15.56,8.38));
#14379 = LINE('',#14380,#14381);
#14380 = CARTESIAN_POINT('',(0.32,-15.56,-3.));
#14381 = VECTOR('',#14382,1.);
#14382 = DIRECTION('',(0.,0.,1.));
#14383 = ORIENTED_EDGE('',*,*,#12056,.T.);
#14384 = ORIENTED_EDGE('',*,*,#14385,.T.);
#14385 = EDGE_CURVE('',#12059,#14386,#14388,.T.);
#14386 = VERTEX_POINT('',#14387);
#14387 = CARTESIAN_POINT('',(0.32,-14.92,8.38));
#14388 = LINE('',#14389,#14390);
#14389 = CARTESIAN_POINT('',(0.32,-14.92,-3.));
#14390 = VECTOR('',#14391,1.);
#14391 = DIRECTION('',(0.,0.,1.));
#14392 = ORIENTED_EDGE('',*,*,#14393,.F.);
#14393 = EDGE_CURVE('',#14377,#14386,#14394,.T.);
#14394 = LINE('',#14395,#14396);
#14395 = CARTESIAN_POINT('',(0.32,-15.56,8.38));
#14396 = VECTOR('',#14397,1.);
#14397 = DIRECTION('',(0.,1.,0.));
#14398 = PLANE('',#14399);
#14399 = AXIS2_PLACEMENT_3D('',#14400,#14401,#14402);
#14400 = CARTESIAN_POINT('',(0.32,-15.56,-3.));
#14401 = DIRECTION('',(1.,0.,0.));
#14402 = DIRECTION('',(0.,0.,1.));
#14403 = ADVANCED_FACE('',(#14404),#14422,.T.);
#14404 = FACE_BOUND('',#14405,.T.);
#14405 = EDGE_LOOP('',(#14406,#14407,#14408,#14416));
#14406 = ORIENTED_EDGE('',*,*,#14385,.F.);
#14407 = ORIENTED_EDGE('',*,*,#12082,.T.);
#14408 = ORIENTED_EDGE('',*,*,#14409,.T.);
#14409 = EDGE_CURVE('',#12075,#14410,#14412,.T.);
#14410 = VERTEX_POINT('',#14411);
#14411 = CARTESIAN_POINT('',(-0.32,-14.92,8.38));
#14412 = LINE('',#14413,#14414);
#14413 = CARTESIAN_POINT('',(-0.32,-14.92,-3.));
#14414 = VECTOR('',#14415,1.);
#14415 = DIRECTION('',(0.,0.,1.));
#14416 = ORIENTED_EDGE('',*,*,#14417,.T.);
#14417 = EDGE_CURVE('',#14410,#14386,#14418,.T.);
#14418 = LINE('',#14419,#14420);
#14419 = CARTESIAN_POINT('',(-0.32,-14.92,8.38));
#14420 = VECTOR('',#14421,1.);
#14421 = DIRECTION('',(1.,0.,0.));
#14422 = PLANE('',#14423);
#14423 = AXIS2_PLACEMENT_3D('',#14424,#14425,#14426);
#14424 = CARTESIAN_POINT('',(-0.32,-14.92,-3.));
#14425 = DIRECTION('',(0.,1.,0.));
#14426 = DIRECTION('',(0.,-0.,1.));
#14427 = ADVANCED_FACE('',(#14428),#14446,.F.);
#14428 = FACE_BOUND('',#14429,.F.);
#14429 = EDGE_LOOP('',(#14430,#14438,#14439,#14440));
#14430 = ORIENTED_EDGE('',*,*,#14431,.F.);
#14431 = EDGE_CURVE('',#12067,#14432,#14434,.T.);
#14432 = VERTEX_POINT('',#14433);
#14433 = CARTESIAN_POINT('',(-0.32,-15.56,8.38));
#14434 = LINE('',#14435,#14436);
#14435 = CARTESIAN_POINT('',(-0.32,-15.56,-3.));
#14436 = VECTOR('',#14437,1.);
#14437 = DIRECTION('',(0.,0.,1.));
#14438 = ORIENTED_EDGE('',*,*,#12074,.T.);
#14439 = ORIENTED_EDGE('',*,*,#14409,.T.);
#14440 = ORIENTED_EDGE('',*,*,#14441,.F.);
#14441 = EDGE_CURVE('',#14432,#14410,#14442,.T.);
#14442 = LINE('',#14443,#14444);
#14443 = CARTESIAN_POINT('',(-0.32,-15.56,8.38));
#14444 = VECTOR('',#14445,1.);
#14445 = DIRECTION('',(0.,1.,0.));
#14446 = PLANE('',#14447);
#14447 = AXIS2_PLACEMENT_3D('',#14448,#14449,#14450);
#14448 = CARTESIAN_POINT('',(-0.32,-15.56,-3.));
#14449 = DIRECTION('',(1.,0.,0.));
#14450 = DIRECTION('',(0.,0.,1.));
#14451 = ADVANCED_FACE('',(#14452),#14463,.F.);
#14452 = FACE_BOUND('',#14453,.F.);
#14453 = EDGE_LOOP('',(#14454,#14455,#14456,#14457));
#14454 = ORIENTED_EDGE('',*,*,#14376,.F.);
#14455 = ORIENTED_EDGE('',*,*,#12066,.T.);
#14456 = ORIENTED_EDGE('',*,*,#14431,.T.);
#14457 = ORIENTED_EDGE('',*,*,#14458,.T.);
#14458 = EDGE_CURVE('',#14432,#14377,#14459,.T.);
#14459 = LINE('',#14460,#14461);
#14460 = CARTESIAN_POINT('',(-0.32,-15.56,8.38));
#14461 = VECTOR('',#14462,1.);
#14462 = DIRECTION('',(1.,0.,0.));
#14463 = PLANE('',#14464);
#14464 = AXIS2_PLACEMENT_3D('',#14465,#14466,#14467);
#14465 = CARTESIAN_POINT('',(-0.32,-15.56,-3.));
#14466 = DIRECTION('',(0.,1.,0.));
#14467 = DIRECTION('',(0.,-0.,1.));
#14468 = ADVANCED_FACE('',(#14469),#14494,.T.);
#14469 = FACE_BOUND('',#14470,.T.);
#14470 = EDGE_LOOP('',(#14471,#14479,#14480,#14488));
#14471 = ORIENTED_EDGE('',*,*,#14472,.F.);
#14472 = EDGE_CURVE('',#12091,#14473,#14475,.T.);
#14473 = VERTEX_POINT('',#14474);
#14474 = CARTESIAN_POINT('',(0.32,-9.84,8.38));
#14475 = LINE('',#14476,#14477);
#14476 = CARTESIAN_POINT('',(0.32,-9.84,-3.));
#14477 = VECTOR('',#14478,1.);
#14478 = DIRECTION('',(0.,0.,1.));
#14479 = ORIENTED_EDGE('',*,*,#12090,.T.);
#14480 = ORIENTED_EDGE('',*,*,#14481,.T.);
#14481 = EDGE_CURVE('',#12093,#14482,#14484,.T.);
#14482 = VERTEX_POINT('',#14483);
#14483 = CARTESIAN_POINT('',(-0.32,-9.84,8.38));
#14484 = LINE('',#14485,#14486);
#14485 = CARTESIAN_POINT('',(-0.32,-9.84,-3.));
#14486 = VECTOR('',#14487,1.);
#14487 = DIRECTION('',(0.,0.,1.));
#14488 = ORIENTED_EDGE('',*,*,#14489,.T.);
#14489 = EDGE_CURVE('',#14482,#14473,#14490,.T.);
#14490 = LINE('',#14491,#14492);
#14491 = CARTESIAN_POINT('',(-0.32,-9.84,8.38));
#14492 = VECTOR('',#14493,1.);
#14493 = DIRECTION('',(1.,0.,0.));
#14494 = PLANE('',#14495);
#14495 = AXIS2_PLACEMENT_3D('',#14496,#14497,#14498);
#14496 = CARTESIAN_POINT('',(-0.32,-9.84,-3.));
#14497 = DIRECTION('',(0.,1.,0.));
#14498 = DIRECTION('',(0.,-0.,1.));
#14499 = ADVANCED_FACE('',(#14500),#14518,.F.);
#14500 = FACE_BOUND('',#14501,.F.);
#14501 = EDGE_LOOP('',(#14502,#14510,#14511,#14512));
#14502 = ORIENTED_EDGE('',*,*,#14503,.F.);
#14503 = EDGE_CURVE('',#12109,#14504,#14506,.T.);
#14504 = VERTEX_POINT('',#14505);
#14505 = CARTESIAN_POINT('',(-0.32,-10.48,8.38));
#14506 = LINE('',#14507,#14508);
#14507 = CARTESIAN_POINT('',(-0.32,-10.48,-3.));
#14508 = VECTOR('',#14509,1.);
#14509 = DIRECTION('',(0.,0.,1.));
#14510 = ORIENTED_EDGE('',*,*,#12116,.T.);
#14511 = ORIENTED_EDGE('',*,*,#14481,.T.);
#14512 = ORIENTED_EDGE('',*,*,#14513,.F.);
#14513 = EDGE_CURVE('',#14504,#14482,#14514,.T.);
#14514 = LINE('',#14515,#14516);
#14515 = CARTESIAN_POINT('',(-0.32,-10.48,8.38));
#14516 = VECTOR('',#14517,1.);
#14517 = DIRECTION('',(0.,1.,0.));
#14518 = PLANE('',#14519);
#14519 = AXIS2_PLACEMENT_3D('',#14520,#14521,#14522);
#14520 = CARTESIAN_POINT('',(-0.32,-10.48,-3.));
#14521 = DIRECTION('',(1.,0.,0.));
#14522 = DIRECTION('',(0.,0.,1.));
#14523 = ADVANCED_FACE('',(#14524),#14542,.F.);
#14524 = FACE_BOUND('',#14525,.F.);
#14525 = EDGE_LOOP('',(#14526,#14534,#14535,#14536));
#14526 = ORIENTED_EDGE('',*,*,#14527,.F.);
#14527 = EDGE_CURVE('',#12101,#14528,#14530,.T.);
#14528 = VERTEX_POINT('',#14529);
#14529 = CARTESIAN_POINT('',(0.32,-10.48,8.38));
#14530 = LINE('',#14531,#14532);
#14531 = CARTESIAN_POINT('',(0.32,-10.48,-3.));
#14532 = VECTOR('',#14533,1.);
#14533 = DIRECTION('',(0.,0.,1.));
#14534 = ORIENTED_EDGE('',*,*,#12108,.T.);
#14535 = ORIENTED_EDGE('',*,*,#14503,.T.);
#14536 = ORIENTED_EDGE('',*,*,#14537,.T.);
#14537 = EDGE_CURVE('',#14504,#14528,#14538,.T.);
#14538 = LINE('',#14539,#14540);
#14539 = CARTESIAN_POINT('',(-0.32,-10.48,8.38));
#14540 = VECTOR('',#14541,1.);
#14541 = DIRECTION('',(1.,0.,0.));
#14542 = PLANE('',#14543);
#14543 = AXIS2_PLACEMENT_3D('',#14544,#14545,#14546);
#14544 = CARTESIAN_POINT('',(-0.32,-10.48,-3.));
#14545 = DIRECTION('',(0.,1.,0.));
#14546 = DIRECTION('',(0.,-0.,1.));
#14547 = ADVANCED_FACE('',(#14548),#14559,.T.);
#14548 = FACE_BOUND('',#14549,.T.);
#14549 = EDGE_LOOP('',(#14550,#14551,#14552,#14553));
#14550 = ORIENTED_EDGE('',*,*,#14527,.F.);
#14551 = ORIENTED_EDGE('',*,*,#12100,.T.);
#14552 = ORIENTED_EDGE('',*,*,#14472,.T.);
#14553 = ORIENTED_EDGE('',*,*,#14554,.F.);
#14554 = EDGE_CURVE('',#14528,#14473,#14555,.T.);
#14555 = LINE('',#14556,#14557);
#14556 = CARTESIAN_POINT('',(0.32,-10.48,8.38));
#14557 = VECTOR('',#14558,1.);
#14558 = DIRECTION('',(0.,1.,0.));
#14559 = PLANE('',#14560);
#14560 = AXIS2_PLACEMENT_3D('',#14561,#14562,#14563);
#14561 = CARTESIAN_POINT('',(0.32,-10.48,-3.));
#14562 = DIRECTION('',(1.,0.,0.));
#14563 = DIRECTION('',(0.,0.,1.));
#14564 = ADVANCED_FACE('',(#14565),#14590,.F.);
#14565 = FACE_BOUND('',#14566,.F.);
#14566 = EDGE_LOOP('',(#14567,#14575,#14576,#14584));
#14567 = ORIENTED_EDGE('',*,*,#14568,.F.);
#14568 = EDGE_CURVE('',#12125,#14569,#14571,.T.);
#14569 = VERTEX_POINT('',#14570);
#14570 = CARTESIAN_POINT('',(0.32,-13.02,8.38));
#14571 = LINE('',#14572,#14573);
#14572 = CARTESIAN_POINT('',(0.32,-13.02,-3.));
#14573 = VECTOR('',#14574,1.);
#14574 = DIRECTION('',(0.,0.,1.));
#14575 = ORIENTED_EDGE('',*,*,#12124,.T.);
#14576 = ORIENTED_EDGE('',*,*,#14577,.T.);
#14577 = EDGE_CURVE('',#12127,#14578,#14580,.T.);
#14578 = VERTEX_POINT('',#14579);
#14579 = CARTESIAN_POINT('',(-0.32,-13.02,8.38));
#14580 = LINE('',#14581,#14582);
#14581 = CARTESIAN_POINT('',(-0.32,-13.02,-3.));
#14582 = VECTOR('',#14583,1.);
#14583 = DIRECTION('',(0.,0.,1.));
#14584 = ORIENTED_EDGE('',*,*,#14585,.T.);
#14585 = EDGE_CURVE('',#14578,#14569,#14586,.T.);
#14586 = LINE('',#14587,#14588);
#14587 = CARTESIAN_POINT('',(-0.32,-13.02,8.38));
#14588 = VECTOR('',#14589,1.);
#14589 = DIRECTION('',(1.,0.,0.));
#14590 = PLANE('',#14591);
#14591 = AXIS2_PLACEMENT_3D('',#14592,#14593,#14594);
#14592 = CARTESIAN_POINT('',(-0.32,-13.02,-3.));
#14593 = DIRECTION('',(0.,1.,0.));
#14594 = DIRECTION('',(0.,-0.,1.));
#14595 = ADVANCED_FACE('',(#14596),#14614,.T.);
#14596 = FACE_BOUND('',#14597,.T.);
#14597 = EDGE_LOOP('',(#14598,#14599,#14600,#14608));
#14598 = ORIENTED_EDGE('',*,*,#14568,.F.);
#14599 = ORIENTED_EDGE('',*,*,#12150,.T.);
#14600 = ORIENTED_EDGE('',*,*,#14601,.T.);
#14601 = EDGE_CURVE('',#12143,#14602,#14604,.T.);
#14602 = VERTEX_POINT('',#14603);
#14603 = CARTESIAN_POINT('',(0.32,-12.38,8.38));
#14604 = LINE('',#14605,#14606);
#14605 = CARTESIAN_POINT('',(0.32,-12.38,-3.));
#14606 = VECTOR('',#14607,1.);
#14607 = DIRECTION('',(0.,0.,1.));
#14608 = ORIENTED_EDGE('',*,*,#14609,.F.);
#14609 = EDGE_CURVE('',#14569,#14602,#14610,.T.);
#14610 = LINE('',#14611,#14612);
#14611 = CARTESIAN_POINT('',(0.32,-13.02,8.38));
#14612 = VECTOR('',#14613,1.);
#14613 = DIRECTION('',(0.,1.,0.));
#14614 = PLANE('',#14615);
#14615 = AXIS2_PLACEMENT_3D('',#14616,#14617,#14618);
#14616 = CARTESIAN_POINT('',(0.32,-13.02,-3.));
#14617 = DIRECTION('',(1.,0.,0.));
#14618 = DIRECTION('',(0.,0.,1.));
#14619 = ADVANCED_FACE('',(#14620),#14638,.T.);
#14620 = FACE_BOUND('',#14621,.T.);
#14621 = EDGE_LOOP('',(#14622,#14623,#14624,#14632));
#14622 = ORIENTED_EDGE('',*,*,#14601,.F.);
#14623 = ORIENTED_EDGE('',*,*,#12142,.T.);
#14624 = ORIENTED_EDGE('',*,*,#14625,.T.);
#14625 = EDGE_CURVE('',#12135,#14626,#14628,.T.);
#14626 = VERTEX_POINT('',#14627);
#14627 = CARTESIAN_POINT('',(-0.32,-12.38,8.38));
#14628 = LINE('',#14629,#14630);
#14629 = CARTESIAN_POINT('',(-0.32,-12.38,-3.));
#14630 = VECTOR('',#14631,1.);
#14631 = DIRECTION('',(0.,0.,1.));
#14632 = ORIENTED_EDGE('',*,*,#14633,.T.);
#14633 = EDGE_CURVE('',#14626,#14602,#14634,.T.);
#14634 = LINE('',#14635,#14636);
#14635 = CARTESIAN_POINT('',(-0.32,-12.38,8.38));
#14636 = VECTOR('',#14637,1.);
#14637 = DIRECTION('',(1.,0.,0.));
#14638 = PLANE('',#14639);
#14639 = AXIS2_PLACEMENT_3D('',#14640,#14641,#14642);
#14640 = CARTESIAN_POINT('',(-0.32,-12.38,-3.));
#14641 = DIRECTION('',(0.,1.,0.));
#14642 = DIRECTION('',(0.,-0.,1.));
#14643 = ADVANCED_FACE('',(#14644),#14655,.F.);
#14644 = FACE_BOUND('',#14645,.F.);
#14645 = EDGE_LOOP('',(#14646,#14647,#14648,#14649));
#14646 = ORIENTED_EDGE('',*,*,#14577,.F.);
#14647 = ORIENTED_EDGE('',*,*,#12134,.T.);
#14648 = ORIENTED_EDGE('',*,*,#14625,.T.);
#14649 = ORIENTED_EDGE('',*,*,#14650,.F.);
#14650 = EDGE_CURVE('',#14578,#14626,#14651,.T.);
#14651 = LINE('',#14652,#14653);
#14652 = CARTESIAN_POINT('',(-0.32,-13.02,8.38));
#14653 = VECTOR('',#14654,1.);
#14654 = DIRECTION('',(0.,1.,0.));
#14655 = PLANE('',#14656);
#14656 = AXIS2_PLACEMENT_3D('',#14657,#14658,#14659);
#14657 = CARTESIAN_POINT('',(-0.32,-13.02,-3.));
#14658 = DIRECTION('',(1.,0.,0.));
#14659 = DIRECTION('',(0.,0.,1.));
#14660 = ADVANCED_FACE('',(#14661),#14686,.T.);
#14661 = FACE_BOUND('',#14662,.T.);
#14662 = EDGE_LOOP('',(#14663,#14671,#14672,#14680));
#14663 = ORIENTED_EDGE('',*,*,#14664,.F.);
#14664 = EDGE_CURVE('',#12159,#14665,#14667,.T.);
#14665 = VERTEX_POINT('',#14666);
#14666 = CARTESIAN_POINT('',(0.32,-20.64,8.38));
#14667 = LINE('',#14668,#14669);
#14668 = CARTESIAN_POINT('',(0.32,-20.64,-3.));
#14669 = VECTOR('',#14670,1.);
#14670 = DIRECTION('',(0.,0.,1.));
#14671 = ORIENTED_EDGE('',*,*,#12158,.T.);
#14672 = ORIENTED_EDGE('',*,*,#14673,.T.);
#14673 = EDGE_CURVE('',#12161,#14674,#14676,.T.);
#14674 = VERTEX_POINT('',#14675);
#14675 = CARTESIAN_POINT('',(0.32,-20.,8.38));
#14676 = LINE('',#14677,#14678);
#14677 = CARTESIAN_POINT('',(0.32,-20.,-3.));
#14678 = VECTOR('',#14679,1.);
#14679 = DIRECTION('',(0.,0.,1.));
#14680 = ORIENTED_EDGE('',*,*,#14681,.F.);
#14681 = EDGE_CURVE('',#14665,#14674,#14682,.T.);
#14682 = LINE('',#14683,#14684);
#14683 = CARTESIAN_POINT('',(0.32,-20.64,8.38));
#14684 = VECTOR('',#14685,1.);
#14685 = DIRECTION('',(0.,1.,0.));
#14686 = PLANE('',#14687);
#14687 = AXIS2_PLACEMENT_3D('',#14688,#14689,#14690);
#14688 = CARTESIAN_POINT('',(0.32,-20.64,-3.));
#14689 = DIRECTION('',(1.,0.,0.));
#14690 = DIRECTION('',(0.,0.,1.));
#14691 = ADVANCED_FACE('',(#14692),#14710,.T.);
#14692 = FACE_BOUND('',#14693,.T.);
#14693 = EDGE_LOOP('',(#14694,#14695,#14696,#14704));
#14694 = ORIENTED_EDGE('',*,*,#14673,.F.);
#14695 = ORIENTED_EDGE('',*,*,#12184,.T.);
#14696 = ORIENTED_EDGE('',*,*,#14697,.T.);
#14697 = EDGE_CURVE('',#12177,#14698,#14700,.T.);
#14698 = VERTEX_POINT('',#14699);
#14699 = CARTESIAN_POINT('',(-0.32,-20.,8.38));
#14700 = LINE('',#14701,#14702);
#14701 = CARTESIAN_POINT('',(-0.32,-20.,-3.));
#14702 = VECTOR('',#14703,1.);
#14703 = DIRECTION('',(0.,0.,1.));
#14704 = ORIENTED_EDGE('',*,*,#14705,.T.);
#14705 = EDGE_CURVE('',#14698,#14674,#14706,.T.);
#14706 = LINE('',#14707,#14708);
#14707 = CARTESIAN_POINT('',(-0.32,-20.,8.38));
#14708 = VECTOR('',#14709,1.);
#14709 = DIRECTION('',(1.,0.,0.));
#14710 = PLANE('',#14711);
#14711 = AXIS2_PLACEMENT_3D('',#14712,#14713,#14714);
#14712 = CARTESIAN_POINT('',(-0.32,-20.,-3.));
#14713 = DIRECTION('',(0.,1.,0.));
#14714 = DIRECTION('',(0.,-0.,1.));
#14715 = ADVANCED_FACE('',(#14716),#14734,.F.);
#14716 = FACE_BOUND('',#14717,.F.);
#14717 = EDGE_LOOP('',(#14718,#14726,#14727,#14728));
#14718 = ORIENTED_EDGE('',*,*,#14719,.F.);
#14719 = EDGE_CURVE('',#12169,#14720,#14722,.T.);
#14720 = VERTEX_POINT('',#14721);
#14721 = CARTESIAN_POINT('',(-0.32,-20.64,8.38));
#14722 = LINE('',#14723,#14724);
#14723 = CARTESIAN_POINT('',(-0.32,-20.64,-3.));
#14724 = VECTOR('',#14725,1.);
#14725 = DIRECTION('',(0.,0.,1.));
#14726 = ORIENTED_EDGE('',*,*,#12176,.T.);
#14727 = ORIENTED_EDGE('',*,*,#14697,.T.);
#14728 = ORIENTED_EDGE('',*,*,#14729,.F.);
#14729 = EDGE_CURVE('',#14720,#14698,#14730,.T.);
#14730 = LINE('',#14731,#14732);
#14731 = CARTESIAN_POINT('',(-0.32,-20.64,8.38));
#14732 = VECTOR('',#14733,1.);
#14733 = DIRECTION('',(0.,1.,0.));
#14734 = PLANE('',#14735);
#14735 = AXIS2_PLACEMENT_3D('',#14736,#14737,#14738);
#14736 = CARTESIAN_POINT('',(-0.32,-20.64,-3.));
#14737 = DIRECTION('',(1.,0.,0.));
#14738 = DIRECTION('',(0.,0.,1.));
#14739 = ADVANCED_FACE('',(#14740),#14751,.F.);
#14740 = FACE_BOUND('',#14741,.F.);
#14741 = EDGE_LOOP('',(#14742,#14743,#14744,#14745));
#14742 = ORIENTED_EDGE('',*,*,#14664,.F.);
#14743 = ORIENTED_EDGE('',*,*,#12168,.T.);
#14744 = ORIENTED_EDGE('',*,*,#14719,.T.);
#14745 = ORIENTED_EDGE('',*,*,#14746,.T.);
#14746 = EDGE_CURVE('',#14720,#14665,#14747,.T.);
#14747 = LINE('',#14748,#14749);
#14748 = CARTESIAN_POINT('',(-0.32,-20.64,8.38));
#14749 = VECTOR('',#14750,1.);
#14750 = DIRECTION('',(1.,0.,0.));
#14751 = PLANE('',#14752);
#14752 = AXIS2_PLACEMENT_3D('',#14753,#14754,#14755);
#14753 = CARTESIAN_POINT('',(-0.32,-20.64,-3.));
#14754 = DIRECTION('',(0.,1.,0.));
#14755 = DIRECTION('',(0.,-0.,1.));
#14756 = ADVANCED_FACE('',(#14757),#14782,.T.);
#14757 = FACE_BOUND('',#14758,.T.);
#14758 = EDGE_LOOP('',(#14759,#14767,#14768,#14776));
#14759 = ORIENTED_EDGE('',*,*,#14760,.F.);
#14760 = EDGE_CURVE('',#12193,#14761,#14763,.T.);
#14761 = VERTEX_POINT('',#14762);
#14762 = CARTESIAN_POINT('',(0.32,-17.46,8.38));
#14763 = LINE('',#14764,#14765);
#14764 = CARTESIAN_POINT('',(0.32,-17.46,-3.));
#14765 = VECTOR('',#14766,1.);
#14766 = DIRECTION('',(0.,0.,1.));
#14767 = ORIENTED_EDGE('',*,*,#12192,.T.);
#14768 = ORIENTED_EDGE('',*,*,#14769,.T.);
#14769 = EDGE_CURVE('',#12195,#14770,#14772,.T.);
#14770 = VERTEX_POINT('',#14771);
#14771 = CARTESIAN_POINT('',(-0.32,-17.46,8.38));
#14772 = LINE('',#14773,#14774);
#14773 = CARTESIAN_POINT('',(-0.32,-17.46,-3.));
#14774 = VECTOR('',#14775,1.);
#14775 = DIRECTION('',(0.,0.,1.));
#14776 = ORIENTED_EDGE('',*,*,#14777,.T.);
#14777 = EDGE_CURVE('',#14770,#14761,#14778,.T.);
#14778 = LINE('',#14779,#14780);
#14779 = CARTESIAN_POINT('',(-0.32,-17.46,8.38));
#14780 = VECTOR('',#14781,1.);
#14781 = DIRECTION('',(1.,0.,0.));
#14782 = PLANE('',#14783);
#14783 = AXIS2_PLACEMENT_3D('',#14784,#14785,#14786);
#14784 = CARTESIAN_POINT('',(-0.32,-17.46,-3.));
#14785 = DIRECTION('',(0.,1.,0.));
#14786 = DIRECTION('',(0.,-0.,1.));
#14787 = ADVANCED_FACE('',(#14788),#14806,.F.);
#14788 = FACE_BOUND('',#14789,.F.);
#14789 = EDGE_LOOP('',(#14790,#14798,#14799,#14800));
#14790 = ORIENTED_EDGE('',*,*,#14791,.F.);
#14791 = EDGE_CURVE('',#12211,#14792,#14794,.T.);
#14792 = VERTEX_POINT('',#14793);
#14793 = CARTESIAN_POINT('',(-0.32,-18.1,8.38));
#14794 = LINE('',#14795,#14796);
#14795 = CARTESIAN_POINT('',(-0.32,-18.1,-3.));
#14796 = VECTOR('',#14797,1.);
#14797 = DIRECTION('',(0.,0.,1.));
#14798 = ORIENTED_EDGE('',*,*,#12218,.T.);
#14799 = ORIENTED_EDGE('',*,*,#14769,.T.);
#14800 = ORIENTED_EDGE('',*,*,#14801,.F.);
#14801 = EDGE_CURVE('',#14792,#14770,#14802,.T.);
#14802 = LINE('',#14803,#14804);
#14803 = CARTESIAN_POINT('',(-0.32,-18.1,8.38));
#14804 = VECTOR('',#14805,1.);
#14805 = DIRECTION('',(0.,1.,0.));
#14806 = PLANE('',#14807);
#14807 = AXIS2_PLACEMENT_3D('',#14808,#14809,#14810);
#14808 = CARTESIAN_POINT('',(-0.32,-18.1,-3.));
#14809 = DIRECTION('',(1.,0.,0.));
#14810 = DIRECTION('',(0.,0.,1.));
#14811 = ADVANCED_FACE('',(#14812),#14830,.F.);
#14812 = FACE_BOUND('',#14813,.F.);
#14813 = EDGE_LOOP('',(#14814,#14822,#14823,#14824));
#14814 = ORIENTED_EDGE('',*,*,#14815,.F.);
#14815 = EDGE_CURVE('',#12203,#14816,#14818,.T.);
#14816 = VERTEX_POINT('',#14817);
#14817 = CARTESIAN_POINT('',(0.32,-18.1,8.38));
#14818 = LINE('',#14819,#14820);
#14819 = CARTESIAN_POINT('',(0.32,-18.1,-3.));
#14820 = VECTOR('',#14821,1.);
#14821 = DIRECTION('',(0.,0.,1.));
#14822 = ORIENTED_EDGE('',*,*,#12210,.T.);
#14823 = ORIENTED_EDGE('',*,*,#14791,.T.);
#14824 = ORIENTED_EDGE('',*,*,#14825,.T.);
#14825 = EDGE_CURVE('',#14792,#14816,#14826,.T.);
#14826 = LINE('',#14827,#14828);
#14827 = CARTESIAN_POINT('',(-0.32,-18.1,8.38));
#14828 = VECTOR('',#14829,1.);
#14829 = DIRECTION('',(1.,0.,0.));
#14830 = PLANE('',#14831);
#14831 = AXIS2_PLACEMENT_3D('',#14832,#14833,#14834);
#14832 = CARTESIAN_POINT('',(-0.32,-18.1,-3.));
#14833 = DIRECTION('',(0.,1.,0.));
#14834 = DIRECTION('',(0.,-0.,1.));
#14835 = ADVANCED_FACE('',(#14836),#14847,.T.);
#14836 = FACE_BOUND('',#14837,.T.);
#14837 = EDGE_LOOP('',(#14838,#14839,#14840,#14841));
#14838 = ORIENTED_EDGE('',*,*,#14815,.F.);
#14839 = ORIENTED_EDGE('',*,*,#12202,.T.);
#14840 = ORIENTED_EDGE('',*,*,#14760,.T.);
#14841 = ORIENTED_EDGE('',*,*,#14842,.F.);
#14842 = EDGE_CURVE('',#14816,#14761,#14843,.T.);
#14843 = LINE('',#14844,#14845);
#14844 = CARTESIAN_POINT('',(0.32,-18.1,8.38));
#14845 = VECTOR('',#14846,1.);
#14846 = DIRECTION('',(0.,1.,0.));
#14847 = PLANE('',#14848);
#14848 = AXIS2_PLACEMENT_3D('',#14849,#14850,#14851);
#14849 = CARTESIAN_POINT('',(0.32,-18.1,-3.));
#14850 = DIRECTION('',(1.,0.,0.));
#14851 = DIRECTION('',(0.,0.,1.));
#14852 = ADVANCED_FACE('',(#14853),#14878,.F.);
#14853 = FACE_BOUND('',#14854,.F.);
#14854 = EDGE_LOOP('',(#14855,#14863,#14864,#14872));
#14855 = ORIENTED_EDGE('',*,*,#14856,.F.);
#14856 = EDGE_CURVE('',#13129,#14857,#14859,.T.);
#14857 = VERTEX_POINT('',#14858);
#14858 = CARTESIAN_POINT('',(0.16,-0.16,-3.));
#14859 = LINE('',#14860,#14861);
#14860 = CARTESIAN_POINT('',(0.16,-0.16,-3.));
#14861 = VECTOR('',#14862,1.);
#14862 = DIRECTION('',(-0.57735026919,0.57735026919,-0.57735026919));
#14863 = ORIENTED_EDGE('',*,*,#13136,.T.);
#14864 = ORIENTED_EDGE('',*,*,#14865,.T.);
#14865 = EDGE_CURVE('',#13137,#14866,#14868,.T.);
#14866 = VERTEX_POINT('',#14867);
#14867 = CARTESIAN_POINT('',(0.16,0.16,-3.));
#14868 = LINE('',#14869,#14870);
#14869 = CARTESIAN_POINT('',(5.333333333333E-02,5.333333333333E-02,
    -3.106666666667));
#14870 = VECTOR('',#14871,1.);
#14871 = DIRECTION('',(-0.57735026919,-0.57735026919,-0.57735026919));
#14872 = ORIENTED_EDGE('',*,*,#14873,.F.);
#14873 = EDGE_CURVE('',#14857,#14866,#14874,.T.);
#14874 = LINE('',#14875,#14876);
#14875 = CARTESIAN_POINT('',(0.16,-0.32,-3.));
#14876 = VECTOR('',#14877,1.);
#14877 = DIRECTION('',(0.,1.,0.));
#14878 = PLANE('',#14879);
#14879 = AXIS2_PLACEMENT_3D('',#14880,#14881,#14882);
#14880 = CARTESIAN_POINT('',(0.24,-0.32,-2.92));
#14881 = DIRECTION('',(-0.707106781187,1.735167508357E-18,0.707106781187
    ));
#14882 = DIRECTION('',(1.226948711654E-18,1.,-1.226948711654E-18));
#14883 = ADVANCED_FACE('',(#14884),#14902,.F.);
#14884 = FACE_BOUND('',#14885,.T.);
#14885 = EDGE_LOOP('',(#14886,#14894,#14895,#14896));
#14886 = ORIENTED_EDGE('',*,*,#14887,.F.);
#14887 = EDGE_CURVE('',#13161,#14888,#14890,.T.);
#14888 = VERTEX_POINT('',#14889);
#14889 = CARTESIAN_POINT('',(-0.16,0.16,-3.));
#14890 = LINE('',#14891,#14892);
#14891 = CARTESIAN_POINT('',(-0.16,0.16,-3.));
#14892 = VECTOR('',#14893,1.);
#14893 = DIRECTION('',(0.57735026919,-0.57735026919,-0.57735026919));
#14894 = ORIENTED_EDGE('',*,*,#13160,.T.);
#14895 = ORIENTED_EDGE('',*,*,#14865,.T.);
#14896 = ORIENTED_EDGE('',*,*,#14897,.F.);
#14897 = EDGE_CURVE('',#14888,#14866,#14898,.T.);
#14898 = LINE('',#14899,#14900);
#14899 = CARTESIAN_POINT('',(-0.32,0.16,-3.));
#14900 = VECTOR('',#14901,1.);
#14901 = DIRECTION('',(1.,0.,0.));
#14902 = PLANE('',#14903);
#14903 = AXIS2_PLACEMENT_3D('',#14904,#14905,#14906);
#14904 = CARTESIAN_POINT('',(-0.32,0.24,-2.92));
#14905 = DIRECTION('',(-1.735167508357E-18,-0.707106781187,
    0.707106781187));
#14906 = DIRECTION('',(-1.,1.226948711654E-18,-1.226948711654E-18));
#14907 = ADVANCED_FACE('',(#14908),#14926,.T.);
#14908 = FACE_BOUND('',#14909,.T.);
#14909 = EDGE_LOOP('',(#14910,#14918,#14919,#14920));
#14910 = ORIENTED_EDGE('',*,*,#14911,.F.);
#14911 = EDGE_CURVE('',#13184,#14912,#14914,.T.);
#14912 = VERTEX_POINT('',#14913);
#14913 = CARTESIAN_POINT('',(-0.16,-0.16,-3.));
#14914 = LINE('',#14915,#14916);
#14915 = CARTESIAN_POINT('',(-0.266666666667,-0.266666666667,
    -2.893333333333));
#14916 = VECTOR('',#14917,1.);
#14917 = DIRECTION('',(0.57735026919,0.57735026919,-0.57735026919));
#14918 = ORIENTED_EDGE('',*,*,#13191,.T.);
#14919 = ORIENTED_EDGE('',*,*,#14887,.T.);
#14920 = ORIENTED_EDGE('',*,*,#14921,.F.);
#14921 = EDGE_CURVE('',#14912,#14888,#14922,.T.);
#14922 = LINE('',#14923,#14924);
#14923 = CARTESIAN_POINT('',(-0.16,-0.32,-3.));
#14924 = VECTOR('',#14925,1.);
#14925 = DIRECTION('',(0.,1.,0.));
#14926 = PLANE('',#14927);
#14927 = AXIS2_PLACEMENT_3D('',#14928,#14929,#14930);
#14928 = CARTESIAN_POINT('',(-0.24,-0.32,-2.92));
#14929 = DIRECTION('',(-0.707106781187,-1.735167508357E-18,
    -0.707106781187));
#14930 = DIRECTION('',(-1.226948711654E-18,1.,-1.226948711654E-18));
#14931 = ADVANCED_FACE('',(#14932),#14943,.T.);
#14932 = FACE_BOUND('',#14933,.F.);
#14933 = EDGE_LOOP('',(#14934,#14935,#14936,#14937));
#14934 = ORIENTED_EDGE('',*,*,#14911,.F.);
#14935 = ORIENTED_EDGE('',*,*,#13208,.T.);
#14936 = ORIENTED_EDGE('',*,*,#14856,.T.);
#14937 = ORIENTED_EDGE('',*,*,#14938,.F.);
#14938 = EDGE_CURVE('',#14912,#14857,#14939,.T.);
#14939 = LINE('',#14940,#14941);
#14940 = CARTESIAN_POINT('',(-0.32,-0.16,-3.));
#14941 = VECTOR('',#14942,1.);
#14942 = DIRECTION('',(1.,0.,0.));
#14943 = PLANE('',#14944);
#14944 = AXIS2_PLACEMENT_3D('',#14945,#14946,#14947);
#14945 = CARTESIAN_POINT('',(-0.32,-0.24,-2.92));
#14946 = DIRECTION('',(1.735167508357E-18,-0.707106781187,
    -0.707106781187));
#14947 = DIRECTION('',(-1.,-1.226948711654E-18,-1.226948711654E-18));
#14948 = ADVANCED_FACE('',(#14949),#14974,.F.);
#14949 = FACE_BOUND('',#14950,.T.);
#14950 = EDGE_LOOP('',(#14951,#14959,#14960,#14968));
#14951 = ORIENTED_EDGE('',*,*,#14952,.F.);
#14952 = EDGE_CURVE('',#13233,#14953,#14955,.T.);
#14953 = VERTEX_POINT('',#14954);
#14954 = CARTESIAN_POINT('',(-0.16,-2.38,-3.));
#14955 = LINE('',#14956,#14957);
#14956 = CARTESIAN_POINT('',(-0.16,-2.38,-3.));
#14957 = VECTOR('',#14958,1.);
#14958 = DIRECTION('',(0.57735026919,-0.57735026919,-0.57735026919));
#14959 = ORIENTED_EDGE('',*,*,#13232,.T.);
#14960 = ORIENTED_EDGE('',*,*,#14961,.T.);
#14961 = EDGE_CURVE('',#13225,#14962,#14964,.T.);
#14962 = VERTEX_POINT('',#14963);
#14963 = CARTESIAN_POINT('',(0.16,-2.38,-3.));
#14964 = LINE('',#14965,#14966);
#14965 = CARTESIAN_POINT('',(5.333333333333E-02,-2.486666666667,
    -3.106666666667));
#14966 = VECTOR('',#14967,1.);
#14967 = DIRECTION('',(-0.57735026919,-0.57735026919,-0.57735026919));
#14968 = ORIENTED_EDGE('',*,*,#14969,.F.);
#14969 = EDGE_CURVE('',#14953,#14962,#14970,.T.);
#14970 = LINE('',#14971,#14972);
#14971 = CARTESIAN_POINT('',(-0.32,-2.38,-3.));
#14972 = VECTOR('',#14973,1.);
#14973 = DIRECTION('',(1.,0.,0.));
#14974 = PLANE('',#14975);
#14975 = AXIS2_PLACEMENT_3D('',#14976,#14977,#14978);
#14976 = CARTESIAN_POINT('',(-0.32,-2.3,-2.92));
#14977 = DIRECTION('',(-1.735167508357E-18,-0.707106781187,
    0.707106781187));
#14978 = DIRECTION('',(-1.,1.226948711654E-18,-1.226948711654E-18));
#14979 = ADVANCED_FACE('',(#14980),#14998,.T.);
#14980 = FACE_BOUND('',#14981,.T.);
#14981 = EDGE_LOOP('',(#14982,#14990,#14991,#14992));
#14982 = ORIENTED_EDGE('',*,*,#14983,.F.);
#14983 = EDGE_CURVE('',#13256,#14984,#14986,.T.);
#14984 = VERTEX_POINT('',#14985);
#14985 = CARTESIAN_POINT('',(-0.16,-2.7,-3.));
#14986 = LINE('',#14987,#14988);
#14987 = CARTESIAN_POINT('',(-0.266666666667,-2.806666666667,
    -2.893333333333));
#14988 = VECTOR('',#14989,1.);
#14989 = DIRECTION('',(0.57735026919,0.57735026919,-0.57735026919));
#14990 = ORIENTED_EDGE('',*,*,#13263,.T.);
#14991 = ORIENTED_EDGE('',*,*,#14952,.T.);
#14992 = ORIENTED_EDGE('',*,*,#14993,.F.);
#14993 = EDGE_CURVE('',#14984,#14953,#14994,.T.);
#14994 = LINE('',#14995,#14996);
#14995 = CARTESIAN_POINT('',(-0.16,-2.86,-3.));
#14996 = VECTOR('',#14997,1.);
#14997 = DIRECTION('',(0.,1.,0.));
#14998 = PLANE('',#14999);
#14999 = AXIS2_PLACEMENT_3D('',#15000,#15001,#15002);
#15000 = CARTESIAN_POINT('',(-0.24,-2.86,-2.92));
#15001 = DIRECTION('',(-0.707106781187,-1.735167508357E-18,
    -0.707106781187));
#15002 = DIRECTION('',(-1.226948711654E-18,1.,-1.226948711654E-18));
#15003 = ADVANCED_FACE('',(#15004),#15022,.T.);
#15004 = FACE_BOUND('',#15005,.F.);
#15005 = EDGE_LOOP('',(#15006,#15007,#15008,#15016));
#15006 = ORIENTED_EDGE('',*,*,#14983,.F.);
#15007 = ORIENTED_EDGE('',*,*,#13287,.T.);
#15008 = ORIENTED_EDGE('',*,*,#15009,.T.);
#15009 = EDGE_CURVE('',#13280,#15010,#15012,.T.);
#15010 = VERTEX_POINT('',#15011);
#15011 = CARTESIAN_POINT('',(0.16,-2.7,-3.));
#15012 = LINE('',#15013,#15014);
#15013 = CARTESIAN_POINT('',(0.16,-2.7,-3.));
#15014 = VECTOR('',#15015,1.);
#15015 = DIRECTION('',(-0.57735026919,0.57735026919,-0.57735026919));
#15016 = ORIENTED_EDGE('',*,*,#15017,.F.);
#15017 = EDGE_CURVE('',#14984,#15010,#15018,.T.);
#15018 = LINE('',#15019,#15020);
#15019 = CARTESIAN_POINT('',(-0.32,-2.7,-3.));
#15020 = VECTOR('',#15021,1.);
#15021 = DIRECTION('',(1.,0.,0.));
#15022 = PLANE('',#15023);
#15023 = AXIS2_PLACEMENT_3D('',#15024,#15025,#15026);
#15024 = CARTESIAN_POINT('',(-0.32,-2.78,-2.92));
#15025 = DIRECTION('',(1.735167508357E-18,-0.707106781187,
    -0.707106781187));
#15026 = DIRECTION('',(-1.,-1.226948711654E-18,-1.226948711654E-18));
#15027 = ADVANCED_FACE('',(#15028),#15039,.F.);
#15028 = FACE_BOUND('',#15029,.F.);
#15029 = EDGE_LOOP('',(#15030,#15031,#15032,#15033));
#15030 = ORIENTED_EDGE('',*,*,#15009,.F.);
#15031 = ORIENTED_EDGE('',*,*,#13304,.T.);
#15032 = ORIENTED_EDGE('',*,*,#14961,.T.);
#15033 = ORIENTED_EDGE('',*,*,#15034,.F.);
#15034 = EDGE_CURVE('',#15010,#14962,#15035,.T.);
#15035 = LINE('',#15036,#15037);
#15036 = CARTESIAN_POINT('',(0.16,-2.86,-3.));
#15037 = VECTOR('',#15038,1.);
#15038 = DIRECTION('',(0.,1.,0.));
#15039 = PLANE('',#15040);
#15040 = AXIS2_PLACEMENT_3D('',#15041,#15042,#15043);
#15041 = CARTESIAN_POINT('',(0.24,-2.86,-2.92));
#15042 = DIRECTION('',(-0.707106781187,1.735167508357E-18,0.707106781187
    ));
#15043 = DIRECTION('',(1.226948711654E-18,1.,-1.226948711654E-18));
#15044 = ADVANCED_FACE('',(#15045),#15070,.F.);
#15045 = FACE_BOUND('',#15046,.F.);
#15046 = EDGE_LOOP('',(#15047,#15055,#15056,#15064));
#15047 = ORIENTED_EDGE('',*,*,#15048,.F.);
#15048 = EDGE_CURVE('',#13321,#15049,#15051,.T.);
#15049 = VERTEX_POINT('',#15050);
#15050 = CARTESIAN_POINT('',(0.16,-5.24,-3.));
#15051 = LINE('',#15052,#15053);
#15052 = CARTESIAN_POINT('',(0.16,-5.24,-3.));
#15053 = VECTOR('',#15054,1.);
#15054 = DIRECTION('',(-0.57735026919,0.57735026919,-0.57735026919));
#15055 = ORIENTED_EDGE('',*,*,#13328,.T.);
#15056 = ORIENTED_EDGE('',*,*,#15057,.T.);
#15057 = EDGE_CURVE('',#13329,#15058,#15060,.T.);
#15058 = VERTEX_POINT('',#15059);
#15059 = CARTESIAN_POINT('',(0.16,-4.92,-3.));
#15060 = LINE('',#15061,#15062);
#15061 = CARTESIAN_POINT('',(5.333333333333E-02,-5.026666666667,
    -3.106666666667));
#15062 = VECTOR('',#15063,1.);
#15063 = DIRECTION('',(-0.57735026919,-0.57735026919,-0.57735026919));
#15064 = ORIENTED_EDGE('',*,*,#15065,.F.);
#15065 = EDGE_CURVE('',#15049,#15058,#15066,.T.);
#15066 = LINE('',#15067,#15068);
#15067 = CARTESIAN_POINT('',(0.16,-5.4,-3.));
#15068 = VECTOR('',#15069,1.);
#15069 = DIRECTION('',(0.,1.,0.));
#15070 = PLANE('',#15071);
#15071 = AXIS2_PLACEMENT_3D('',#15072,#15073,#15074);
#15072 = CARTESIAN_POINT('',(0.24,-5.4,-2.92));
#15073 = DIRECTION('',(-0.707106781187,1.735167508357E-18,0.707106781187
    ));
#15074 = DIRECTION('',(1.226948711654E-18,1.,-1.226948711654E-18));
#15075 = ADVANCED_FACE('',(#15076),#15094,.F.);
#15076 = FACE_BOUND('',#15077,.T.);
#15077 = EDGE_LOOP('',(#15078,#15086,#15087,#15088));
#15078 = ORIENTED_EDGE('',*,*,#15079,.F.);
#15079 = EDGE_CURVE('',#13353,#15080,#15082,.T.);
#15080 = VERTEX_POINT('',#15081);
#15081 = CARTESIAN_POINT('',(-0.16,-4.92,-3.));
#15082 = LINE('',#15083,#15084);
#15083 = CARTESIAN_POINT('',(-0.16,-4.92,-3.));
#15084 = VECTOR('',#15085,1.);
#15085 = DIRECTION('',(0.57735026919,-0.57735026919,-0.57735026919));
#15086 = ORIENTED_EDGE('',*,*,#13352,.T.);
#15087 = ORIENTED_EDGE('',*,*,#15057,.T.);
#15088 = ORIENTED_EDGE('',*,*,#15089,.F.);
#15089 = EDGE_CURVE('',#15080,#15058,#15090,.T.);
#15090 = LINE('',#15091,#15092);
#15091 = CARTESIAN_POINT('',(-0.32,-4.92,-3.));
#15092 = VECTOR('',#15093,1.);
#15093 = DIRECTION('',(1.,0.,0.));
#15094 = PLANE('',#15095);
#15095 = AXIS2_PLACEMENT_3D('',#15096,#15097,#15098);
#15096 = CARTESIAN_POINT('',(-0.32,-4.84,-2.92));
#15097 = DIRECTION('',(-1.735167508357E-18,-0.707106781187,
    0.707106781187));
#15098 = DIRECTION('',(-1.,1.226948711654E-18,-1.226948711654E-18));
#15099 = ADVANCED_FACE('',(#15100),#15118,.T.);
#15100 = FACE_BOUND('',#15101,.T.);
#15101 = EDGE_LOOP('',(#15102,#15110,#15111,#15112));
#15102 = ORIENTED_EDGE('',*,*,#15103,.F.);
#15103 = EDGE_CURVE('',#13376,#15104,#15106,.T.);
#15104 = VERTEX_POINT('',#15105);
#15105 = CARTESIAN_POINT('',(-0.16,-5.24,-3.));
#15106 = LINE('',#15107,#15108);
#15107 = CARTESIAN_POINT('',(-0.266666666667,-5.346666666667,
    -2.893333333333));
#15108 = VECTOR('',#15109,1.);
#15109 = DIRECTION('',(0.57735026919,0.57735026919,-0.57735026919));
#15110 = ORIENTED_EDGE('',*,*,#13383,.T.);
#15111 = ORIENTED_EDGE('',*,*,#15079,.T.);
#15112 = ORIENTED_EDGE('',*,*,#15113,.F.);
#15113 = EDGE_CURVE('',#15104,#15080,#15114,.T.);
#15114 = LINE('',#15115,#15116);
#15115 = CARTESIAN_POINT('',(-0.16,-5.4,-3.));
#15116 = VECTOR('',#15117,1.);
#15117 = DIRECTION('',(0.,1.,0.));
#15118 = PLANE('',#15119);
#15119 = AXIS2_PLACEMENT_3D('',#15120,#15121,#15122);
#15120 = CARTESIAN_POINT('',(-0.24,-5.4,-2.92));
#15121 = DIRECTION('',(-0.707106781187,-1.735167508357E-18,
    -0.707106781187));
#15122 = DIRECTION('',(-1.226948711654E-18,1.,-1.226948711654E-18));
#15123 = ADVANCED_FACE('',(#15124),#15135,.T.);
#15124 = FACE_BOUND('',#15125,.F.);
#15125 = EDGE_LOOP('',(#15126,#15127,#15128,#15129));
#15126 = ORIENTED_EDGE('',*,*,#15103,.F.);
#15127 = ORIENTED_EDGE('',*,*,#13400,.T.);
#15128 = ORIENTED_EDGE('',*,*,#15048,.T.);
#15129 = ORIENTED_EDGE('',*,*,#15130,.F.);
#15130 = EDGE_CURVE('',#15104,#15049,#15131,.T.);
#15131 = LINE('',#15132,#15133);
#15132 = CARTESIAN_POINT('',(-0.32,-5.24,-3.));
#15133 = VECTOR('',#15134,1.);
#15134 = DIRECTION('',(1.,0.,0.));
#15135 = PLANE('',#15136);
#15136 = AXIS2_PLACEMENT_3D('',#15137,#15138,#15139);
#15137 = CARTESIAN_POINT('',(-0.32,-5.32,-2.92));
#15138 = DIRECTION('',(1.735167508357E-18,-0.707106781187,
    -0.707106781187));
#15139 = DIRECTION('',(-1.,-1.226948711654E-18,-1.226948711654E-18));
#15140 = ADVANCED_FACE('',(#15141),#15166,.F.);
#15141 = FACE_BOUND('',#15142,.T.);
#15142 = EDGE_LOOP('',(#15143,#15151,#15152,#15160));
#15143 = ORIENTED_EDGE('',*,*,#15144,.F.);
#15144 = EDGE_CURVE('',#13425,#15145,#15147,.T.);
#15145 = VERTEX_POINT('',#15146);
#15146 = CARTESIAN_POINT('',(-0.16,-7.46,-3.));
#15147 = LINE('',#15148,#15149);
#15148 = CARTESIAN_POINT('',(-0.16,-7.46,-3.));
#15149 = VECTOR('',#15150,1.);
#15150 = DIRECTION('',(0.57735026919,-0.57735026919,-0.57735026919));
#15151 = ORIENTED_EDGE('',*,*,#13424,.T.);
#15152 = ORIENTED_EDGE('',*,*,#15153,.T.);
#15153 = EDGE_CURVE('',#13417,#15154,#15156,.T.);
#15154 = VERTEX_POINT('',#15155);
#15155 = CARTESIAN_POINT('',(0.16,-7.46,-3.));
#15156 = LINE('',#15157,#15158);
#15157 = CARTESIAN_POINT('',(5.333333333333E-02,-7.566666666667,
    -3.106666666667));
#15158 = VECTOR('',#15159,1.);
#15159 = DIRECTION('',(-0.57735026919,-0.57735026919,-0.57735026919));
#15160 = ORIENTED_EDGE('',*,*,#15161,.F.);
#15161 = EDGE_CURVE('',#15145,#15154,#15162,.T.);
#15162 = LINE('',#15163,#15164);
#15163 = CARTESIAN_POINT('',(-0.32,-7.46,-3.));
#15164 = VECTOR('',#15165,1.);
#15165 = DIRECTION('',(1.,0.,0.));
#15166 = PLANE('',#15167);
#15167 = AXIS2_PLACEMENT_3D('',#15168,#15169,#15170);
#15168 = CARTESIAN_POINT('',(-0.32,-7.38,-2.92));
#15169 = DIRECTION('',(-1.735167508357E-18,-0.707106781187,
    0.707106781187));
#15170 = DIRECTION('',(-1.,1.226948711654E-18,-1.226948711654E-18));
#15171 = ADVANCED_FACE('',(#15172),#15190,.T.);
#15172 = FACE_BOUND('',#15173,.T.);
#15173 = EDGE_LOOP('',(#15174,#15182,#15183,#15184));
#15174 = ORIENTED_EDGE('',*,*,#15175,.F.);
#15175 = EDGE_CURVE('',#13448,#15176,#15178,.T.);
#15176 = VERTEX_POINT('',#15177);
#15177 = CARTESIAN_POINT('',(-0.16,-7.78,-3.));
#15178 = LINE('',#15179,#15180);
#15179 = CARTESIAN_POINT('',(-0.266666666667,-7.886666666667,
    -2.893333333333));
#15180 = VECTOR('',#15181,1.);
#15181 = DIRECTION('',(0.57735026919,0.57735026919,-0.57735026919));
#15182 = ORIENTED_EDGE('',*,*,#13455,.T.);
#15183 = ORIENTED_EDGE('',*,*,#15144,.T.);
#15184 = ORIENTED_EDGE('',*,*,#15185,.F.);
#15185 = EDGE_CURVE('',#15176,#15145,#15186,.T.);
#15186 = LINE('',#15187,#15188);
#15187 = CARTESIAN_POINT('',(-0.16,-7.94,-3.));
#15188 = VECTOR('',#15189,1.);
#15189 = DIRECTION('',(0.,1.,0.));
#15190 = PLANE('',#15191);
#15191 = AXIS2_PLACEMENT_3D('',#15192,#15193,#15194);
#15192 = CARTESIAN_POINT('',(-0.24,-7.94,-2.92));
#15193 = DIRECTION('',(-0.707106781187,-1.735167508357E-18,
    -0.707106781187));
#15194 = DIRECTION('',(-1.226948711654E-18,1.,-1.226948711654E-18));
#15195 = ADVANCED_FACE('',(#15196),#15214,.T.);
#15196 = FACE_BOUND('',#15197,.F.);
#15197 = EDGE_LOOP('',(#15198,#15199,#15200,#15208));
#15198 = ORIENTED_EDGE('',*,*,#15175,.F.);
#15199 = ORIENTED_EDGE('',*,*,#13479,.T.);
#15200 = ORIENTED_EDGE('',*,*,#15201,.T.);
#15201 = EDGE_CURVE('',#13472,#15202,#15204,.T.);
#15202 = VERTEX_POINT('',#15203);
#15203 = CARTESIAN_POINT('',(0.16,-7.78,-3.));
#15204 = LINE('',#15205,#15206);
#15205 = CARTESIAN_POINT('',(0.16,-7.78,-3.));
#15206 = VECTOR('',#15207,1.);
#15207 = DIRECTION('',(-0.57735026919,0.57735026919,-0.57735026919));
#15208 = ORIENTED_EDGE('',*,*,#15209,.F.);
#15209 = EDGE_CURVE('',#15176,#15202,#15210,.T.);
#15210 = LINE('',#15211,#15212);
#15211 = CARTESIAN_POINT('',(-0.32,-7.78,-3.));
#15212 = VECTOR('',#15213,1.);
#15213 = DIRECTION('',(1.,0.,0.));
#15214 = PLANE('',#15215);
#15215 = AXIS2_PLACEMENT_3D('',#15216,#15217,#15218);
#15216 = CARTESIAN_POINT('',(-0.32,-7.86,-2.92));
#15217 = DIRECTION('',(1.735167508357E-18,-0.707106781187,
    -0.707106781187));
#15218 = DIRECTION('',(-1.,-1.226948711654E-18,-1.226948711654E-18));
#15219 = ADVANCED_FACE('',(#15220),#15231,.F.);
#15220 = FACE_BOUND('',#15221,.F.);
#15221 = EDGE_LOOP('',(#15222,#15223,#15224,#15225));
#15222 = ORIENTED_EDGE('',*,*,#15201,.F.);
#15223 = ORIENTED_EDGE('',*,*,#13496,.T.);
#15224 = ORIENTED_EDGE('',*,*,#15153,.T.);
#15225 = ORIENTED_EDGE('',*,*,#15226,.F.);
#15226 = EDGE_CURVE('',#15202,#15154,#15227,.T.);
#15227 = LINE('',#15228,#15229);
#15228 = CARTESIAN_POINT('',(0.16,-7.94,-3.));
#15229 = VECTOR('',#15230,1.);
#15230 = DIRECTION('',(0.,1.,0.));
#15231 = PLANE('',#15232);
#15232 = AXIS2_PLACEMENT_3D('',#15233,#15234,#15235);
#15233 = CARTESIAN_POINT('',(0.24,-7.94,-2.92));
#15234 = DIRECTION('',(-0.707106781187,1.735167508357E-18,0.707106781187
    ));
#15235 = DIRECTION('',(1.226948711654E-18,1.,-1.226948711654E-18));
#15236 = ADVANCED_FACE('',(#15237),#15262,.F.);
#15237 = FACE_BOUND('',#15238,.F.);
#15238 = EDGE_LOOP('',(#15239,#15247,#15248,#15256));
#15239 = ORIENTED_EDGE('',*,*,#15240,.F.);
#15240 = EDGE_CURVE('',#13513,#15241,#15243,.T.);
#15241 = VERTEX_POINT('',#15242);
#15242 = CARTESIAN_POINT('',(0.16,-15.4,-3.));
#15243 = LINE('',#15244,#15245);
#15244 = CARTESIAN_POINT('',(0.16,-15.4,-3.));
#15245 = VECTOR('',#15246,1.);
#15246 = DIRECTION('',(-0.57735026919,0.57735026919,-0.57735026919));
#15247 = ORIENTED_EDGE('',*,*,#13520,.T.);
#15248 = ORIENTED_EDGE('',*,*,#15249,.T.);
#15249 = EDGE_CURVE('',#13521,#15250,#15252,.T.);
#15250 = VERTEX_POINT('',#15251);
#15251 = CARTESIAN_POINT('',(0.16,-15.08,-3.));
#15252 = LINE('',#15253,#15254);
#15253 = CARTESIAN_POINT('',(5.333333333333E-02,-15.18666666666,
    -3.106666666667));
#15254 = VECTOR('',#15255,1.);
#15255 = DIRECTION('',(-0.57735026919,-0.57735026919,-0.57735026919));
#15256 = ORIENTED_EDGE('',*,*,#15257,.F.);
#15257 = EDGE_CURVE('',#15241,#15250,#15258,.T.);
#15258 = LINE('',#15259,#15260);
#15259 = CARTESIAN_POINT('',(0.16,-15.56,-3.));
#15260 = VECTOR('',#15261,1.);
#15261 = DIRECTION('',(0.,1.,0.));
#15262 = PLANE('',#15263);
#15263 = AXIS2_PLACEMENT_3D('',#15264,#15265,#15266);
#15264 = CARTESIAN_POINT('',(0.24,-15.56,-2.92));
#15265 = DIRECTION('',(-0.707106781187,1.735167508357E-18,0.707106781187
    ));
#15266 = DIRECTION('',(1.226948711654E-18,1.,-1.226948711654E-18));
#15267 = ADVANCED_FACE('',(#15268),#15286,.F.);
#15268 = FACE_BOUND('',#15269,.T.);
#15269 = EDGE_LOOP('',(#15270,#15278,#15279,#15280));
#15270 = ORIENTED_EDGE('',*,*,#15271,.F.);
#15271 = EDGE_CURVE('',#13545,#15272,#15274,.T.);
#15272 = VERTEX_POINT('',#15273);
#15273 = CARTESIAN_POINT('',(-0.16,-15.08,-3.));
#15274 = LINE('',#15275,#15276);
#15275 = CARTESIAN_POINT('',(-0.16,-15.08,-3.));
#15276 = VECTOR('',#15277,1.);
#15277 = DIRECTION('',(0.57735026919,-0.57735026919,-0.57735026919));
#15278 = ORIENTED_EDGE('',*,*,#13544,.T.);
#15279 = ORIENTED_EDGE('',*,*,#15249,.T.);
#15280 = ORIENTED_EDGE('',*,*,#15281,.F.);
#15281 = EDGE_CURVE('',#15272,#15250,#15282,.T.);
#15282 = LINE('',#15283,#15284);
#15283 = CARTESIAN_POINT('',(-0.32,-15.08,-3.));
#15284 = VECTOR('',#15285,1.);
#15285 = DIRECTION('',(1.,0.,0.));
#15286 = PLANE('',#15287);
#15287 = AXIS2_PLACEMENT_3D('',#15288,#15289,#15290);
#15288 = CARTESIAN_POINT('',(-0.32,-15.,-2.92));
#15289 = DIRECTION('',(-1.735167508357E-18,-0.707106781187,
    0.707106781187));
#15290 = DIRECTION('',(-1.,1.226948711654E-18,-1.226948711654E-18));
#15291 = ADVANCED_FACE('',(#15292),#15310,.T.);
#15292 = FACE_BOUND('',#15293,.T.);
#15293 = EDGE_LOOP('',(#15294,#15302,#15303,#15304));
#15294 = ORIENTED_EDGE('',*,*,#15295,.F.);
#15295 = EDGE_CURVE('',#13568,#15296,#15298,.T.);
#15296 = VERTEX_POINT('',#15297);
#15297 = CARTESIAN_POINT('',(-0.16,-15.4,-3.));
#15298 = LINE('',#15299,#15300);
#15299 = CARTESIAN_POINT('',(-0.266666666667,-15.50666666666,
    -2.893333333333));
#15300 = VECTOR('',#15301,1.);
#15301 = DIRECTION('',(0.57735026919,0.57735026919,-0.57735026919));
#15302 = ORIENTED_EDGE('',*,*,#13575,.T.);
#15303 = ORIENTED_EDGE('',*,*,#15271,.T.);
#15304 = ORIENTED_EDGE('',*,*,#15305,.F.);
#15305 = EDGE_CURVE('',#15296,#15272,#15306,.T.);
#15306 = LINE('',#15307,#15308);
#15307 = CARTESIAN_POINT('',(-0.16,-15.56,-3.));
#15308 = VECTOR('',#15309,1.);
#15309 = DIRECTION('',(0.,1.,0.));
#15310 = PLANE('',#15311);
#15311 = AXIS2_PLACEMENT_3D('',#15312,#15313,#15314);
#15312 = CARTESIAN_POINT('',(-0.24,-15.56,-2.92));
#15313 = DIRECTION('',(-0.707106781187,-1.735167508357E-18,
    -0.707106781187));
#15314 = DIRECTION('',(-1.226948711654E-18,1.,-1.226948711654E-18));
#15315 = ADVANCED_FACE('',(#15316),#15327,.T.);
#15316 = FACE_BOUND('',#15317,.F.);
#15317 = EDGE_LOOP('',(#15318,#15319,#15320,#15321));
#15318 = ORIENTED_EDGE('',*,*,#15295,.F.);
#15319 = ORIENTED_EDGE('',*,*,#13592,.T.);
#15320 = ORIENTED_EDGE('',*,*,#15240,.T.);
#15321 = ORIENTED_EDGE('',*,*,#15322,.F.);
#15322 = EDGE_CURVE('',#15296,#15241,#15323,.T.);
#15323 = LINE('',#15324,#15325);
#15324 = CARTESIAN_POINT('',(-0.32,-15.4,-3.));
#15325 = VECTOR('',#15326,1.);
#15326 = DIRECTION('',(1.,0.,0.));
#15327 = PLANE('',#15328);
#15328 = AXIS2_PLACEMENT_3D('',#15329,#15330,#15331);
#15329 = CARTESIAN_POINT('',(-0.32,-15.48,-2.92));
#15330 = DIRECTION('',(1.735167508357E-18,-0.707106781187,
    -0.707106781187));
#15331 = DIRECTION('',(-1.,-1.226948711654E-18,-1.226948711654E-18));
#15332 = ADVANCED_FACE('',(#15333),#15358,.F.);
#15333 = FACE_BOUND('',#15334,.T.);
#15334 = EDGE_LOOP('',(#15335,#15343,#15344,#15352));
#15335 = ORIENTED_EDGE('',*,*,#15336,.F.);
#15336 = EDGE_CURVE('',#13617,#15337,#15339,.T.);
#15337 = VERTEX_POINT('',#15338);
#15338 = CARTESIAN_POINT('',(-0.16,-10.,-3.));
#15339 = LINE('',#15340,#15341);
#15340 = CARTESIAN_POINT('',(-0.16,-10.,-3.));
#15341 = VECTOR('',#15342,1.);
#15342 = DIRECTION('',(0.57735026919,-0.57735026919,-0.57735026919));
#15343 = ORIENTED_EDGE('',*,*,#13616,.T.);
#15344 = ORIENTED_EDGE('',*,*,#15345,.T.);
#15345 = EDGE_CURVE('',#13609,#15346,#15348,.T.);
#15346 = VERTEX_POINT('',#15347);
#15347 = CARTESIAN_POINT('',(0.16,-10.,-3.));
#15348 = LINE('',#15349,#15350);
#15349 = CARTESIAN_POINT('',(5.333333333333E-02,-10.10666666666,
    -3.106666666667));
#15350 = VECTOR('',#15351,1.);
#15351 = DIRECTION('',(-0.57735026919,-0.57735026919,-0.57735026919));
#15352 = ORIENTED_EDGE('',*,*,#15353,.F.);
#15353 = EDGE_CURVE('',#15337,#15346,#15354,.T.);
#15354 = LINE('',#15355,#15356);
#15355 = CARTESIAN_POINT('',(-0.32,-10.,-3.));
#15356 = VECTOR('',#15357,1.);
#15357 = DIRECTION('',(1.,0.,0.));
#15358 = PLANE('',#15359);
#15359 = AXIS2_PLACEMENT_3D('',#15360,#15361,#15362);
#15360 = CARTESIAN_POINT('',(-0.32,-9.92,-2.92));
#15361 = DIRECTION('',(-1.735167508357E-18,-0.707106781187,
    0.707106781187));
#15362 = DIRECTION('',(-1.,1.226948711654E-18,-1.226948711654E-18));
#15363 = ADVANCED_FACE('',(#15364),#15382,.T.);
#15364 = FACE_BOUND('',#15365,.T.);
#15365 = EDGE_LOOP('',(#15366,#15374,#15375,#15376));
#15366 = ORIENTED_EDGE('',*,*,#15367,.F.);
#15367 = EDGE_CURVE('',#13640,#15368,#15370,.T.);
#15368 = VERTEX_POINT('',#15369);
#15369 = CARTESIAN_POINT('',(-0.16,-10.32,-3.));
#15370 = LINE('',#15371,#15372);
#15371 = CARTESIAN_POINT('',(-0.266666666667,-10.42666666666,
    -2.893333333333));
#15372 = VECTOR('',#15373,1.);
#15373 = DIRECTION('',(0.57735026919,0.57735026919,-0.57735026919));
#15374 = ORIENTED_EDGE('',*,*,#13647,.T.);
#15375 = ORIENTED_EDGE('',*,*,#15336,.T.);
#15376 = ORIENTED_EDGE('',*,*,#15377,.F.);
#15377 = EDGE_CURVE('',#15368,#15337,#15378,.T.);
#15378 = LINE('',#15379,#15380);
#15379 = CARTESIAN_POINT('',(-0.16,-10.48,-3.));
#15380 = VECTOR('',#15381,1.);
#15381 = DIRECTION('',(0.,1.,0.));
#15382 = PLANE('',#15383);
#15383 = AXIS2_PLACEMENT_3D('',#15384,#15385,#15386);
#15384 = CARTESIAN_POINT('',(-0.24,-10.48,-2.92));
#15385 = DIRECTION('',(-0.707106781187,-1.735167508357E-18,
    -0.707106781187));
#15386 = DIRECTION('',(-1.226948711654E-18,1.,-1.226948711654E-18));
#15387 = ADVANCED_FACE('',(#15388),#15406,.T.);
#15388 = FACE_BOUND('',#15389,.F.);
#15389 = EDGE_LOOP('',(#15390,#15391,#15392,#15400));
#15390 = ORIENTED_EDGE('',*,*,#15367,.F.);
#15391 = ORIENTED_EDGE('',*,*,#13671,.T.);
#15392 = ORIENTED_EDGE('',*,*,#15393,.T.);
#15393 = EDGE_CURVE('',#13664,#15394,#15396,.T.);
#15394 = VERTEX_POINT('',#15395);
#15395 = CARTESIAN_POINT('',(0.16,-10.32,-3.));
#15396 = LINE('',#15397,#15398);
#15397 = CARTESIAN_POINT('',(0.16,-10.32,-3.));
#15398 = VECTOR('',#15399,1.);
#15399 = DIRECTION('',(-0.57735026919,0.57735026919,-0.57735026919));
#15400 = ORIENTED_EDGE('',*,*,#15401,.F.);
#15401 = EDGE_CURVE('',#15368,#15394,#15402,.T.);
#15402 = LINE('',#15403,#15404);
#15403 = CARTESIAN_POINT('',(-0.32,-10.32,-3.));
#15404 = VECTOR('',#15405,1.);
#15405 = DIRECTION('',(1.,0.,0.));
#15406 = PLANE('',#15407);
#15407 = AXIS2_PLACEMENT_3D('',#15408,#15409,#15410);
#15408 = CARTESIAN_POINT('',(-0.32,-10.4,-2.92));
#15409 = DIRECTION('',(1.735167508357E-18,-0.707106781187,
    -0.707106781187));
#15410 = DIRECTION('',(-1.,-1.226948711654E-18,-1.226948711654E-18));
#15411 = ADVANCED_FACE('',(#15412),#15423,.F.);
#15412 = FACE_BOUND('',#15413,.F.);
#15413 = EDGE_LOOP('',(#15414,#15415,#15416,#15417));
#15414 = ORIENTED_EDGE('',*,*,#15393,.F.);
#15415 = ORIENTED_EDGE('',*,*,#13688,.T.);
#15416 = ORIENTED_EDGE('',*,*,#15345,.T.);
#15417 = ORIENTED_EDGE('',*,*,#15418,.F.);
#15418 = EDGE_CURVE('',#15394,#15346,#15419,.T.);
#15419 = LINE('',#15420,#15421);
#15420 = CARTESIAN_POINT('',(0.16,-10.48,-3.));
#15421 = VECTOR('',#15422,1.);
#15422 = DIRECTION('',(0.,1.,0.));
#15423 = PLANE('',#15424);
#15424 = AXIS2_PLACEMENT_3D('',#15425,#15426,#15427);
#15425 = CARTESIAN_POINT('',(0.24,-10.48,-2.92));
#15426 = DIRECTION('',(-0.707106781187,1.735167508357E-18,0.707106781187
    ));
#15427 = DIRECTION('',(1.226948711654E-18,1.,-1.226948711654E-18));
#15428 = ADVANCED_FACE('',(#15429),#15454,.T.);
#15429 = FACE_BOUND('',#15430,.F.);
#15430 = EDGE_LOOP('',(#15431,#15439,#15440,#15448));
#15431 = ORIENTED_EDGE('',*,*,#15432,.F.);
#15432 = EDGE_CURVE('',#13713,#15433,#15435,.T.);
#15433 = VERTEX_POINT('',#15434);
#15434 = CARTESIAN_POINT('',(-0.16,-12.86,-3.));
#15435 = LINE('',#15436,#15437);
#15436 = CARTESIAN_POINT('',(-0.266666666667,-12.96666666666,
    -2.893333333333));
#15437 = VECTOR('',#15438,1.);
#15438 = DIRECTION('',(0.57735026919,0.57735026919,-0.57735026919));
#15439 = ORIENTED_EDGE('',*,*,#13712,.T.);
#15440 = ORIENTED_EDGE('',*,*,#15441,.T.);
#15441 = EDGE_CURVE('',#13705,#15442,#15444,.T.);
#15442 = VERTEX_POINT('',#15443);
#15443 = CARTESIAN_POINT('',(0.16,-12.86,-3.));
#15444 = LINE('',#15445,#15446);
#15445 = CARTESIAN_POINT('',(0.16,-12.86,-3.));
#15446 = VECTOR('',#15447,1.);
#15447 = DIRECTION('',(-0.57735026919,0.57735026919,-0.57735026919));
#15448 = ORIENTED_EDGE('',*,*,#15449,.F.);
#15449 = EDGE_CURVE('',#15433,#15442,#15450,.T.);
#15450 = LINE('',#15451,#15452);
#15451 = CARTESIAN_POINT('',(-0.32,-12.86,-3.));
#15452 = VECTOR('',#15453,1.);
#15453 = DIRECTION('',(1.,0.,0.));
#15454 = PLANE('',#15455);
#15455 = AXIS2_PLACEMENT_3D('',#15456,#15457,#15458);
#15456 = CARTESIAN_POINT('',(-0.32,-12.94,-2.92));
#15457 = DIRECTION('',(1.735167508357E-18,-0.707106781187,
    -0.707106781187));
#15458 = DIRECTION('',(-1.,-1.226948711654E-18,-1.226948711654E-18));
#15459 = ADVANCED_FACE('',(#15460),#15478,.F.);
#15460 = FACE_BOUND('',#15461,.F.);
#15461 = EDGE_LOOP('',(#15462,#15463,#15464,#15472));
#15462 = ORIENTED_EDGE('',*,*,#15441,.F.);
#15463 = ORIENTED_EDGE('',*,*,#13736,.T.);
#15464 = ORIENTED_EDGE('',*,*,#15465,.T.);
#15465 = EDGE_CURVE('',#13737,#15466,#15468,.T.);
#15466 = VERTEX_POINT('',#15467);
#15467 = CARTESIAN_POINT('',(0.16,-12.54,-3.));
#15468 = LINE('',#15469,#15470);
#15469 = CARTESIAN_POINT('',(5.333333333333E-02,-12.64666666666,
    -3.106666666667));
#15470 = VECTOR('',#15471,1.);
#15471 = DIRECTION('',(-0.57735026919,-0.57735026919,-0.57735026919));
#15472 = ORIENTED_EDGE('',*,*,#15473,.F.);
#15473 = EDGE_CURVE('',#15442,#15466,#15474,.T.);
#15474 = LINE('',#15475,#15476);
#15475 = CARTESIAN_POINT('',(0.16,-13.02,-3.));
#15476 = VECTOR('',#15477,1.);
#15477 = DIRECTION('',(0.,1.,0.));
#15478 = PLANE('',#15479);
#15479 = AXIS2_PLACEMENT_3D('',#15480,#15481,#15482);
#15480 = CARTESIAN_POINT('',(0.24,-13.02,-2.92));
#15481 = DIRECTION('',(-0.707106781187,1.735167508357E-18,0.707106781187
    ));
#15482 = DIRECTION('',(1.226948711654E-18,1.,-1.226948711654E-18));
#15483 = ADVANCED_FACE('',(#15484),#15502,.F.);
#15484 = FACE_BOUND('',#15485,.T.);
#15485 = EDGE_LOOP('',(#15486,#15494,#15495,#15496));
#15486 = ORIENTED_EDGE('',*,*,#15487,.F.);
#15487 = EDGE_CURVE('',#13761,#15488,#15490,.T.);
#15488 = VERTEX_POINT('',#15489);
#15489 = CARTESIAN_POINT('',(-0.16,-12.54,-3.));
#15490 = LINE('',#15491,#15492);
#15491 = CARTESIAN_POINT('',(-0.16,-12.54,-3.));
#15492 = VECTOR('',#15493,1.);
#15493 = DIRECTION('',(0.57735026919,-0.57735026919,-0.57735026919));
#15494 = ORIENTED_EDGE('',*,*,#13760,.T.);
#15495 = ORIENTED_EDGE('',*,*,#15465,.T.);
#15496 = ORIENTED_EDGE('',*,*,#15497,.F.);
#15497 = EDGE_CURVE('',#15488,#15466,#15498,.T.);
#15498 = LINE('',#15499,#15500);
#15499 = CARTESIAN_POINT('',(-0.32,-12.54,-3.));
#15500 = VECTOR('',#15501,1.);
#15501 = DIRECTION('',(1.,0.,0.));
#15502 = PLANE('',#15503);
#15503 = AXIS2_PLACEMENT_3D('',#15504,#15505,#15506);
#15504 = CARTESIAN_POINT('',(-0.32,-12.46,-2.92));
#15505 = DIRECTION('',(-1.735167508357E-18,-0.707106781187,
    0.707106781187));
#15506 = DIRECTION('',(-1.,1.226948711654E-18,-1.226948711654E-18));
#15507 = ADVANCED_FACE('',(#15508),#15519,.T.);
#15508 = FACE_BOUND('',#15509,.T.);
#15509 = EDGE_LOOP('',(#15510,#15511,#15512,#15513));
#15510 = ORIENTED_EDGE('',*,*,#15432,.F.);
#15511 = ORIENTED_EDGE('',*,*,#13784,.T.);
#15512 = ORIENTED_EDGE('',*,*,#15487,.T.);
#15513 = ORIENTED_EDGE('',*,*,#15514,.F.);
#15514 = EDGE_CURVE('',#15433,#15488,#15515,.T.);
#15515 = LINE('',#15516,#15517);
#15516 = CARTESIAN_POINT('',(-0.16,-13.02,-3.));
#15517 = VECTOR('',#15518,1.);
#15518 = DIRECTION('',(0.,1.,0.));
#15519 = PLANE('',#15520);
#15520 = AXIS2_PLACEMENT_3D('',#15521,#15522,#15523);
#15521 = CARTESIAN_POINT('',(-0.24,-13.02,-2.92));
#15522 = DIRECTION('',(-0.707106781187,-1.735167508357E-18,
    -0.707106781187));
#15523 = DIRECTION('',(-1.226948711654E-18,1.,-1.226948711654E-18));
#15524 = ADVANCED_FACE('',(#15525),#15550,.F.);
#15525 = FACE_BOUND('',#15526,.F.);
#15526 = EDGE_LOOP('',(#15527,#15535,#15536,#15544));
#15527 = ORIENTED_EDGE('',*,*,#15528,.F.);
#15528 = EDGE_CURVE('',#13801,#15529,#15531,.T.);
#15529 = VERTEX_POINT('',#15530);
#15530 = CARTESIAN_POINT('',(0.16,-20.48,-3.));
#15531 = LINE('',#15532,#15533);
#15532 = CARTESIAN_POINT('',(0.16,-20.48,-3.));
#15533 = VECTOR('',#15534,1.);
#15534 = DIRECTION('',(-0.57735026919,0.57735026919,-0.57735026919));
#15535 = ORIENTED_EDGE('',*,*,#13808,.T.);
#15536 = ORIENTED_EDGE('',*,*,#15537,.T.);
#15537 = EDGE_CURVE('',#13809,#15538,#15540,.T.);
#15538 = VERTEX_POINT('',#15539);
#15539 = CARTESIAN_POINT('',(0.16,-20.16,-3.));
#15540 = LINE('',#15541,#15542);
#15541 = CARTESIAN_POINT('',(5.333333333333E-02,-20.26666666666,
    -3.106666666667));
#15542 = VECTOR('',#15543,1.);
#15543 = DIRECTION('',(-0.57735026919,-0.57735026919,-0.57735026919));
#15544 = ORIENTED_EDGE('',*,*,#15545,.F.);
#15545 = EDGE_CURVE('',#15529,#15538,#15546,.T.);
#15546 = LINE('',#15547,#15548);
#15547 = CARTESIAN_POINT('',(0.16,-20.64,-3.));
#15548 = VECTOR('',#15549,1.);
#15549 = DIRECTION('',(0.,1.,0.));
#15550 = PLANE('',#15551);
#15551 = AXIS2_PLACEMENT_3D('',#15552,#15553,#15554);
#15552 = CARTESIAN_POINT('',(0.24,-20.64,-2.92));
#15553 = DIRECTION('',(-0.707106781187,1.735167508357E-18,0.707106781187
    ));
#15554 = DIRECTION('',(1.226948711654E-18,1.,-1.226948711654E-18));
#15555 = ADVANCED_FACE('',(#15556),#15574,.F.);
#15556 = FACE_BOUND('',#15557,.T.);
#15557 = EDGE_LOOP('',(#15558,#15566,#15567,#15568));
#15558 = ORIENTED_EDGE('',*,*,#15559,.F.);
#15559 = EDGE_CURVE('',#13833,#15560,#15562,.T.);
#15560 = VERTEX_POINT('',#15561);
#15561 = CARTESIAN_POINT('',(-0.16,-20.16,-3.));
#15562 = LINE('',#15563,#15564);
#15563 = CARTESIAN_POINT('',(-0.16,-20.16,-3.));
#15564 = VECTOR('',#15565,1.);
#15565 = DIRECTION('',(0.57735026919,-0.57735026919,-0.57735026919));
#15566 = ORIENTED_EDGE('',*,*,#13832,.T.);
#15567 = ORIENTED_EDGE('',*,*,#15537,.T.);
#15568 = ORIENTED_EDGE('',*,*,#15569,.F.);
#15569 = EDGE_CURVE('',#15560,#15538,#15570,.T.);
#15570 = LINE('',#15571,#15572);
#15571 = CARTESIAN_POINT('',(-0.32,-20.16,-3.));
#15572 = VECTOR('',#15573,1.);
#15573 = DIRECTION('',(1.,0.,0.));
#15574 = PLANE('',#15575);
#15575 = AXIS2_PLACEMENT_3D('',#15576,#15577,#15578);
#15576 = CARTESIAN_POINT('',(-0.32,-20.08,-2.92));
#15577 = DIRECTION('',(-1.735167508357E-18,-0.707106781187,
    0.707106781187));
#15578 = DIRECTION('',(-1.,1.226948711654E-18,-1.226948711654E-18));
#15579 = ADVANCED_FACE('',(#15580),#15598,.T.);
#15580 = FACE_BOUND('',#15581,.T.);
#15581 = EDGE_LOOP('',(#15582,#15590,#15591,#15592));
#15582 = ORIENTED_EDGE('',*,*,#15583,.F.);
#15583 = EDGE_CURVE('',#13856,#15584,#15586,.T.);
#15584 = VERTEX_POINT('',#15585);
#15585 = CARTESIAN_POINT('',(-0.16,-20.48,-3.));
#15586 = LINE('',#15587,#15588);
#15587 = CARTESIAN_POINT('',(-0.266666666667,-20.58666666666,
    -2.893333333333));
#15588 = VECTOR('',#15589,1.);
#15589 = DIRECTION('',(0.57735026919,0.57735026919,-0.57735026919));
#15590 = ORIENTED_EDGE('',*,*,#13863,.T.);
#15591 = ORIENTED_EDGE('',*,*,#15559,.T.);
#15592 = ORIENTED_EDGE('',*,*,#15593,.F.);
#15593 = EDGE_CURVE('',#15584,#15560,#15594,.T.);
#15594 = LINE('',#15595,#15596);
#15595 = CARTESIAN_POINT('',(-0.16,-20.64,-3.));
#15596 = VECTOR('',#15597,1.);
#15597 = DIRECTION('',(0.,1.,0.));
#15598 = PLANE('',#15599);
#15599 = AXIS2_PLACEMENT_3D('',#15600,#15601,#15602);
#15600 = CARTESIAN_POINT('',(-0.24,-20.64,-2.92));
#15601 = DIRECTION('',(-0.707106781187,-1.735167508357E-18,
    -0.707106781187));
#15602 = DIRECTION('',(-1.226948711654E-18,1.,-1.226948711654E-18));
#15603 = ADVANCED_FACE('',(#15604),#15615,.T.);
#15604 = FACE_BOUND('',#15605,.F.);
#15605 = EDGE_LOOP('',(#15606,#15607,#15608,#15609));
#15606 = ORIENTED_EDGE('',*,*,#15583,.F.);
#15607 = ORIENTED_EDGE('',*,*,#13880,.T.);
#15608 = ORIENTED_EDGE('',*,*,#15528,.T.);
#15609 = ORIENTED_EDGE('',*,*,#15610,.F.);
#15610 = EDGE_CURVE('',#15584,#15529,#15611,.T.);
#15611 = LINE('',#15612,#15613);
#15612 = CARTESIAN_POINT('',(-0.32,-20.48,-3.));
#15613 = VECTOR('',#15614,1.);
#15614 = DIRECTION('',(1.,0.,0.));
#15615 = PLANE('',#15616);
#15616 = AXIS2_PLACEMENT_3D('',#15617,#15618,#15619);
#15617 = CARTESIAN_POINT('',(-0.32,-20.56,-2.92));
#15618 = DIRECTION('',(1.735167508357E-18,-0.707106781187,
    -0.707106781187));
#15619 = DIRECTION('',(-1.,-1.226948711654E-18,-1.226948711654E-18));
#15620 = ADVANCED_FACE('',(#15621),#15646,.F.);
#15621 = FACE_BOUND('',#15622,.T.);
#15622 = EDGE_LOOP('',(#15623,#15631,#15632,#15640));
#15623 = ORIENTED_EDGE('',*,*,#15624,.F.);
#15624 = EDGE_CURVE('',#13905,#15625,#15627,.T.);
#15625 = VERTEX_POINT('',#15626);
#15626 = CARTESIAN_POINT('',(-0.16,-17.62,-3.));
#15627 = LINE('',#15628,#15629);
#15628 = CARTESIAN_POINT('',(-0.16,-17.62,-3.));
#15629 = VECTOR('',#15630,1.);
#15630 = DIRECTION('',(0.57735026919,-0.57735026919,-0.57735026919));
#15631 = ORIENTED_EDGE('',*,*,#13904,.T.);
#15632 = ORIENTED_EDGE('',*,*,#15633,.T.);
#15633 = EDGE_CURVE('',#13897,#15634,#15636,.T.);
#15634 = VERTEX_POINT('',#15635);
#15635 = CARTESIAN_POINT('',(0.16,-17.62,-3.));
#15636 = LINE('',#15637,#15638);
#15637 = CARTESIAN_POINT('',(5.333333333333E-02,-17.72666666666,
    -3.106666666667));
#15638 = VECTOR('',#15639,1.);
#15639 = DIRECTION('',(-0.57735026919,-0.57735026919,-0.57735026919));
#15640 = ORIENTED_EDGE('',*,*,#15641,.F.);
#15641 = EDGE_CURVE('',#15625,#15634,#15642,.T.);
#15642 = LINE('',#15643,#15644);
#15643 = CARTESIAN_POINT('',(-0.32,-17.62,-3.));
#15644 = VECTOR('',#15645,1.);
#15645 = DIRECTION('',(1.,0.,0.));
#15646 = PLANE('',#15647);
#15647 = AXIS2_PLACEMENT_3D('',#15648,#15649,#15650);
#15648 = CARTESIAN_POINT('',(-0.32,-17.54,-2.92));
#15649 = DIRECTION('',(-1.735167508357E-18,-0.707106781187,
    0.707106781187));
#15650 = DIRECTION('',(-1.,1.226948711654E-18,-1.226948711654E-18));
#15651 = ADVANCED_FACE('',(#15652),#15670,.T.);
#15652 = FACE_BOUND('',#15653,.T.);
#15653 = EDGE_LOOP('',(#15654,#15662,#15663,#15664));
#15654 = ORIENTED_EDGE('',*,*,#15655,.F.);
#15655 = EDGE_CURVE('',#13928,#15656,#15658,.T.);
#15656 = VERTEX_POINT('',#15657);
#15657 = CARTESIAN_POINT('',(-0.16,-17.94,-3.));
#15658 = LINE('',#15659,#15660);
#15659 = CARTESIAN_POINT('',(-0.266666666667,-18.04666666666,
    -2.893333333333));
#15660 = VECTOR('',#15661,1.);
#15661 = DIRECTION('',(0.57735026919,0.57735026919,-0.57735026919));
#15662 = ORIENTED_EDGE('',*,*,#13935,.T.);
#15663 = ORIENTED_EDGE('',*,*,#15624,.T.);
#15664 = ORIENTED_EDGE('',*,*,#15665,.F.);
#15665 = EDGE_CURVE('',#15656,#15625,#15666,.T.);
#15666 = LINE('',#15667,#15668);
#15667 = CARTESIAN_POINT('',(-0.16,-18.1,-3.));
#15668 = VECTOR('',#15669,1.);
#15669 = DIRECTION('',(0.,1.,0.));
#15670 = PLANE('',#15671);
#15671 = AXIS2_PLACEMENT_3D('',#15672,#15673,#15674);
#15672 = CARTESIAN_POINT('',(-0.24,-18.1,-2.92));
#15673 = DIRECTION('',(-0.707106781187,-1.735167508357E-18,
    -0.707106781187));
#15674 = DIRECTION('',(-1.226948711654E-18,1.,-1.226948711654E-18));
#15675 = ADVANCED_FACE('',(#15676),#15694,.T.);
#15676 = FACE_BOUND('',#15677,.F.);
#15677 = EDGE_LOOP('',(#15678,#15679,#15680,#15688));
#15678 = ORIENTED_EDGE('',*,*,#15655,.F.);
#15679 = ORIENTED_EDGE('',*,*,#13959,.T.);
#15680 = ORIENTED_EDGE('',*,*,#15681,.T.);
#15681 = EDGE_CURVE('',#13952,#15682,#15684,.T.);
#15682 = VERTEX_POINT('',#15683);
#15683 = CARTESIAN_POINT('',(0.16,-17.94,-3.));
#15684 = LINE('',#15685,#15686);
#15685 = CARTESIAN_POINT('',(0.16,-17.94,-3.));
#15686 = VECTOR('',#15687,1.);
#15687 = DIRECTION('',(-0.57735026919,0.57735026919,-0.57735026919));
#15688 = ORIENTED_EDGE('',*,*,#15689,.F.);
#15689 = EDGE_CURVE('',#15656,#15682,#15690,.T.);
#15690 = LINE('',#15691,#15692);
#15691 = CARTESIAN_POINT('',(-0.32,-17.94,-3.));
#15692 = VECTOR('',#15693,1.);
#15693 = DIRECTION('',(1.,0.,0.));
#15694 = PLANE('',#15695);
#15695 = AXIS2_PLACEMENT_3D('',#15696,#15697,#15698);
#15696 = CARTESIAN_POINT('',(-0.32,-18.02,-2.92));
#15697 = DIRECTION('',(1.735167508357E-18,-0.707106781187,
    -0.707106781187));
#15698 = DIRECTION('',(-1.,-1.226948711654E-18,-1.226948711654E-18));
#15699 = ADVANCED_FACE('',(#15700),#15711,.F.);
#15700 = FACE_BOUND('',#15701,.F.);
#15701 = EDGE_LOOP('',(#15702,#15703,#15704,#15705));
#15702 = ORIENTED_EDGE('',*,*,#15681,.F.);
#15703 = ORIENTED_EDGE('',*,*,#13976,.T.);
#15704 = ORIENTED_EDGE('',*,*,#15633,.T.);
#15705 = ORIENTED_EDGE('',*,*,#15706,.F.);
#15706 = EDGE_CURVE('',#15682,#15634,#15707,.T.);
#15707 = LINE('',#15708,#15709);
#15708 = CARTESIAN_POINT('',(0.16,-18.1,-3.));
#15709 = VECTOR('',#15710,1.);
#15710 = DIRECTION('',(0.,1.,0.));
#15711 = PLANE('',#15712);
#15712 = AXIS2_PLACEMENT_3D('',#15713,#15714,#15715);
#15713 = CARTESIAN_POINT('',(0.24,-18.1,-2.92));
#15714 = DIRECTION('',(-0.707106781187,1.735167508357E-18,0.707106781187
    ));
#15715 = DIRECTION('',(1.226948711654E-18,1.,-1.226948711654E-18));
#15716 = ADVANCED_FACE('',(#15717),#15742,.T.);
#15717 = FACE_BOUND('',#15718,.T.);
#15718 = EDGE_LOOP('',(#15719,#15727,#15728,#15736));
#15719 = ORIENTED_EDGE('',*,*,#15720,.F.);
#15720 = EDGE_CURVE('',#13993,#15721,#15723,.T.);
#15721 = VERTEX_POINT('',#15722);
#15722 = CARTESIAN_POINT('',(0.16,-0.16,8.54));
#15723 = LINE('',#15724,#15725);
#15724 = CARTESIAN_POINT('',(0.16,-0.16,8.54));
#15725 = VECTOR('',#15726,1.);
#15726 = DIRECTION('',(-0.57735026919,0.57735026919,0.57735026919));
#15727 = ORIENTED_EDGE('',*,*,#14009,.T.);
#15728 = ORIENTED_EDGE('',*,*,#15729,.T.);
#15729 = EDGE_CURVE('',#14002,#15730,#15732,.T.);
#15730 = VERTEX_POINT('',#15731);
#15731 = CARTESIAN_POINT('',(0.16,0.16,8.54));
#15732 = LINE('',#15733,#15734);
#15733 = CARTESIAN_POINT('',(5.333333333333E-02,5.333333333333E-02,
    8.646666666667));
#15734 = VECTOR('',#15735,1.);
#15735 = DIRECTION('',(-0.57735026919,-0.57735026919,0.57735026919));
#15736 = ORIENTED_EDGE('',*,*,#15737,.F.);
#15737 = EDGE_CURVE('',#15721,#15730,#15738,.T.);
#15738 = LINE('',#15739,#15740);
#15739 = CARTESIAN_POINT('',(0.16,-0.32,8.54));
#15740 = VECTOR('',#15741,1.);
#15741 = DIRECTION('',(0.,1.,0.));
#15742 = PLANE('',#15743);
#15743 = AXIS2_PLACEMENT_3D('',#15744,#15745,#15746);
#15744 = CARTESIAN_POINT('',(0.24,-0.32,8.46));
#15745 = DIRECTION('',(0.707106781187,-1.735167508357E-18,0.707106781187
    ));
#15746 = DIRECTION('',(1.226948711654E-18,1.,1.226948711654E-18));
#15747 = ADVANCED_FACE('',(#15748),#15766,.T.);
#15748 = FACE_BOUND('',#15749,.F.);
#15749 = EDGE_LOOP('',(#15750,#15758,#15759,#15760));
#15750 = ORIENTED_EDGE('',*,*,#15751,.F.);
#15751 = EDGE_CURVE('',#14026,#15752,#15754,.T.);
#15752 = VERTEX_POINT('',#15753);
#15753 = CARTESIAN_POINT('',(-0.16,0.16,8.54));
#15754 = LINE('',#15755,#15756);
#15755 = CARTESIAN_POINT('',(-0.16,0.16,8.54));
#15756 = VECTOR('',#15757,1.);
#15757 = DIRECTION('',(0.57735026919,-0.57735026919,0.57735026919));
#15758 = ORIENTED_EDGE('',*,*,#14033,.T.);
#15759 = ORIENTED_EDGE('',*,*,#15729,.T.);
#15760 = ORIENTED_EDGE('',*,*,#15761,.F.);
#15761 = EDGE_CURVE('',#15752,#15730,#15762,.T.);
#15762 = LINE('',#15763,#15764);
#15763 = CARTESIAN_POINT('',(-0.32,0.16,8.54));
#15764 = VECTOR('',#15765,1.);
#15765 = DIRECTION('',(1.,0.,0.));
#15766 = PLANE('',#15767);
#15767 = AXIS2_PLACEMENT_3D('',#15768,#15769,#15770);
#15768 = CARTESIAN_POINT('',(-0.32,0.24,8.46));
#15769 = DIRECTION('',(1.735167508357E-18,0.707106781187,0.707106781187)
  );
#15770 = DIRECTION('',(-1.,1.226948711654E-18,1.226948711654E-18));
#15771 = ADVANCED_FACE('',(#15772),#15790,.F.);
#15772 = FACE_BOUND('',#15773,.F.);
#15773 = EDGE_LOOP('',(#15774,#15782,#15783,#15784));
#15774 = ORIENTED_EDGE('',*,*,#15775,.F.);
#15775 = EDGE_CURVE('',#14048,#15776,#15778,.T.);
#15776 = VERTEX_POINT('',#15777);
#15777 = CARTESIAN_POINT('',(-0.16,-0.16,8.54));
#15778 = LINE('',#15779,#15780);
#15779 = CARTESIAN_POINT('',(-0.266666666667,-0.266666666667,
    8.433333333333));
#15780 = VECTOR('',#15781,1.);
#15781 = DIRECTION('',(0.57735026919,0.57735026919,0.57735026919));
#15782 = ORIENTED_EDGE('',*,*,#14057,.T.);
#15783 = ORIENTED_EDGE('',*,*,#15751,.T.);
#15784 = ORIENTED_EDGE('',*,*,#15785,.F.);
#15785 = EDGE_CURVE('',#15776,#15752,#15786,.T.);
#15786 = LINE('',#15787,#15788);
#15787 = CARTESIAN_POINT('',(-0.16,-0.32,8.54));
#15788 = VECTOR('',#15789,1.);
#15789 = DIRECTION('',(0.,1.,0.));
#15790 = PLANE('',#15791);
#15791 = AXIS2_PLACEMENT_3D('',#15792,#15793,#15794);
#15792 = CARTESIAN_POINT('',(-0.24,-0.32,8.46));
#15793 = DIRECTION('',(0.707106781187,1.735167508357E-18,-0.707106781187
    ));
#15794 = DIRECTION('',(-1.226948711654E-18,1.,1.226948711654E-18));
#15795 = ADVANCED_FACE('',(#15796),#15807,.F.);
#15796 = FACE_BOUND('',#15797,.T.);
#15797 = EDGE_LOOP('',(#15798,#15799,#15800,#15801));
#15798 = ORIENTED_EDGE('',*,*,#15775,.F.);
#15799 = ORIENTED_EDGE('',*,*,#14074,.T.);
#15800 = ORIENTED_EDGE('',*,*,#15720,.T.);
#15801 = ORIENTED_EDGE('',*,*,#15802,.F.);
#15802 = EDGE_CURVE('',#15776,#15721,#15803,.T.);
#15803 = LINE('',#15804,#15805);
#15804 = CARTESIAN_POINT('',(-0.32,-0.16,8.54));
#15805 = VECTOR('',#15806,1.);
#15806 = DIRECTION('',(1.,0.,0.));
#15807 = PLANE('',#15808);
#15808 = AXIS2_PLACEMENT_3D('',#15809,#15810,#15811);
#15809 = CARTESIAN_POINT('',(-0.32,-0.24,8.46));
#15810 = DIRECTION('',(-1.735167508357E-18,0.707106781187,
    -0.707106781187));
#15811 = DIRECTION('',(-1.,-1.226948711654E-18,1.226948711654E-18));
#15812 = ADVANCED_FACE('',(#15813),#15838,.T.);
#15813 = FACE_BOUND('',#15814,.F.);
#15814 = EDGE_LOOP('',(#15815,#15823,#15824,#15832));
#15815 = ORIENTED_EDGE('',*,*,#15816,.F.);
#15816 = EDGE_CURVE('',#14098,#15817,#15819,.T.);
#15817 = VERTEX_POINT('',#15818);
#15818 = CARTESIAN_POINT('',(-0.16,-2.38,8.54));
#15819 = LINE('',#15820,#15821);
#15820 = CARTESIAN_POINT('',(-0.16,-2.38,8.54));
#15821 = VECTOR('',#15822,1.);
#15822 = DIRECTION('',(0.57735026919,-0.57735026919,0.57735026919));
#15823 = ORIENTED_EDGE('',*,*,#14105,.T.);
#15824 = ORIENTED_EDGE('',*,*,#15825,.T.);
#15825 = EDGE_CURVE('',#14089,#15826,#15828,.T.);
#15826 = VERTEX_POINT('',#15827);
#15827 = CARTESIAN_POINT('',(0.16,-2.38,8.54));
#15828 = LINE('',#15829,#15830);
#15829 = CARTESIAN_POINT('',(5.333333333333E-02,-2.486666666667,
    8.646666666667));
#15830 = VECTOR('',#15831,1.);
#15831 = DIRECTION('',(-0.57735026919,-0.57735026919,0.57735026919));
#15832 = ORIENTED_EDGE('',*,*,#15833,.F.);
#15833 = EDGE_CURVE('',#15817,#15826,#15834,.T.);
#15834 = LINE('',#15835,#15836);
#15835 = CARTESIAN_POINT('',(-0.32,-2.38,8.54));
#15836 = VECTOR('',#15837,1.);
#15837 = DIRECTION('',(1.,0.,0.));
#15838 = PLANE('',#15839);
#15839 = AXIS2_PLACEMENT_3D('',#15840,#15841,#15842);
#15840 = CARTESIAN_POINT('',(-0.32,-2.3,8.46));
#15841 = DIRECTION('',(1.735167508357E-18,0.707106781187,0.707106781187)
  );
#15842 = DIRECTION('',(-1.,1.226948711654E-18,1.226948711654E-18));
#15843 = ADVANCED_FACE('',(#15844),#15862,.F.);
#15844 = FACE_BOUND('',#15845,.F.);
#15845 = EDGE_LOOP('',(#15846,#15854,#15855,#15856));
#15846 = ORIENTED_EDGE('',*,*,#15847,.F.);
#15847 = EDGE_CURVE('',#14120,#15848,#15850,.T.);
#15848 = VERTEX_POINT('',#15849);
#15849 = CARTESIAN_POINT('',(-0.16,-2.7,8.54));
#15850 = LINE('',#15851,#15852);
#15851 = CARTESIAN_POINT('',(-0.266666666667,-2.806666666667,
    8.433333333333));
#15852 = VECTOR('',#15853,1.);
#15853 = DIRECTION('',(0.57735026919,0.57735026919,0.57735026919));
#15854 = ORIENTED_EDGE('',*,*,#14129,.T.);
#15855 = ORIENTED_EDGE('',*,*,#15816,.T.);
#15856 = ORIENTED_EDGE('',*,*,#15857,.F.);
#15857 = EDGE_CURVE('',#15848,#15817,#15858,.T.);
#15858 = LINE('',#15859,#15860);
#15859 = CARTESIAN_POINT('',(-0.16,-2.86,8.54));
#15860 = VECTOR('',#15861,1.);
#15861 = DIRECTION('',(0.,1.,0.));
#15862 = PLANE('',#15863);
#15863 = AXIS2_PLACEMENT_3D('',#15864,#15865,#15866);
#15864 = CARTESIAN_POINT('',(-0.24,-2.86,8.46));
#15865 = DIRECTION('',(0.707106781187,1.735167508357E-18,-0.707106781187
    ));
#15866 = DIRECTION('',(-1.226948711654E-18,1.,1.226948711654E-18));
#15867 = ADVANCED_FACE('',(#15868),#15886,.F.);
#15868 = FACE_BOUND('',#15869,.T.);
#15869 = EDGE_LOOP('',(#15870,#15871,#15872,#15880));
#15870 = ORIENTED_EDGE('',*,*,#15847,.F.);
#15871 = ORIENTED_EDGE('',*,*,#14153,.T.);
#15872 = ORIENTED_EDGE('',*,*,#15873,.T.);
#15873 = EDGE_CURVE('',#14144,#15874,#15876,.T.);
#15874 = VERTEX_POINT('',#15875);
#15875 = CARTESIAN_POINT('',(0.16,-2.7,8.54));
#15876 = LINE('',#15877,#15878);
#15877 = CARTESIAN_POINT('',(0.16,-2.7,8.54));
#15878 = VECTOR('',#15879,1.);
#15879 = DIRECTION('',(-0.57735026919,0.57735026919,0.57735026919));
#15880 = ORIENTED_EDGE('',*,*,#15881,.F.);
#15881 = EDGE_CURVE('',#15848,#15874,#15882,.T.);
#15882 = LINE('',#15883,#15884);
#15883 = CARTESIAN_POINT('',(-0.32,-2.7,8.54));
#15884 = VECTOR('',#15885,1.);
#15885 = DIRECTION('',(1.,0.,0.));
#15886 = PLANE('',#15887);
#15887 = AXIS2_PLACEMENT_3D('',#15888,#15889,#15890);
#15888 = CARTESIAN_POINT('',(-0.32,-2.78,8.46));
#15889 = DIRECTION('',(-1.735167508357E-18,0.707106781187,
    -0.707106781187));
#15890 = DIRECTION('',(-1.,-1.226948711654E-18,1.226948711654E-18));
#15891 = ADVANCED_FACE('',(#15892),#15903,.T.);
#15892 = FACE_BOUND('',#15893,.T.);
#15893 = EDGE_LOOP('',(#15894,#15895,#15896,#15897));
#15894 = ORIENTED_EDGE('',*,*,#15873,.F.);
#15895 = ORIENTED_EDGE('',*,*,#14170,.T.);
#15896 = ORIENTED_EDGE('',*,*,#15825,.T.);
#15897 = ORIENTED_EDGE('',*,*,#15898,.F.);
#15898 = EDGE_CURVE('',#15874,#15826,#15899,.T.);
#15899 = LINE('',#15900,#15901);
#15900 = CARTESIAN_POINT('',(0.16,-2.86,8.54));
#15901 = VECTOR('',#15902,1.);
#15902 = DIRECTION('',(0.,1.,0.));
#15903 = PLANE('',#15904);
#15904 = AXIS2_PLACEMENT_3D('',#15905,#15906,#15907);
#15905 = CARTESIAN_POINT('',(0.24,-2.86,8.46));
#15906 = DIRECTION('',(0.707106781187,-1.735167508357E-18,0.707106781187
    ));
#15907 = DIRECTION('',(1.226948711654E-18,1.,1.226948711654E-18));
#15908 = ADVANCED_FACE('',(#15909),#15934,.T.);
#15909 = FACE_BOUND('',#15910,.T.);
#15910 = EDGE_LOOP('',(#15911,#15919,#15920,#15928));
#15911 = ORIENTED_EDGE('',*,*,#15912,.F.);
#15912 = EDGE_CURVE('',#14185,#15913,#15915,.T.);
#15913 = VERTEX_POINT('',#15914);
#15914 = CARTESIAN_POINT('',(0.16,-5.24,8.54));
#15915 = LINE('',#15916,#15917);
#15916 = CARTESIAN_POINT('',(0.16,-5.24,8.54));
#15917 = VECTOR('',#15918,1.);
#15918 = DIRECTION('',(-0.57735026919,0.57735026919,0.57735026919));
#15919 = ORIENTED_EDGE('',*,*,#14201,.T.);
#15920 = ORIENTED_EDGE('',*,*,#15921,.T.);
#15921 = EDGE_CURVE('',#14194,#15922,#15924,.T.);
#15922 = VERTEX_POINT('',#15923);
#15923 = CARTESIAN_POINT('',(0.16,-4.92,8.54));
#15924 = LINE('',#15925,#15926);
#15925 = CARTESIAN_POINT('',(5.333333333333E-02,-5.026666666667,
    8.646666666667));
#15926 = VECTOR('',#15927,1.);
#15927 = DIRECTION('',(-0.57735026919,-0.57735026919,0.57735026919));
#15928 = ORIENTED_EDGE('',*,*,#15929,.F.);
#15929 = EDGE_CURVE('',#15913,#15922,#15930,.T.);
#15930 = LINE('',#15931,#15932);
#15931 = CARTESIAN_POINT('',(0.16,-5.4,8.54));
#15932 = VECTOR('',#15933,1.);
#15933 = DIRECTION('',(0.,1.,0.));
#15934 = PLANE('',#15935);
#15935 = AXIS2_PLACEMENT_3D('',#15936,#15937,#15938);
#15936 = CARTESIAN_POINT('',(0.24,-5.4,8.46));
#15937 = DIRECTION('',(0.707106781187,-1.735167508357E-18,0.707106781187
    ));
#15938 = DIRECTION('',(1.226948711654E-18,1.,1.226948711654E-18));
#15939 = ADVANCED_FACE('',(#15940),#15958,.T.);
#15940 = FACE_BOUND('',#15941,.F.);
#15941 = EDGE_LOOP('',(#15942,#15950,#15951,#15952));
#15942 = ORIENTED_EDGE('',*,*,#15943,.F.);
#15943 = EDGE_CURVE('',#14218,#15944,#15946,.T.);
#15944 = VERTEX_POINT('',#15945);
#15945 = CARTESIAN_POINT('',(-0.16,-4.92,8.54));
#15946 = LINE('',#15947,#15948);
#15947 = CARTESIAN_POINT('',(-0.16,-4.92,8.54));
#15948 = VECTOR('',#15949,1.);
#15949 = DIRECTION('',(0.57735026919,-0.57735026919,0.57735026919));
#15950 = ORIENTED_EDGE('',*,*,#14225,.T.);
#15951 = ORIENTED_EDGE('',*,*,#15921,.T.);
#15952 = ORIENTED_EDGE('',*,*,#15953,.F.);
#15953 = EDGE_CURVE('',#15944,#15922,#15954,.T.);
#15954 = LINE('',#15955,#15956);
#15955 = CARTESIAN_POINT('',(-0.32,-4.92,8.54));
#15956 = VECTOR('',#15957,1.);
#15957 = DIRECTION('',(1.,0.,0.));
#15958 = PLANE('',#15959);
#15959 = AXIS2_PLACEMENT_3D('',#15960,#15961,#15962);
#15960 = CARTESIAN_POINT('',(-0.32,-4.84,8.46));
#15961 = DIRECTION('',(1.735167508357E-18,0.707106781187,0.707106781187)
  );
#15962 = DIRECTION('',(-1.,1.226948711654E-18,1.226948711654E-18));
#15963 = ADVANCED_FACE('',(#15964),#15982,.F.);
#15964 = FACE_BOUND('',#15965,.F.);
#15965 = EDGE_LOOP('',(#15966,#15974,#15975,#15976));
#15966 = ORIENTED_EDGE('',*,*,#15967,.F.);
#15967 = EDGE_CURVE('',#14240,#15968,#15970,.T.);
#15968 = VERTEX_POINT('',#15969);
#15969 = CARTESIAN_POINT('',(-0.16,-5.24,8.54));
#15970 = LINE('',#15971,#15972);
#15971 = CARTESIAN_POINT('',(-0.266666666667,-5.346666666667,
    8.433333333333));
#15972 = VECTOR('',#15973,1.);
#15973 = DIRECTION('',(0.57735026919,0.57735026919,0.57735026919));
#15974 = ORIENTED_EDGE('',*,*,#14249,.T.);
#15975 = ORIENTED_EDGE('',*,*,#15943,.T.);
#15976 = ORIENTED_EDGE('',*,*,#15977,.F.);
#15977 = EDGE_CURVE('',#15968,#15944,#15978,.T.);
#15978 = LINE('',#15979,#15980);
#15979 = CARTESIAN_POINT('',(-0.16,-5.4,8.54));
#15980 = VECTOR('',#15981,1.);
#15981 = DIRECTION('',(0.,1.,0.));
#15982 = PLANE('',#15983);
#15983 = AXIS2_PLACEMENT_3D('',#15984,#15985,#15986);
#15984 = CARTESIAN_POINT('',(-0.24,-5.4,8.46));
#15985 = DIRECTION('',(0.707106781187,1.735167508357E-18,-0.707106781187
    ));
#15986 = DIRECTION('',(-1.226948711654E-18,1.,1.226948711654E-18));
#15987 = ADVANCED_FACE('',(#15988),#15999,.F.);
#15988 = FACE_BOUND('',#15989,.T.);
#15989 = EDGE_LOOP('',(#15990,#15991,#15992,#15993));
#15990 = ORIENTED_EDGE('',*,*,#15967,.F.);
#15991 = ORIENTED_EDGE('',*,*,#14266,.T.);
#15992 = ORIENTED_EDGE('',*,*,#15912,.T.);
#15993 = ORIENTED_EDGE('',*,*,#15994,.F.);
#15994 = EDGE_CURVE('',#15968,#15913,#15995,.T.);
#15995 = LINE('',#15996,#15997);
#15996 = CARTESIAN_POINT('',(-0.32,-5.24,8.54));
#15997 = VECTOR('',#15998,1.);
#15998 = DIRECTION('',(1.,0.,0.));
#15999 = PLANE('',#16000);
#16000 = AXIS2_PLACEMENT_3D('',#16001,#16002,#16003);
#16001 = CARTESIAN_POINT('',(-0.32,-5.32,8.46));
#16002 = DIRECTION('',(-1.735167508357E-18,0.707106781187,
    -0.707106781187));
#16003 = DIRECTION('',(-1.,-1.226948711654E-18,1.226948711654E-18));
#16004 = ADVANCED_FACE('',(#16005),#16030,.T.);
#16005 = FACE_BOUND('',#16006,.F.);
#16006 = EDGE_LOOP('',(#16007,#16015,#16016,#16024));
#16007 = ORIENTED_EDGE('',*,*,#16008,.F.);
#16008 = EDGE_CURVE('',#14290,#16009,#16011,.T.);
#16009 = VERTEX_POINT('',#16010);
#16010 = CARTESIAN_POINT('',(-0.16,-7.46,8.54));
#16011 = LINE('',#16012,#16013);
#16012 = CARTESIAN_POINT('',(-0.16,-7.46,8.54));
#16013 = VECTOR('',#16014,1.);
#16014 = DIRECTION('',(0.57735026919,-0.57735026919,0.57735026919));
#16015 = ORIENTED_EDGE('',*,*,#14297,.T.);
#16016 = ORIENTED_EDGE('',*,*,#16017,.T.);
#16017 = EDGE_CURVE('',#14281,#16018,#16020,.T.);
#16018 = VERTEX_POINT('',#16019);
#16019 = CARTESIAN_POINT('',(0.16,-7.46,8.54));
#16020 = LINE('',#16021,#16022);
#16021 = CARTESIAN_POINT('',(5.333333333333E-02,-7.566666666667,
    8.646666666667));
#16022 = VECTOR('',#16023,1.);
#16023 = DIRECTION('',(-0.57735026919,-0.57735026919,0.57735026919));
#16024 = ORIENTED_EDGE('',*,*,#16025,.F.);
#16025 = EDGE_CURVE('',#16009,#16018,#16026,.T.);
#16026 = LINE('',#16027,#16028);
#16027 = CARTESIAN_POINT('',(-0.32,-7.46,8.54));
#16028 = VECTOR('',#16029,1.);
#16029 = DIRECTION('',(1.,0.,0.));
#16030 = PLANE('',#16031);
#16031 = AXIS2_PLACEMENT_3D('',#16032,#16033,#16034);
#16032 = CARTESIAN_POINT('',(-0.32,-7.38,8.46));
#16033 = DIRECTION('',(1.735167508357E-18,0.707106781187,0.707106781187)
  );
#16034 = DIRECTION('',(-1.,1.226948711654E-18,1.226948711654E-18));
#16035 = ADVANCED_FACE('',(#16036),#16054,.F.);
#16036 = FACE_BOUND('',#16037,.F.);
#16037 = EDGE_LOOP('',(#16038,#16046,#16047,#16048));
#16038 = ORIENTED_EDGE('',*,*,#16039,.F.);
#16039 = EDGE_CURVE('',#14312,#16040,#16042,.T.);
#16040 = VERTEX_POINT('',#16041);
#16041 = CARTESIAN_POINT('',(-0.16,-7.78,8.54));
#16042 = LINE('',#16043,#16044);
#16043 = CARTESIAN_POINT('',(-0.266666666667,-7.886666666667,
    8.433333333333));
#16044 = VECTOR('',#16045,1.);
#16045 = DIRECTION('',(0.57735026919,0.57735026919,0.57735026919));
#16046 = ORIENTED_EDGE('',*,*,#14321,.T.);
#16047 = ORIENTED_EDGE('',*,*,#16008,.T.);
#16048 = ORIENTED_EDGE('',*,*,#16049,.F.);
#16049 = EDGE_CURVE('',#16040,#16009,#16050,.T.);
#16050 = LINE('',#16051,#16052);
#16051 = CARTESIAN_POINT('',(-0.16,-7.94,8.54));
#16052 = VECTOR('',#16053,1.);
#16053 = DIRECTION('',(0.,1.,0.));
#16054 = PLANE('',#16055);
#16055 = AXIS2_PLACEMENT_3D('',#16056,#16057,#16058);
#16056 = CARTESIAN_POINT('',(-0.24,-7.94,8.46));
#16057 = DIRECTION('',(0.707106781187,1.735167508357E-18,-0.707106781187
    ));
#16058 = DIRECTION('',(-1.226948711654E-18,1.,1.226948711654E-18));
#16059 = ADVANCED_FACE('',(#16060),#16078,.F.);
#16060 = FACE_BOUND('',#16061,.T.);
#16061 = EDGE_LOOP('',(#16062,#16063,#16064,#16072));
#16062 = ORIENTED_EDGE('',*,*,#16039,.F.);
#16063 = ORIENTED_EDGE('',*,*,#14345,.T.);
#16064 = ORIENTED_EDGE('',*,*,#16065,.T.);
#16065 = EDGE_CURVE('',#14336,#16066,#16068,.T.);
#16066 = VERTEX_POINT('',#16067);
#16067 = CARTESIAN_POINT('',(0.16,-7.78,8.54));
#16068 = LINE('',#16069,#16070);
#16069 = CARTESIAN_POINT('',(0.16,-7.78,8.54));
#16070 = VECTOR('',#16071,1.);
#16071 = DIRECTION('',(-0.57735026919,0.57735026919,0.57735026919));
#16072 = ORIENTED_EDGE('',*,*,#16073,.F.);
#16073 = EDGE_CURVE('',#16040,#16066,#16074,.T.);
#16074 = LINE('',#16075,#16076);
#16075 = CARTESIAN_POINT('',(-0.32,-7.78,8.54));
#16076 = VECTOR('',#16077,1.);
#16077 = DIRECTION('',(1.,0.,0.));
#16078 = PLANE('',#16079);
#16079 = AXIS2_PLACEMENT_3D('',#16080,#16081,#16082);
#16080 = CARTESIAN_POINT('',(-0.32,-7.86,8.46));
#16081 = DIRECTION('',(-1.735167508357E-18,0.707106781187,
    -0.707106781187));
#16082 = DIRECTION('',(-1.,-1.226948711654E-18,1.226948711654E-18));
#16083 = ADVANCED_FACE('',(#16084),#16095,.T.);
#16084 = FACE_BOUND('',#16085,.T.);
#16085 = EDGE_LOOP('',(#16086,#16087,#16088,#16089));
#16086 = ORIENTED_EDGE('',*,*,#16065,.F.);
#16087 = ORIENTED_EDGE('',*,*,#14362,.T.);
#16088 = ORIENTED_EDGE('',*,*,#16017,.T.);
#16089 = ORIENTED_EDGE('',*,*,#16090,.F.);
#16090 = EDGE_CURVE('',#16066,#16018,#16091,.T.);
#16091 = LINE('',#16092,#16093);
#16092 = CARTESIAN_POINT('',(0.16,-7.94,8.54));
#16093 = VECTOR('',#16094,1.);
#16094 = DIRECTION('',(0.,1.,0.));
#16095 = PLANE('',#16096);
#16096 = AXIS2_PLACEMENT_3D('',#16097,#16098,#16099);
#16097 = CARTESIAN_POINT('',(0.24,-7.94,8.46));
#16098 = DIRECTION('',(0.707106781187,-1.735167508357E-18,0.707106781187
    ));
#16099 = DIRECTION('',(1.226948711654E-18,1.,1.226948711654E-18));
#16100 = ADVANCED_FACE('',(#16101),#16126,.T.);
#16101 = FACE_BOUND('',#16102,.T.);
#16102 = EDGE_LOOP('',(#16103,#16111,#16112,#16120));
#16103 = ORIENTED_EDGE('',*,*,#16104,.F.);
#16104 = EDGE_CURVE('',#14377,#16105,#16107,.T.);
#16105 = VERTEX_POINT('',#16106);
#16106 = CARTESIAN_POINT('',(0.16,-15.4,8.54));
#16107 = LINE('',#16108,#16109);
#16108 = CARTESIAN_POINT('',(0.16,-15.4,8.54));
#16109 = VECTOR('',#16110,1.);
#16110 = DIRECTION('',(-0.57735026919,0.57735026919,0.57735026919));
#16111 = ORIENTED_EDGE('',*,*,#14393,.T.);
#16112 = ORIENTED_EDGE('',*,*,#16113,.T.);
#16113 = EDGE_CURVE('',#14386,#16114,#16116,.T.);
#16114 = VERTEX_POINT('',#16115);
#16115 = CARTESIAN_POINT('',(0.16,-15.08,8.54));
#16116 = LINE('',#16117,#16118);
#16117 = CARTESIAN_POINT('',(5.333333333333E-02,-15.18666666666,
    8.646666666667));
#16118 = VECTOR('',#16119,1.);
#16119 = DIRECTION('',(-0.57735026919,-0.57735026919,0.57735026919));
#16120 = ORIENTED_EDGE('',*,*,#16121,.F.);
#16121 = EDGE_CURVE('',#16105,#16114,#16122,.T.);
#16122 = LINE('',#16123,#16124);
#16123 = CARTESIAN_POINT('',(0.16,-15.56,8.54));
#16124 = VECTOR('',#16125,1.);
#16125 = DIRECTION('',(0.,1.,0.));
#16126 = PLANE('',#16127);
#16127 = AXIS2_PLACEMENT_3D('',#16128,#16129,#16130);
#16128 = CARTESIAN_POINT('',(0.24,-15.56,8.46));
#16129 = DIRECTION('',(0.707106781187,-1.735167508357E-18,0.707106781187
    ));
#16130 = DIRECTION('',(1.226948711654E-18,1.,1.226948711654E-18));
#16131 = ADVANCED_FACE('',(#16132),#16150,.T.);
#16132 = FACE_BOUND('',#16133,.F.);
#16133 = EDGE_LOOP('',(#16134,#16142,#16143,#16144));
#16134 = ORIENTED_EDGE('',*,*,#16135,.F.);
#16135 = EDGE_CURVE('',#14410,#16136,#16138,.T.);
#16136 = VERTEX_POINT('',#16137);
#16137 = CARTESIAN_POINT('',(-0.16,-15.08,8.54));
#16138 = LINE('',#16139,#16140);
#16139 = CARTESIAN_POINT('',(-0.16,-15.08,8.54));
#16140 = VECTOR('',#16141,1.);
#16141 = DIRECTION('',(0.57735026919,-0.57735026919,0.57735026919));
#16142 = ORIENTED_EDGE('',*,*,#14417,.T.);
#16143 = ORIENTED_EDGE('',*,*,#16113,.T.);
#16144 = ORIENTED_EDGE('',*,*,#16145,.F.);
#16145 = EDGE_CURVE('',#16136,#16114,#16146,.T.);
#16146 = LINE('',#16147,#16148);
#16147 = CARTESIAN_POINT('',(-0.32,-15.08,8.54));
#16148 = VECTOR('',#16149,1.);
#16149 = DIRECTION('',(1.,0.,0.));
#16150 = PLANE('',#16151);
#16151 = AXIS2_PLACEMENT_3D('',#16152,#16153,#16154);
#16152 = CARTESIAN_POINT('',(-0.32,-15.,8.46));
#16153 = DIRECTION('',(1.735167508357E-18,0.707106781187,0.707106781187)
  );
#16154 = DIRECTION('',(-1.,1.226948711654E-18,1.226948711654E-18));
#16155 = ADVANCED_FACE('',(#16156),#16174,.F.);
#16156 = FACE_BOUND('',#16157,.F.);
#16157 = EDGE_LOOP('',(#16158,#16166,#16167,#16168));
#16158 = ORIENTED_EDGE('',*,*,#16159,.F.);
#16159 = EDGE_CURVE('',#14432,#16160,#16162,.T.);
#16160 = VERTEX_POINT('',#16161);
#16161 = CARTESIAN_POINT('',(-0.16,-15.4,8.54));
#16162 = LINE('',#16163,#16164);
#16163 = CARTESIAN_POINT('',(-0.266666666667,-15.50666666666,
    8.433333333333));
#16164 = VECTOR('',#16165,1.);
#16165 = DIRECTION('',(0.57735026919,0.57735026919,0.57735026919));
#16166 = ORIENTED_EDGE('',*,*,#14441,.T.);
#16167 = ORIENTED_EDGE('',*,*,#16135,.T.);
#16168 = ORIENTED_EDGE('',*,*,#16169,.F.);
#16169 = EDGE_CURVE('',#16160,#16136,#16170,.T.);
#16170 = LINE('',#16171,#16172);
#16171 = CARTESIAN_POINT('',(-0.16,-15.56,8.54));
#16172 = VECTOR('',#16173,1.);
#16173 = DIRECTION('',(0.,1.,0.));
#16174 = PLANE('',#16175);
#16175 = AXIS2_PLACEMENT_3D('',#16176,#16177,#16178);
#16176 = CARTESIAN_POINT('',(-0.24,-15.56,8.46));
#16177 = DIRECTION('',(0.707106781187,1.735167508357E-18,-0.707106781187
    ));
#16178 = DIRECTION('',(-1.226948711654E-18,1.,1.226948711654E-18));
#16179 = ADVANCED_FACE('',(#16180),#16191,.F.);
#16180 = FACE_BOUND('',#16181,.T.);
#16181 = EDGE_LOOP('',(#16182,#16183,#16184,#16185));
#16182 = ORIENTED_EDGE('',*,*,#16159,.F.);
#16183 = ORIENTED_EDGE('',*,*,#14458,.T.);
#16184 = ORIENTED_EDGE('',*,*,#16104,.T.);
#16185 = ORIENTED_EDGE('',*,*,#16186,.F.);
#16186 = EDGE_CURVE('',#16160,#16105,#16187,.T.);
#16187 = LINE('',#16188,#16189);
#16188 = CARTESIAN_POINT('',(-0.32,-15.4,8.54));
#16189 = VECTOR('',#16190,1.);
#16190 = DIRECTION('',(1.,0.,0.));
#16191 = PLANE('',#16192);
#16192 = AXIS2_PLACEMENT_3D('',#16193,#16194,#16195);
#16193 = CARTESIAN_POINT('',(-0.32,-15.48,8.46));
#16194 = DIRECTION('',(-1.735167508357E-18,0.707106781187,
    -0.707106781187));
#16195 = DIRECTION('',(-1.,-1.226948711654E-18,1.226948711654E-18));
#16196 = ADVANCED_FACE('',(#16197),#16222,.T.);
#16197 = FACE_BOUND('',#16198,.F.);
#16198 = EDGE_LOOP('',(#16199,#16207,#16208,#16216));
#16199 = ORIENTED_EDGE('',*,*,#16200,.F.);
#16200 = EDGE_CURVE('',#14482,#16201,#16203,.T.);
#16201 = VERTEX_POINT('',#16202);
#16202 = CARTESIAN_POINT('',(-0.16,-10.,8.54));
#16203 = LINE('',#16204,#16205);
#16204 = CARTESIAN_POINT('',(-0.16,-10.,8.54));
#16205 = VECTOR('',#16206,1.);
#16206 = DIRECTION('',(0.57735026919,-0.57735026919,0.57735026919));
#16207 = ORIENTED_EDGE('',*,*,#14489,.T.);
#16208 = ORIENTED_EDGE('',*,*,#16209,.T.);
#16209 = EDGE_CURVE('',#14473,#16210,#16212,.T.);
#16210 = VERTEX_POINT('',#16211);
#16211 = CARTESIAN_POINT('',(0.16,-10.,8.54));
#16212 = LINE('',#16213,#16214);
#16213 = CARTESIAN_POINT('',(5.333333333333E-02,-10.10666666666,
    8.646666666667));
#16214 = VECTOR('',#16215,1.);
#16215 = DIRECTION('',(-0.57735026919,-0.57735026919,0.57735026919));
#16216 = ORIENTED_EDGE('',*,*,#16217,.F.);
#16217 = EDGE_CURVE('',#16201,#16210,#16218,.T.);
#16218 = LINE('',#16219,#16220);
#16219 = CARTESIAN_POINT('',(-0.32,-10.,8.54));
#16220 = VECTOR('',#16221,1.);
#16221 = DIRECTION('',(1.,0.,0.));
#16222 = PLANE('',#16223);
#16223 = AXIS2_PLACEMENT_3D('',#16224,#16225,#16226);
#16224 = CARTESIAN_POINT('',(-0.32,-9.92,8.46));
#16225 = DIRECTION('',(1.735167508357E-18,0.707106781187,0.707106781187)
  );
#16226 = DIRECTION('',(-1.,1.226948711654E-18,1.226948711654E-18));
#16227 = ADVANCED_FACE('',(#16228),#16246,.F.);
#16228 = FACE_BOUND('',#16229,.F.);
#16229 = EDGE_LOOP('',(#16230,#16238,#16239,#16240));
#16230 = ORIENTED_EDGE('',*,*,#16231,.F.);
#16231 = EDGE_CURVE('',#14504,#16232,#16234,.T.);
#16232 = VERTEX_POINT('',#16233);
#16233 = CARTESIAN_POINT('',(-0.16,-10.32,8.54));
#16234 = LINE('',#16235,#16236);
#16235 = CARTESIAN_POINT('',(-0.266666666667,-10.42666666666,
    8.433333333333));
#16236 = VECTOR('',#16237,1.);
#16237 = DIRECTION('',(0.57735026919,0.57735026919,0.57735026919));
#16238 = ORIENTED_EDGE('',*,*,#14513,.T.);
#16239 = ORIENTED_EDGE('',*,*,#16200,.T.);
#16240 = ORIENTED_EDGE('',*,*,#16241,.F.);
#16241 = EDGE_CURVE('',#16232,#16201,#16242,.T.);
#16242 = LINE('',#16243,#16244);
#16243 = CARTESIAN_POINT('',(-0.16,-10.48,8.54));
#16244 = VECTOR('',#16245,1.);
#16245 = DIRECTION('',(0.,1.,0.));
#16246 = PLANE('',#16247);
#16247 = AXIS2_PLACEMENT_3D('',#16248,#16249,#16250);
#16248 = CARTESIAN_POINT('',(-0.24,-10.48,8.46));
#16249 = DIRECTION('',(0.707106781187,1.735167508357E-18,-0.707106781187
    ));
#16250 = DIRECTION('',(-1.226948711654E-18,1.,1.226948711654E-18));
#16251 = ADVANCED_FACE('',(#16252),#16270,.F.);
#16252 = FACE_BOUND('',#16253,.T.);
#16253 = EDGE_LOOP('',(#16254,#16255,#16256,#16264));
#16254 = ORIENTED_EDGE('',*,*,#16231,.F.);
#16255 = ORIENTED_EDGE('',*,*,#14537,.T.);
#16256 = ORIENTED_EDGE('',*,*,#16257,.T.);
#16257 = EDGE_CURVE('',#14528,#16258,#16260,.T.);
#16258 = VERTEX_POINT('',#16259);
#16259 = CARTESIAN_POINT('',(0.16,-10.32,8.54));
#16260 = LINE('',#16261,#16262);
#16261 = CARTESIAN_POINT('',(0.16,-10.32,8.54));
#16262 = VECTOR('',#16263,1.);
#16263 = DIRECTION('',(-0.57735026919,0.57735026919,0.57735026919));
#16264 = ORIENTED_EDGE('',*,*,#16265,.F.);
#16265 = EDGE_CURVE('',#16232,#16258,#16266,.T.);
#16266 = LINE('',#16267,#16268);
#16267 = CARTESIAN_POINT('',(-0.32,-10.32,8.54));
#16268 = VECTOR('',#16269,1.);
#16269 = DIRECTION('',(1.,0.,0.));
#16270 = PLANE('',#16271);
#16271 = AXIS2_PLACEMENT_3D('',#16272,#16273,#16274);
#16272 = CARTESIAN_POINT('',(-0.32,-10.4,8.46));
#16273 = DIRECTION('',(-1.735167508357E-18,0.707106781187,
    -0.707106781187));
#16274 = DIRECTION('',(-1.,-1.226948711654E-18,1.226948711654E-18));
#16275 = ADVANCED_FACE('',(#16276),#16287,.T.);
#16276 = FACE_BOUND('',#16277,.T.);
#16277 = EDGE_LOOP('',(#16278,#16279,#16280,#16281));
#16278 = ORIENTED_EDGE('',*,*,#16257,.F.);
#16279 = ORIENTED_EDGE('',*,*,#14554,.T.);
#16280 = ORIENTED_EDGE('',*,*,#16209,.T.);
#16281 = ORIENTED_EDGE('',*,*,#16282,.F.);
#16282 = EDGE_CURVE('',#16258,#16210,#16283,.T.);
#16283 = LINE('',#16284,#16285);
#16284 = CARTESIAN_POINT('',(0.16,-10.48,8.54));
#16285 = VECTOR('',#16286,1.);
#16286 = DIRECTION('',(0.,1.,0.));
#16287 = PLANE('',#16288);
#16288 = AXIS2_PLACEMENT_3D('',#16289,#16290,#16291);
#16289 = CARTESIAN_POINT('',(0.24,-10.48,8.46));
#16290 = DIRECTION('',(0.707106781187,-1.735167508357E-18,0.707106781187
    ));
#16291 = DIRECTION('',(1.226948711654E-18,1.,1.226948711654E-18));
#16292 = ADVANCED_FACE('',(#16293),#16318,.F.);
#16293 = FACE_BOUND('',#16294,.T.);
#16294 = EDGE_LOOP('',(#16295,#16303,#16304,#16312));
#16295 = ORIENTED_EDGE('',*,*,#16296,.F.);
#16296 = EDGE_CURVE('',#14578,#16297,#16299,.T.);
#16297 = VERTEX_POINT('',#16298);
#16298 = CARTESIAN_POINT('',(-0.16,-12.86,8.54));
#16299 = LINE('',#16300,#16301);
#16300 = CARTESIAN_POINT('',(-0.266666666667,-12.96666666666,
    8.433333333333));
#16301 = VECTOR('',#16302,1.);
#16302 = DIRECTION('',(0.57735026919,0.57735026919,0.57735026919));
#16303 = ORIENTED_EDGE('',*,*,#14585,.T.);
#16304 = ORIENTED_EDGE('',*,*,#16305,.T.);
#16305 = EDGE_CURVE('',#14569,#16306,#16308,.T.);
#16306 = VERTEX_POINT('',#16307);
#16307 = CARTESIAN_POINT('',(0.16,-12.86,8.54));
#16308 = LINE('',#16309,#16310);
#16309 = CARTESIAN_POINT('',(0.16,-12.86,8.54));
#16310 = VECTOR('',#16311,1.);
#16311 = DIRECTION('',(-0.57735026919,0.57735026919,0.57735026919));
#16312 = ORIENTED_EDGE('',*,*,#16313,.F.);
#16313 = EDGE_CURVE('',#16297,#16306,#16314,.T.);
#16314 = LINE('',#16315,#16316);
#16315 = CARTESIAN_POINT('',(-0.32,-12.86,8.54));
#16316 = VECTOR('',#16317,1.);
#16317 = DIRECTION('',(1.,0.,0.));
#16318 = PLANE('',#16319);
#16319 = AXIS2_PLACEMENT_3D('',#16320,#16321,#16322);
#16320 = CARTESIAN_POINT('',(-0.32,-12.94,8.46));
#16321 = DIRECTION('',(-1.735167508357E-18,0.707106781187,
    -0.707106781187));
#16322 = DIRECTION('',(-1.,-1.226948711654E-18,1.226948711654E-18));
#16323 = ADVANCED_FACE('',(#16324),#16342,.T.);
#16324 = FACE_BOUND('',#16325,.T.);
#16325 = EDGE_LOOP('',(#16326,#16327,#16328,#16336));
#16326 = ORIENTED_EDGE('',*,*,#16305,.F.);
#16327 = ORIENTED_EDGE('',*,*,#14609,.T.);
#16328 = ORIENTED_EDGE('',*,*,#16329,.T.);
#16329 = EDGE_CURVE('',#14602,#16330,#16332,.T.);
#16330 = VERTEX_POINT('',#16331);
#16331 = CARTESIAN_POINT('',(0.16,-12.54,8.54));
#16332 = LINE('',#16333,#16334);
#16333 = CARTESIAN_POINT('',(5.333333333333E-02,-12.64666666666,
    8.646666666667));
#16334 = VECTOR('',#16335,1.);
#16335 = DIRECTION('',(-0.57735026919,-0.57735026919,0.57735026919));
#16336 = ORIENTED_EDGE('',*,*,#16337,.F.);
#16337 = EDGE_CURVE('',#16306,#16330,#16338,.T.);
#16338 = LINE('',#16339,#16340);
#16339 = CARTESIAN_POINT('',(0.16,-13.02,8.54));
#16340 = VECTOR('',#16341,1.);
#16341 = DIRECTION('',(0.,1.,0.));
#16342 = PLANE('',#16343);
#16343 = AXIS2_PLACEMENT_3D('',#16344,#16345,#16346);
#16344 = CARTESIAN_POINT('',(0.24,-13.02,8.46));
#16345 = DIRECTION('',(0.707106781187,-1.735167508357E-18,0.707106781187
    ));
#16346 = DIRECTION('',(1.226948711654E-18,1.,1.226948711654E-18));
#16347 = ADVANCED_FACE('',(#16348),#16366,.T.);
#16348 = FACE_BOUND('',#16349,.F.);
#16349 = EDGE_LOOP('',(#16350,#16358,#16359,#16360));
#16350 = ORIENTED_EDGE('',*,*,#16351,.F.);
#16351 = EDGE_CURVE('',#14626,#16352,#16354,.T.);
#16352 = VERTEX_POINT('',#16353);
#16353 = CARTESIAN_POINT('',(-0.16,-12.54,8.54));
#16354 = LINE('',#16355,#16356);
#16355 = CARTESIAN_POINT('',(-0.16,-12.54,8.54));
#16356 = VECTOR('',#16357,1.);
#16357 = DIRECTION('',(0.57735026919,-0.57735026919,0.57735026919));
#16358 = ORIENTED_EDGE('',*,*,#14633,.T.);
#16359 = ORIENTED_EDGE('',*,*,#16329,.T.);
#16360 = ORIENTED_EDGE('',*,*,#16361,.F.);
#16361 = EDGE_CURVE('',#16352,#16330,#16362,.T.);
#16362 = LINE('',#16363,#16364);
#16363 = CARTESIAN_POINT('',(-0.32,-12.54,8.54));
#16364 = VECTOR('',#16365,1.);
#16365 = DIRECTION('',(1.,0.,0.));
#16366 = PLANE('',#16367);
#16367 = AXIS2_PLACEMENT_3D('',#16368,#16369,#16370);
#16368 = CARTESIAN_POINT('',(-0.32,-12.46,8.46));
#16369 = DIRECTION('',(1.735167508357E-18,0.707106781187,0.707106781187)
  );
#16370 = DIRECTION('',(-1.,1.226948711654E-18,1.226948711654E-18));
#16371 = ADVANCED_FACE('',(#16372),#16383,.F.);
#16372 = FACE_BOUND('',#16373,.F.);
#16373 = EDGE_LOOP('',(#16374,#16375,#16376,#16377));
#16374 = ORIENTED_EDGE('',*,*,#16296,.F.);
#16375 = ORIENTED_EDGE('',*,*,#14650,.T.);
#16376 = ORIENTED_EDGE('',*,*,#16351,.T.);
#16377 = ORIENTED_EDGE('',*,*,#16378,.F.);
#16378 = EDGE_CURVE('',#16297,#16352,#16379,.T.);
#16379 = LINE('',#16380,#16381);
#16380 = CARTESIAN_POINT('',(-0.16,-13.02,8.54));
#16381 = VECTOR('',#16382,1.);
#16382 = DIRECTION('',(0.,1.,0.));
#16383 = PLANE('',#16384);
#16384 = AXIS2_PLACEMENT_3D('',#16385,#16386,#16387);
#16385 = CARTESIAN_POINT('',(-0.24,-13.02,8.46));
#16386 = DIRECTION('',(0.707106781187,1.735167508357E-18,-0.707106781187
    ));
#16387 = DIRECTION('',(-1.226948711654E-18,1.,1.226948711654E-18));
#16388 = ADVANCED_FACE('',(#16389),#16414,.T.);
#16389 = FACE_BOUND('',#16390,.T.);
#16390 = EDGE_LOOP('',(#16391,#16399,#16400,#16408));
#16391 = ORIENTED_EDGE('',*,*,#16392,.F.);
#16392 = EDGE_CURVE('',#14665,#16393,#16395,.T.);
#16393 = VERTEX_POINT('',#16394);
#16394 = CARTESIAN_POINT('',(0.16,-20.48,8.54));
#16395 = LINE('',#16396,#16397);
#16396 = CARTESIAN_POINT('',(0.16,-20.48,8.54));
#16397 = VECTOR('',#16398,1.);
#16398 = DIRECTION('',(-0.57735026919,0.57735026919,0.57735026919));
#16399 = ORIENTED_EDGE('',*,*,#14681,.T.);
#16400 = ORIENTED_EDGE('',*,*,#16401,.T.);
#16401 = EDGE_CURVE('',#14674,#16402,#16404,.T.);
#16402 = VERTEX_POINT('',#16403);
#16403 = CARTESIAN_POINT('',(0.16,-20.16,8.54));
#16404 = LINE('',#16405,#16406);
#16405 = CARTESIAN_POINT('',(5.333333333333E-02,-20.26666666666,
    8.646666666667));
#16406 = VECTOR('',#16407,1.);
#16407 = DIRECTION('',(-0.57735026919,-0.57735026919,0.57735026919));
#16408 = ORIENTED_EDGE('',*,*,#16409,.F.);
#16409 = EDGE_CURVE('',#16393,#16402,#16410,.T.);
#16410 = LINE('',#16411,#16412);
#16411 = CARTESIAN_POINT('',(0.16,-20.64,8.54));
#16412 = VECTOR('',#16413,1.);
#16413 = DIRECTION('',(0.,1.,0.));
#16414 = PLANE('',#16415);
#16415 = AXIS2_PLACEMENT_3D('',#16416,#16417,#16418);
#16416 = CARTESIAN_POINT('',(0.24,-20.64,8.46));
#16417 = DIRECTION('',(0.707106781187,-1.735167508357E-18,0.707106781187
    ));
#16418 = DIRECTION('',(1.226948711654E-18,1.,1.226948711654E-18));
#16419 = ADVANCED_FACE('',(#16420),#16438,.T.);
#16420 = FACE_BOUND('',#16421,.F.);
#16421 = EDGE_LOOP('',(#16422,#16430,#16431,#16432));
#16422 = ORIENTED_EDGE('',*,*,#16423,.F.);
#16423 = EDGE_CURVE('',#14698,#16424,#16426,.T.);
#16424 = VERTEX_POINT('',#16425);
#16425 = CARTESIAN_POINT('',(-0.16,-20.16,8.54));
#16426 = LINE('',#16427,#16428);
#16427 = CARTESIAN_POINT('',(-0.16,-20.16,8.54));
#16428 = VECTOR('',#16429,1.);
#16429 = DIRECTION('',(0.57735026919,-0.57735026919,0.57735026919));
#16430 = ORIENTED_EDGE('',*,*,#14705,.T.);
#16431 = ORIENTED_EDGE('',*,*,#16401,.T.);
#16432 = ORIENTED_EDGE('',*,*,#16433,.F.);
#16433 = EDGE_CURVE('',#16424,#16402,#16434,.T.);
#16434 = LINE('',#16435,#16436);
#16435 = CARTESIAN_POINT('',(-0.32,-20.16,8.54));
#16436 = VECTOR('',#16437,1.);
#16437 = DIRECTION('',(1.,0.,0.));
#16438 = PLANE('',#16439);
#16439 = AXIS2_PLACEMENT_3D('',#16440,#16441,#16442);
#16440 = CARTESIAN_POINT('',(-0.32,-20.08,8.46));
#16441 = DIRECTION('',(1.735167508357E-18,0.707106781187,0.707106781187)
  );
#16442 = DIRECTION('',(-1.,1.226948711654E-18,1.226948711654E-18));
#16443 = ADVANCED_FACE('',(#16444),#16462,.F.);
#16444 = FACE_BOUND('',#16445,.F.);
#16445 = EDGE_LOOP('',(#16446,#16454,#16455,#16456));
#16446 = ORIENTED_EDGE('',*,*,#16447,.F.);
#16447 = EDGE_CURVE('',#14720,#16448,#16450,.T.);
#16448 = VERTEX_POINT('',#16449);
#16449 = CARTESIAN_POINT('',(-0.16,-20.48,8.54));
#16450 = LINE('',#16451,#16452);
#16451 = CARTESIAN_POINT('',(-0.266666666667,-20.58666666666,
    8.433333333333));
#16452 = VECTOR('',#16453,1.);
#16453 = DIRECTION('',(0.57735026919,0.57735026919,0.57735026919));
#16454 = ORIENTED_EDGE('',*,*,#14729,.T.);
#16455 = ORIENTED_EDGE('',*,*,#16423,.T.);
#16456 = ORIENTED_EDGE('',*,*,#16457,.F.);
#16457 = EDGE_CURVE('',#16448,#16424,#16458,.T.);
#16458 = LINE('',#16459,#16460);
#16459 = CARTESIAN_POINT('',(-0.16,-20.64,8.54));
#16460 = VECTOR('',#16461,1.);
#16461 = DIRECTION('',(0.,1.,0.));
#16462 = PLANE('',#16463);
#16463 = AXIS2_PLACEMENT_3D('',#16464,#16465,#16466);
#16464 = CARTESIAN_POINT('',(-0.24,-20.64,8.46));
#16465 = DIRECTION('',(0.707106781187,1.735167508357E-18,-0.707106781187
    ));
#16466 = DIRECTION('',(-1.226948711654E-18,1.,1.226948711654E-18));
#16467 = ADVANCED_FACE('',(#16468),#16479,.F.);
#16468 = FACE_BOUND('',#16469,.T.);
#16469 = EDGE_LOOP('',(#16470,#16471,#16472,#16473));
#16470 = ORIENTED_EDGE('',*,*,#16447,.F.);
#16471 = ORIENTED_EDGE('',*,*,#14746,.T.);
#16472 = ORIENTED_EDGE('',*,*,#16392,.T.);
#16473 = ORIENTED_EDGE('',*,*,#16474,.F.);
#16474 = EDGE_CURVE('',#16448,#16393,#16475,.T.);
#16475 = LINE('',#16476,#16477);
#16476 = CARTESIAN_POINT('',(-0.32,-20.48,8.54));
#16477 = VECTOR('',#16478,1.);
#16478 = DIRECTION('',(1.,0.,0.));
#16479 = PLANE('',#16480);
#16480 = AXIS2_PLACEMENT_3D('',#16481,#16482,#16483);
#16481 = CARTESIAN_POINT('',(-0.32,-20.56,8.46));
#16482 = DIRECTION('',(-1.735167508357E-18,0.707106781187,
    -0.707106781187));
#16483 = DIRECTION('',(-1.,-1.226948711654E-18,1.226948711654E-18));
#16484 = ADVANCED_FACE('',(#16485),#16510,.T.);
#16485 = FACE_BOUND('',#16486,.F.);
#16486 = EDGE_LOOP('',(#16487,#16495,#16496,#16504));
#16487 = ORIENTED_EDGE('',*,*,#16488,.F.);
#16488 = EDGE_CURVE('',#14770,#16489,#16491,.T.);
#16489 = VERTEX_POINT('',#16490);
#16490 = CARTESIAN_POINT('',(-0.16,-17.62,8.54));
#16491 = LINE('',#16492,#16493);
#16492 = CARTESIAN_POINT('',(-0.16,-17.62,8.54));
#16493 = VECTOR('',#16494,1.);
#16494 = DIRECTION('',(0.57735026919,-0.57735026919,0.57735026919));
#16495 = ORIENTED_EDGE('',*,*,#14777,.T.);
#16496 = ORIENTED_EDGE('',*,*,#16497,.T.);
#16497 = EDGE_CURVE('',#14761,#16498,#16500,.T.);
#16498 = VERTEX_POINT('',#16499);
#16499 = CARTESIAN_POINT('',(0.16,-17.62,8.54));
#16500 = LINE('',#16501,#16502);
#16501 = CARTESIAN_POINT('',(5.333333333333E-02,-17.72666666666,
    8.646666666667));
#16502 = VECTOR('',#16503,1.);
#16503 = DIRECTION('',(-0.57735026919,-0.57735026919,0.57735026919));
#16504 = ORIENTED_EDGE('',*,*,#16505,.F.);
#16505 = EDGE_CURVE('',#16489,#16498,#16506,.T.);
#16506 = LINE('',#16507,#16508);
#16507 = CARTESIAN_POINT('',(-0.32,-17.62,8.54));
#16508 = VECTOR('',#16509,1.);
#16509 = DIRECTION('',(1.,0.,0.));
#16510 = PLANE('',#16511);
#16511 = AXIS2_PLACEMENT_3D('',#16512,#16513,#16514);
#16512 = CARTESIAN_POINT('',(-0.32,-17.54,8.46));
#16513 = DIRECTION('',(1.735167508357E-18,0.707106781187,0.707106781187)
  );
#16514 = DIRECTION('',(-1.,1.226948711654E-18,1.226948711654E-18));
#16515 = ADVANCED_FACE('',(#16516),#16534,.F.);
#16516 = FACE_BOUND('',#16517,.F.);
#16517 = EDGE_LOOP('',(#16518,#16526,#16527,#16528));
#16518 = ORIENTED_EDGE('',*,*,#16519,.F.);
#16519 = EDGE_CURVE('',#14792,#16520,#16522,.T.);
#16520 = VERTEX_POINT('',#16521);
#16521 = CARTESIAN_POINT('',(-0.16,-17.94,8.54));
#16522 = LINE('',#16523,#16524);
#16523 = CARTESIAN_POINT('',(-0.266666666667,-18.04666666666,
    8.433333333333));
#16524 = VECTOR('',#16525,1.);
#16525 = DIRECTION('',(0.57735026919,0.57735026919,0.57735026919));
#16526 = ORIENTED_EDGE('',*,*,#14801,.T.);
#16527 = ORIENTED_EDGE('',*,*,#16488,.T.);
#16528 = ORIENTED_EDGE('',*,*,#16529,.F.);
#16529 = EDGE_CURVE('',#16520,#16489,#16530,.T.);
#16530 = LINE('',#16531,#16532);
#16531 = CARTESIAN_POINT('',(-0.16,-18.1,8.54));
#16532 = VECTOR('',#16533,1.);
#16533 = DIRECTION('',(0.,1.,0.));
#16534 = PLANE('',#16535);
#16535 = AXIS2_PLACEMENT_3D('',#16536,#16537,#16538);
#16536 = CARTESIAN_POINT('',(-0.24,-18.1,8.46));
#16537 = DIRECTION('',(0.707106781187,1.735167508357E-18,-0.707106781187
    ));
#16538 = DIRECTION('',(-1.226948711654E-18,1.,1.226948711654E-18));
#16539 = ADVANCED_FACE('',(#16540),#16558,.F.);
#16540 = FACE_BOUND('',#16541,.T.);
#16541 = EDGE_LOOP('',(#16542,#16543,#16544,#16552));
#16542 = ORIENTED_EDGE('',*,*,#16519,.F.);
#16543 = ORIENTED_EDGE('',*,*,#14825,.T.);
#16544 = ORIENTED_EDGE('',*,*,#16545,.T.);
#16545 = EDGE_CURVE('',#14816,#16546,#16548,.T.);
#16546 = VERTEX_POINT('',#16547);
#16547 = CARTESIAN_POINT('',(0.16,-17.94,8.54));
#16548 = LINE('',#16549,#16550);
#16549 = CARTESIAN_POINT('',(0.16,-17.94,8.54));
#16550 = VECTOR('',#16551,1.);
#16551 = DIRECTION('',(-0.57735026919,0.57735026919,0.57735026919));
#16552 = ORIENTED_EDGE('',*,*,#16553,.F.);
#16553 = EDGE_CURVE('',#16520,#16546,#16554,.T.);
#16554 = LINE('',#16555,#16556);
#16555 = CARTESIAN_POINT('',(-0.32,-17.94,8.54));
#16556 = VECTOR('',#16557,1.);
#16557 = DIRECTION('',(1.,0.,0.));
#16558 = PLANE('',#16559);
#16559 = AXIS2_PLACEMENT_3D('',#16560,#16561,#16562);
#16560 = CARTESIAN_POINT('',(-0.32,-18.02,8.46));
#16561 = DIRECTION('',(-1.735167508357E-18,0.707106781187,
    -0.707106781187));
#16562 = DIRECTION('',(-1.,-1.226948711654E-18,1.226948711654E-18));
#16563 = ADVANCED_FACE('',(#16564),#16575,.T.);
#16564 = FACE_BOUND('',#16565,.T.);
#16565 = EDGE_LOOP('',(#16566,#16567,#16568,#16569));
#16566 = ORIENTED_EDGE('',*,*,#16545,.F.);
#16567 = ORIENTED_EDGE('',*,*,#14842,.T.);
#16568 = ORIENTED_EDGE('',*,*,#16497,.T.);
#16569 = ORIENTED_EDGE('',*,*,#16570,.F.);
#16570 = EDGE_CURVE('',#16546,#16498,#16571,.T.);
#16571 = LINE('',#16572,#16573);
#16572 = CARTESIAN_POINT('',(0.16,-18.1,8.54));
#16573 = VECTOR('',#16574,1.);
#16574 = DIRECTION('',(0.,1.,0.));
#16575 = PLANE('',#16576);
#16576 = AXIS2_PLACEMENT_3D('',#16577,#16578,#16579);
#16577 = CARTESIAN_POINT('',(0.24,-18.1,8.46));
#16578 = DIRECTION('',(0.707106781187,-1.735167508357E-18,0.707106781187
    ));
#16579 = DIRECTION('',(1.226948711654E-18,1.,1.226948711654E-18));
#16580 = ADVANCED_FACE('',(#16581),#16587,.F.);
#16581 = FACE_BOUND('',#16582,.F.);
#16582 = EDGE_LOOP('',(#16583,#16584,#16585,#16586));
#16583 = ORIENTED_EDGE('',*,*,#14921,.F.);
#16584 = ORIENTED_EDGE('',*,*,#14938,.T.);
#16585 = ORIENTED_EDGE('',*,*,#14873,.T.);
#16586 = ORIENTED_EDGE('',*,*,#14897,.F.);
#16587 = PLANE('',#16588);
#16588 = AXIS2_PLACEMENT_3D('',#16589,#16590,#16591);
#16589 = CARTESIAN_POINT('',(-0.32,-0.32,-3.));
#16590 = DIRECTION('',(0.,0.,1.));
#16591 = DIRECTION('',(1.,0.,-0.));
#16592 = ADVANCED_FACE('',(#16593),#16599,.F.);
#16593 = FACE_BOUND('',#16594,.F.);
#16594 = EDGE_LOOP('',(#16595,#16596,#16597,#16598));
#16595 = ORIENTED_EDGE('',*,*,#14993,.F.);
#16596 = ORIENTED_EDGE('',*,*,#15017,.T.);
#16597 = ORIENTED_EDGE('',*,*,#15034,.T.);
#16598 = ORIENTED_EDGE('',*,*,#14969,.F.);
#16599 = PLANE('',#16600);
#16600 = AXIS2_PLACEMENT_3D('',#16601,#16602,#16603);
#16601 = CARTESIAN_POINT('',(-0.32,-2.86,-3.));
#16602 = DIRECTION('',(0.,0.,1.));
#16603 = DIRECTION('',(1.,0.,-0.));
#16604 = ADVANCED_FACE('',(#16605),#16611,.F.);
#16605 = FACE_BOUND('',#16606,.F.);
#16606 = EDGE_LOOP('',(#16607,#16608,#16609,#16610));
#16607 = ORIENTED_EDGE('',*,*,#15113,.F.);
#16608 = ORIENTED_EDGE('',*,*,#15130,.T.);
#16609 = ORIENTED_EDGE('',*,*,#15065,.T.);
#16610 = ORIENTED_EDGE('',*,*,#15089,.F.);
#16611 = PLANE('',#16612);
#16612 = AXIS2_PLACEMENT_3D('',#16613,#16614,#16615);
#16613 = CARTESIAN_POINT('',(-0.32,-5.4,-3.));
#16614 = DIRECTION('',(0.,0.,1.));
#16615 = DIRECTION('',(1.,0.,-0.));
#16616 = ADVANCED_FACE('',(#16617),#16623,.F.);
#16617 = FACE_BOUND('',#16618,.F.);
#16618 = EDGE_LOOP('',(#16619,#16620,#16621,#16622));
#16619 = ORIENTED_EDGE('',*,*,#15185,.F.);
#16620 = ORIENTED_EDGE('',*,*,#15209,.T.);
#16621 = ORIENTED_EDGE('',*,*,#15226,.T.);
#16622 = ORIENTED_EDGE('',*,*,#15161,.F.);
#16623 = PLANE('',#16624);
#16624 = AXIS2_PLACEMENT_3D('',#16625,#16626,#16627);
#16625 = CARTESIAN_POINT('',(-0.32,-7.94,-3.));
#16626 = DIRECTION('',(0.,0.,1.));
#16627 = DIRECTION('',(1.,0.,-0.));
#16628 = ADVANCED_FACE('',(#16629),#16635,.F.);
#16629 = FACE_BOUND('',#16630,.F.);
#16630 = EDGE_LOOP('',(#16631,#16632,#16633,#16634));
#16631 = ORIENTED_EDGE('',*,*,#15305,.F.);
#16632 = ORIENTED_EDGE('',*,*,#15322,.T.);
#16633 = ORIENTED_EDGE('',*,*,#15257,.T.);
#16634 = ORIENTED_EDGE('',*,*,#15281,.F.);
#16635 = PLANE('',#16636);
#16636 = AXIS2_PLACEMENT_3D('',#16637,#16638,#16639);
#16637 = CARTESIAN_POINT('',(-0.32,-15.56,-3.));
#16638 = DIRECTION('',(0.,0.,1.));
#16639 = DIRECTION('',(1.,0.,-0.));
#16640 = ADVANCED_FACE('',(#16641),#16647,.F.);
#16641 = FACE_BOUND('',#16642,.F.);
#16642 = EDGE_LOOP('',(#16643,#16644,#16645,#16646));
#16643 = ORIENTED_EDGE('',*,*,#15377,.F.);
#16644 = ORIENTED_EDGE('',*,*,#15401,.T.);
#16645 = ORIENTED_EDGE('',*,*,#15418,.T.);
#16646 = ORIENTED_EDGE('',*,*,#15353,.F.);
#16647 = PLANE('',#16648);
#16648 = AXIS2_PLACEMENT_3D('',#16649,#16650,#16651);
#16649 = CARTESIAN_POINT('',(-0.32,-10.48,-3.));
#16650 = DIRECTION('',(0.,0.,1.));
#16651 = DIRECTION('',(1.,0.,-0.));
#16652 = ADVANCED_FACE('',(#16653),#16659,.F.);
#16653 = FACE_BOUND('',#16654,.F.);
#16654 = EDGE_LOOP('',(#16655,#16656,#16657,#16658));
#16655 = ORIENTED_EDGE('',*,*,#15514,.F.);
#16656 = ORIENTED_EDGE('',*,*,#15449,.T.);
#16657 = ORIENTED_EDGE('',*,*,#15473,.T.);
#16658 = ORIENTED_EDGE('',*,*,#15497,.F.);
#16659 = PLANE('',#16660);
#16660 = AXIS2_PLACEMENT_3D('',#16661,#16662,#16663);
#16661 = CARTESIAN_POINT('',(-0.32,-13.02,-3.));
#16662 = DIRECTION('',(0.,0.,1.));
#16663 = DIRECTION('',(1.,0.,-0.));
#16664 = ADVANCED_FACE('',(#16665),#16671,.F.);
#16665 = FACE_BOUND('',#16666,.F.);
#16666 = EDGE_LOOP('',(#16667,#16668,#16669,#16670));
#16667 = ORIENTED_EDGE('',*,*,#15593,.F.);
#16668 = ORIENTED_EDGE('',*,*,#15610,.T.);
#16669 = ORIENTED_EDGE('',*,*,#15545,.T.);
#16670 = ORIENTED_EDGE('',*,*,#15569,.F.);
#16671 = PLANE('',#16672);
#16672 = AXIS2_PLACEMENT_3D('',#16673,#16674,#16675);
#16673 = CARTESIAN_POINT('',(-0.32,-20.64,-3.));
#16674 = DIRECTION('',(0.,0.,1.));
#16675 = DIRECTION('',(1.,0.,-0.));
#16676 = ADVANCED_FACE('',(#16677),#16683,.F.);
#16677 = FACE_BOUND('',#16678,.F.);
#16678 = EDGE_LOOP('',(#16679,#16680,#16681,#16682));
#16679 = ORIENTED_EDGE('',*,*,#15665,.F.);
#16680 = ORIENTED_EDGE('',*,*,#15689,.T.);
#16681 = ORIENTED_EDGE('',*,*,#15706,.T.);
#16682 = ORIENTED_EDGE('',*,*,#15641,.F.);
#16683 = PLANE('',#16684);
#16684 = AXIS2_PLACEMENT_3D('',#16685,#16686,#16687);
#16685 = CARTESIAN_POINT('',(-0.32,-18.1,-3.));
#16686 = DIRECTION('',(0.,0.,1.));
#16687 = DIRECTION('',(1.,0.,-0.));
#16688 = ADVANCED_FACE('',(#16689),#16695,.T.);
#16689 = FACE_BOUND('',#16690,.T.);
#16690 = EDGE_LOOP('',(#16691,#16692,#16693,#16694));
#16691 = ORIENTED_EDGE('',*,*,#15785,.F.);
#16692 = ORIENTED_EDGE('',*,*,#15802,.T.);
#16693 = ORIENTED_EDGE('',*,*,#15737,.T.);
#16694 = ORIENTED_EDGE('',*,*,#15761,.F.);
#16695 = PLANE('',#16696);
#16696 = AXIS2_PLACEMENT_3D('',#16697,#16698,#16699);
#16697 = CARTESIAN_POINT('',(-0.32,-0.32,8.54));
#16698 = DIRECTION('',(0.,0.,1.));
#16699 = DIRECTION('',(1.,0.,-0.));
#16700 = ADVANCED_FACE('',(#16701),#16707,.T.);
#16701 = FACE_BOUND('',#16702,.T.);
#16702 = EDGE_LOOP('',(#16703,#16704,#16705,#16706));
#16703 = ORIENTED_EDGE('',*,*,#15857,.F.);
#16704 = ORIENTED_EDGE('',*,*,#15881,.T.);
#16705 = ORIENTED_EDGE('',*,*,#15898,.T.);
#16706 = ORIENTED_EDGE('',*,*,#15833,.F.);
#16707 = PLANE('',#16708);
#16708 = AXIS2_PLACEMENT_3D('',#16709,#16710,#16711);
#16709 = CARTESIAN_POINT('',(-0.32,-2.86,8.54));
#16710 = DIRECTION('',(0.,0.,1.));
#16711 = DIRECTION('',(1.,0.,-0.));
#16712 = ADVANCED_FACE('',(#16713),#16719,.T.);
#16713 = FACE_BOUND('',#16714,.T.);
#16714 = EDGE_LOOP('',(#16715,#16716,#16717,#16718));
#16715 = ORIENTED_EDGE('',*,*,#15977,.F.);
#16716 = ORIENTED_EDGE('',*,*,#15994,.T.);
#16717 = ORIENTED_EDGE('',*,*,#15929,.T.);
#16718 = ORIENTED_EDGE('',*,*,#15953,.F.);
#16719 = PLANE('',#16720);
#16720 = AXIS2_PLACEMENT_3D('',#16721,#16722,#16723);
#16721 = CARTESIAN_POINT('',(-0.32,-5.4,8.54));
#16722 = DIRECTION('',(0.,0.,1.));
#16723 = DIRECTION('',(1.,0.,-0.));
#16724 = ADVANCED_FACE('',(#16725),#16731,.T.);
#16725 = FACE_BOUND('',#16726,.T.);
#16726 = EDGE_LOOP('',(#16727,#16728,#16729,#16730));
#16727 = ORIENTED_EDGE('',*,*,#16049,.F.);
#16728 = ORIENTED_EDGE('',*,*,#16073,.T.);
#16729 = ORIENTED_EDGE('',*,*,#16090,.T.);
#16730 = ORIENTED_EDGE('',*,*,#16025,.F.);
#16731 = PLANE('',#16732);
#16732 = AXIS2_PLACEMENT_3D('',#16733,#16734,#16735);
#16733 = CARTESIAN_POINT('',(-0.32,-7.94,8.54));
#16734 = DIRECTION('',(0.,0.,1.));
#16735 = DIRECTION('',(1.,0.,-0.));
#16736 = ADVANCED_FACE('',(#16737),#16743,.T.);
#16737 = FACE_BOUND('',#16738,.T.);
#16738 = EDGE_LOOP('',(#16739,#16740,#16741,#16742));
#16739 = ORIENTED_EDGE('',*,*,#16169,.F.);
#16740 = ORIENTED_EDGE('',*,*,#16186,.T.);
#16741 = ORIENTED_EDGE('',*,*,#16121,.T.);
#16742 = ORIENTED_EDGE('',*,*,#16145,.F.);
#16743 = PLANE('',#16744);
#16744 = AXIS2_PLACEMENT_3D('',#16745,#16746,#16747);
#16745 = CARTESIAN_POINT('',(-0.32,-15.56,8.54));
#16746 = DIRECTION('',(0.,0.,1.));
#16747 = DIRECTION('',(1.,0.,-0.));
#16748 = ADVANCED_FACE('',(#16749),#16755,.T.);
#16749 = FACE_BOUND('',#16750,.T.);
#16750 = EDGE_LOOP('',(#16751,#16752,#16753,#16754));
#16751 = ORIENTED_EDGE('',*,*,#16241,.F.);
#16752 = ORIENTED_EDGE('',*,*,#16265,.T.);
#16753 = ORIENTED_EDGE('',*,*,#16282,.T.);
#16754 = ORIENTED_EDGE('',*,*,#16217,.F.);
#16755 = PLANE('',#16756);
#16756 = AXIS2_PLACEMENT_3D('',#16757,#16758,#16759);
#16757 = CARTESIAN_POINT('',(-0.32,-10.48,8.54));
#16758 = DIRECTION('',(0.,0.,1.));
#16759 = DIRECTION('',(1.,0.,-0.));
#16760 = ADVANCED_FACE('',(#16761),#16767,.T.);
#16761 = FACE_BOUND('',#16762,.T.);
#16762 = EDGE_LOOP('',(#16763,#16764,#16765,#16766));
#16763 = ORIENTED_EDGE('',*,*,#16378,.F.);
#16764 = ORIENTED_EDGE('',*,*,#16313,.T.);
#16765 = ORIENTED_EDGE('',*,*,#16337,.T.);
#16766 = ORIENTED_EDGE('',*,*,#16361,.F.);
#16767 = PLANE('',#16768);
#16768 = AXIS2_PLACEMENT_3D('',#16769,#16770,#16771);
#16769 = CARTESIAN_POINT('',(-0.32,-13.02,8.54));
#16770 = DIRECTION('',(0.,0.,1.));
#16771 = DIRECTION('',(1.,0.,-0.));
#16772 = ADVANCED_FACE('',(#16773),#16779,.T.);
#16773 = FACE_BOUND('',#16774,.T.);
#16774 = EDGE_LOOP('',(#16775,#16776,#16777,#16778));
#16775 = ORIENTED_EDGE('',*,*,#16457,.F.);
#16776 = ORIENTED_EDGE('',*,*,#16474,.T.);
#16777 = ORIENTED_EDGE('',*,*,#16409,.T.);
#16778 = ORIENTED_EDGE('',*,*,#16433,.F.);
#16779 = PLANE('',#16780);
#16780 = AXIS2_PLACEMENT_3D('',#16781,#16782,#16783);
#16781 = CARTESIAN_POINT('',(-0.32,-20.64,8.54));
#16782 = DIRECTION('',(0.,0.,1.));
#16783 = DIRECTION('',(1.,0.,-0.));
#16784 = ADVANCED_FACE('',(#16785),#16791,.T.);
#16785 = FACE_BOUND('',#16786,.T.);
#16786 = EDGE_LOOP('',(#16787,#16788,#16789,#16790));
#16787 = ORIENTED_EDGE('',*,*,#16529,.F.);
#16788 = ORIENTED_EDGE('',*,*,#16553,.T.);
#16789 = ORIENTED_EDGE('',*,*,#16570,.T.);
#16790 = ORIENTED_EDGE('',*,*,#16505,.F.);
#16791 = PLANE('',#16792);
#16792 = AXIS2_PLACEMENT_3D('',#16793,#16794,#16795);
#16793 = CARTESIAN_POINT('',(-0.32,-18.1,8.54));
#16794 = DIRECTION('',(0.,0.,1.));
#16795 = DIRECTION('',(1.,0.,-0.));
#16796 = ( GEOMETRIC_REPRESENTATION_CONTEXT(3) 
GLOBAL_UNCERTAINTY_ASSIGNED_CONTEXT((#16800)) 
GLOBAL_UNIT_ASSIGNED_CONTEXT((#16797,#16798,#16799)) 
REPRESENTATION_CONTEXT('Context #1',
  '3D Context with UNIT and UNCERTAINTY') );
#16797 = ( LENGTH_UNIT() NAMED_UNIT(*) SI_UNIT(.MILLI.,.METRE.) );
#16798 = ( NAMED_UNIT(*) PLANE_ANGLE_UNIT() SI_UNIT($,.RADIAN.) );
#16799 = ( NAMED_UNIT(*) SI_UNIT($,.STERADIAN.) SOLID_ANGLE_UNIT() );
#16800 = UNCERTAINTY_MEASURE_WITH_UNIT(LENGTH_MEASURE(1.E-07),#16797,
  'distance_accuracy_value','confusion accuracy');
#16801 = CONTEXT_DEPENDENT_SHAPE_REPRESENTATION(#16802,#16804);
#16802 = ( REPRESENTATION_RELATIONSHIP('','',#10645,#10622) 
REPRESENTATION_RELATIONSHIP_WITH_TRANSFORMATION(#16803) 
SHAPE_REPRESENTATION_RELATIONSHIP() );
#16803 = ITEM_DEFINED_TRANSFORMATION('','',#11,#10623);
#16804 = PRODUCT_DEFINITION_SHAPE('Placement','Placement of an item',
  #16805);
#16805 = NEXT_ASSEMBLY_USAGE_OCCURRENCE('19','=>[0:1:1:13]','',#10617,
  #10640,$);
#16806 = PRODUCT_RELATED_PRODUCT_CATEGORY('part',$,(#10642));
#16807 = CONTEXT_DEPENDENT_SHAPE_REPRESENTATION(#16808,#16810);
#16808 = ( REPRESENTATION_RELATIONSHIP('','',#112,#10) 
REPRESENTATION_RELATIONSHIP_WITH_TRANSFORMATION(#16809) 
SHAPE_REPRESENTATION_RELATIONSHIP() );
#16809 = ITEM_DEFINED_TRANSFORMATION('','',#11,#71);
#16810 = PRODUCT_DEFINITION_SHAPE('Placement','Placement of an item',
  #16811);
#16811 = NEXT_ASSEMBLY_USAGE_OCCURRENCE('21','C3','',#5,#107,$);
#16812 = CONTEXT_DEPENDENT_SHAPE_REPRESENTATION(#16813,#16815);
#16813 = ( REPRESENTATION_RELATIONSHIP('','',#112,#10) 
REPRESENTATION_RELATIONSHIP_WITH_TRANSFORMATION(#16814) 
SHAPE_REPRESENTATION_RELATIONSHIP() );
#16814 = ITEM_DEFINED_TRANSFORMATION('','',#11,#75);
#16815 = PRODUCT_DEFINITION_SHAPE('Placement','Placement of an item',
  #16816);
#16816 = NEXT_ASSEMBLY_USAGE_OCCURRENCE('22','C10','',#5,#107,$);
#16817 = SHAPE_DEFINITION_REPRESENTATION(#16818,#16824);
#16818 = PRODUCT_DEFINITION_SHAPE('','',#16819);
#16819 = PRODUCT_DEFINITION('design','',#16820,#16823);
#16820 = PRODUCT_DEFINITION_FORMATION('','',#16821);
#16821 = PRODUCT('Crystal_SMD_Abracon_ABM8G-4Pin_3.2x2.5mm',
  'Crystal_SMD_Abracon_ABM8G-4Pin_3.2x2.5mm','',(#16822));
#16822 = PRODUCT_CONTEXT('',#2,'mechanical');
#16823 = PRODUCT_DEFINITION_CONTEXT('part definition',#2,'design');
#16824 = SHAPE_REPRESENTATION('',(#11,#16825),#16829);
#16825 = AXIS2_PLACEMENT_3D('',#16826,#16827,#16828);
#16826 = CARTESIAN_POINT('',(0.,0.,0.));
#16827 = DIRECTION('',(0.,0.,1.));
#16828 = DIRECTION('',(1.,0.,-0.));
#16829 = ( GEOMETRIC_REPRESENTATION_CONTEXT(3) 
GLOBAL_UNCERTAINTY_ASSIGNED_CONTEXT((#16833)) 
GLOBAL_UNIT_ASSIGNED_CONTEXT((#16830,#16831,#16832)) 
REPRESENTATION_CONTEXT('Context #1',
  '3D Context with UNIT and UNCERTAINTY') );
#16830 = ( LENGTH_UNIT() NAMED_UNIT(*) SI_UNIT(.MILLI.,.METRE.) );
#16831 = ( NAMED_UNIT(*) PLANE_ANGLE_UNIT() SI_UNIT($,.RADIAN.) );
#16832 = ( NAMED_UNIT(*) SI_UNIT($,.STERADIAN.) SOLID_ANGLE_UNIT() );
#16833 = UNCERTAINTY_MEASURE_WITH_UNIT(LENGTH_MEASURE(1.E-07),#16830,
  'distance_accuracy_value','confusion accuracy');
#16834 = CONTEXT_DEPENDENT_SHAPE_REPRESENTATION(#16835,#16837);
#16835 = ( REPRESENTATION_RELATIONSHIP('','',#16824,#10) 
REPRESENTATION_RELATIONSHIP_WITH_TRANSFORMATION(#16836) 
SHAPE_REPRESENTATION_RELATIONSHIP() );
#16836 = ITEM_DEFINED_TRANSFORMATION('','',#11,#79);
#16837 = PRODUCT_DEFINITION_SHAPE('Placement','Placement of an item',
  #16838);
#16838 = NEXT_ASSEMBLY_USAGE_OCCURRENCE('24','Y1','',#5,#16819,$);
#16839 = PRODUCT_RELATED_PRODUCT_CATEGORY('part',$,(#16821));
#16840 = SHAPE_DEFINITION_REPRESENTATION(#16841,#16847);
#16841 = PRODUCT_DEFINITION_SHAPE('','',#16842);
#16842 = PRODUCT_DEFINITION('design','',#16843,#16846);
#16843 = PRODUCT_DEFINITION_FORMATION('','',#16844);
#16844 = PRODUCT('Crystal_SMD_Abracon_ABM8G-4Pin_3.2x2.5mm',
  'Crystal_SMD_Abracon_ABM8G-4Pin_3.2x2.5mm','',(#16845));
#16845 = PRODUCT_CONTEXT('',#2,'mechanical');
#16846 = PRODUCT_DEFINITION_CONTEXT('part definition',#2,'design');
#16847 = ADVANCED_BREP_SHAPE_REPRESENTATION('',(#11,#16848),#17702);
#16848 = MANIFOLD_SOLID_BREP('',#16849);
#16849 = CLOSED_SHELL('',(#16850,#16926,#16957,#16982,#17006,#17031,
    #17055,#17080,#17104,#17122,#17208,#17239,#17264,#17289,#17313,
    #17337,#17362,#17387,#17404,#17490,#17521,#17546,#17571,#17595,
    #17619,#17644,#17669,#17686));
#16850 = ADVANCED_FACE('',(#16851),#16921,.T.);
#16851 = FACE_BOUND('',#16852,.T.);
#16852 = EDGE_LOOP('',(#16853,#16863,#16872,#16880,#16889,#16897,#16906,
    #16914));
#16853 = ORIENTED_EDGE('',*,*,#16854,.T.);
#16854 = EDGE_CURVE('',#16855,#16857,#16859,.T.);
#16855 = VERTEX_POINT('',#16856);
#16856 = CARTESIAN_POINT('',(-1.240692780974,-1.1,0.64));
#16857 = VERTEX_POINT('',#16858);
#16858 = CARTESIAN_POINT('',(1.240692780974,-1.1,0.64));
#16859 = LINE('',#16860,#16861);
#16860 = CARTESIAN_POINT('',(-1.240692780974,-1.1,0.64));
#16861 = VECTOR('',#16862,1.);
#16862 = DIRECTION('',(1.,0.,0.));
#16863 = ORIENTED_EDGE('',*,*,#16864,.T.);
#16864 = EDGE_CURVE('',#16857,#16865,#16867,.T.);
#16865 = VERTEX_POINT('',#16866);
#16866 = CARTESIAN_POINT('',(1.45,-0.890692780974,0.64));
#16867 = CIRCLE('',#16868,0.209307219026);
#16868 = AXIS2_PLACEMENT_3D('',#16869,#16870,#16871);
#16869 = CARTESIAN_POINT('',(1.240692780974,-0.890692780974,0.64));
#16870 = DIRECTION('',(0.,0.,1.));
#16871 = DIRECTION('',(1.,0.,-0.));
#16872 = ORIENTED_EDGE('',*,*,#16873,.T.);
#16873 = EDGE_CURVE('',#16865,#16874,#16876,.T.);
#16874 = VERTEX_POINT('',#16875);
#16875 = CARTESIAN_POINT('',(1.45,0.890692780974,0.64));
#16876 = LINE('',#16877,#16878);
#16877 = CARTESIAN_POINT('',(1.45,-0.890692780974,0.64));
#16878 = VECTOR('',#16879,1.);
#16879 = DIRECTION('',(0.,1.,0.));
#16880 = ORIENTED_EDGE('',*,*,#16881,.T.);
#16881 = EDGE_CURVE('',#16874,#16882,#16884,.T.);
#16882 = VERTEX_POINT('',#16883);
#16883 = CARTESIAN_POINT('',(1.240692780974,1.1,0.64));
#16884 = CIRCLE('',#16885,0.209307219026);
#16885 = AXIS2_PLACEMENT_3D('',#16886,#16887,#16888);
#16886 = CARTESIAN_POINT('',(1.240692780974,0.890692780974,0.64));
#16887 = DIRECTION('',(0.,0.,1.));
#16888 = DIRECTION('',(1.,0.,-0.));
#16889 = ORIENTED_EDGE('',*,*,#16890,.T.);
#16890 = EDGE_CURVE('',#16882,#16891,#16893,.T.);
#16891 = VERTEX_POINT('',#16892);
#16892 = CARTESIAN_POINT('',(-1.240692780974,1.1,0.64));
#16893 = LINE('',#16894,#16895);
#16894 = CARTESIAN_POINT('',(1.240692780974,1.1,0.64));
#16895 = VECTOR('',#16896,1.);
#16896 = DIRECTION('',(-1.,0.,0.));
#16897 = ORIENTED_EDGE('',*,*,#16898,.T.);
#16898 = EDGE_CURVE('',#16891,#16899,#16901,.T.);
#16899 = VERTEX_POINT('',#16900);
#16900 = CARTESIAN_POINT('',(-1.45,0.890692780974,0.64));
#16901 = CIRCLE('',#16902,0.209307219026);
#16902 = AXIS2_PLACEMENT_3D('',#16903,#16904,#16905);
#16903 = CARTESIAN_POINT('',(-1.240692780974,0.890692780974,0.64));
#16904 = DIRECTION('',(0.,0.,1.));
#16905 = DIRECTION('',(1.,0.,-0.));
#16906 = ORIENTED_EDGE('',*,*,#16907,.T.);
#16907 = EDGE_CURVE('',#16899,#16908,#16910,.T.);
#16908 = VERTEX_POINT('',#16909);
#16909 = CARTESIAN_POINT('',(-1.45,-0.890692780974,0.64));
#16910 = LINE('',#16911,#16912);
#16911 = CARTESIAN_POINT('',(-1.45,0.890692780974,0.64));
#16912 = VECTOR('',#16913,1.);
#16913 = DIRECTION('',(0.,-1.,0.));
#16914 = ORIENTED_EDGE('',*,*,#16915,.T.);
#16915 = EDGE_CURVE('',#16908,#16855,#16916,.T.);
#16916 = CIRCLE('',#16917,0.209307219026);
#16917 = AXIS2_PLACEMENT_3D('',#16918,#16919,#16920);
#16918 = CARTESIAN_POINT('',(-1.240692780974,-0.890692780974,0.64));
#16919 = DIRECTION('',(0.,0.,1.));
#16920 = DIRECTION('',(1.,0.,-0.));
#16921 = PLANE('',#16922);
#16922 = AXIS2_PLACEMENT_3D('',#16923,#16924,#16925);
#16923 = CARTESIAN_POINT('',(-2.542317729478E-17,5.649594954397E-18,0.64
    ));
#16924 = DIRECTION('',(-5.763092094539E-33,2.400534346474E-32,1.));
#16925 = DIRECTION('',(4.508380583911E-81,1.,-2.400534346474E-32));
#16926 = ADVANCED_FACE('',(#16927),#16952,.F.);
#16927 = FACE_BOUND('',#16928,.F.);
#16928 = EDGE_LOOP('',(#16929,#16937,#16938,#16946));
#16929 = ORIENTED_EDGE('',*,*,#16930,.T.);
#16930 = EDGE_CURVE('',#16931,#16855,#16933,.T.);
#16931 = VERTEX_POINT('',#16932);
#16932 = CARTESIAN_POINT('',(-1.240692780974,-1.1,0.54));
#16933 = LINE('',#16934,#16935);
#16934 = CARTESIAN_POINT('',(-1.240692780974,-1.1,0.54));
#16935 = VECTOR('',#16936,1.);
#16936 = DIRECTION('',(0.,0.,1.));
#16937 = ORIENTED_EDGE('',*,*,#16854,.T.);
#16938 = ORIENTED_EDGE('',*,*,#16939,.F.);
#16939 = EDGE_CURVE('',#16940,#16857,#16942,.T.);
#16940 = VERTEX_POINT('',#16941);
#16941 = CARTESIAN_POINT('',(1.240692780974,-1.1,0.54));
#16942 = LINE('',#16943,#16944);
#16943 = CARTESIAN_POINT('',(1.240692780974,-1.1,0.54));
#16944 = VECTOR('',#16945,1.);
#16945 = DIRECTION('',(0.,0.,1.));
#16946 = ORIENTED_EDGE('',*,*,#16947,.F.);
#16947 = EDGE_CURVE('',#16931,#16940,#16948,.T.);
#16948 = LINE('',#16949,#16950);
#16949 = CARTESIAN_POINT('',(-1.240692780974,-1.1,0.54));
#16950 = VECTOR('',#16951,1.);
#16951 = DIRECTION('',(1.,0.,0.));
#16952 = PLANE('',#16953);
#16953 = AXIS2_PLACEMENT_3D('',#16954,#16955,#16956);
#16954 = CARTESIAN_POINT('',(-1.240692780974,-1.1,0.54));
#16955 = DIRECTION('',(0.,1.,0.));
#16956 = DIRECTION('',(1.,0.,0.));
#16957 = ADVANCED_FACE('',(#16958),#16977,.T.);
#16958 = FACE_BOUND('',#16959,.T.);
#16959 = EDGE_LOOP('',(#16960,#16969,#16975,#16976));
#16960 = ORIENTED_EDGE('',*,*,#16961,.T.);
#16961 = EDGE_CURVE('',#16940,#16962,#16964,.T.);
#16962 = VERTEX_POINT('',#16963);
#16963 = CARTESIAN_POINT('',(1.45,-0.890692780974,0.54));
#16964 = CIRCLE('',#16965,0.209307219026);
#16965 = AXIS2_PLACEMENT_3D('',#16966,#16967,#16968);
#16966 = CARTESIAN_POINT('',(1.240692780974,-0.890692780974,0.54));
#16967 = DIRECTION('',(0.,0.,1.));
#16968 = DIRECTION('',(1.,0.,-0.));
#16969 = ORIENTED_EDGE('',*,*,#16970,.T.);
#16970 = EDGE_CURVE('',#16962,#16865,#16971,.T.);
#16971 = LINE('',#16972,#16973);
#16972 = CARTESIAN_POINT('',(1.45,-0.890692780974,0.54));
#16973 = VECTOR('',#16974,1.);
#16974 = DIRECTION('',(0.,0.,1.));
#16975 = ORIENTED_EDGE('',*,*,#16864,.F.);
#16976 = ORIENTED_EDGE('',*,*,#16939,.F.);
#16977 = CYLINDRICAL_SURFACE('',#16978,0.209307219026);
#16978 = AXIS2_PLACEMENT_3D('',#16979,#16980,#16981);
#16979 = CARTESIAN_POINT('',(1.240692780974,-0.890692780974,0.54));
#16980 = DIRECTION('',(-0.,-0.,-1.));
#16981 = DIRECTION('',(1.,0.,0.));
#16982 = ADVANCED_FACE('',(#16983),#17001,.F.);
#16983 = FACE_BOUND('',#16984,.F.);
#16984 = EDGE_LOOP('',(#16985,#16986,#16987,#16995));
#16985 = ORIENTED_EDGE('',*,*,#16970,.T.);
#16986 = ORIENTED_EDGE('',*,*,#16873,.T.);
#16987 = ORIENTED_EDGE('',*,*,#16988,.F.);
#16988 = EDGE_CURVE('',#16989,#16874,#16991,.T.);
#16989 = VERTEX_POINT('',#16990);
#16990 = CARTESIAN_POINT('',(1.45,0.890692780974,0.54));
#16991 = LINE('',#16992,#16993);
#16992 = CARTESIAN_POINT('',(1.45,0.890692780974,0.54));
#16993 = VECTOR('',#16994,1.);
#16994 = DIRECTION('',(0.,0.,1.));
#16995 = ORIENTED_EDGE('',*,*,#16996,.F.);
#16996 = EDGE_CURVE('',#16962,#16989,#16997,.T.);
#16997 = LINE('',#16998,#16999);
#16998 = CARTESIAN_POINT('',(1.45,-0.890692780974,0.54));
#16999 = VECTOR('',#17000,1.);
#17000 = DIRECTION('',(0.,1.,0.));
#17001 = PLANE('',#17002);
#17002 = AXIS2_PLACEMENT_3D('',#17003,#17004,#17005);
#17003 = CARTESIAN_POINT('',(1.45,-0.890692780974,0.54));
#17004 = DIRECTION('',(-1.,0.,0.));
#17005 = DIRECTION('',(0.,1.,0.));
#17006 = ADVANCED_FACE('',(#17007),#17026,.T.);
#17007 = FACE_BOUND('',#17008,.T.);
#17008 = EDGE_LOOP('',(#17009,#17018,#17024,#17025));
#17009 = ORIENTED_EDGE('',*,*,#17010,.T.);
#17010 = EDGE_CURVE('',#16989,#17011,#17013,.T.);
#17011 = VERTEX_POINT('',#17012);
#17012 = CARTESIAN_POINT('',(1.240692780974,1.1,0.54));
#17013 = CIRCLE('',#17014,0.209307219026);
#17014 = AXIS2_PLACEMENT_3D('',#17015,#17016,#17017);
#17015 = CARTESIAN_POINT('',(1.240692780974,0.890692780974,0.54));
#17016 = DIRECTION('',(0.,0.,1.));
#17017 = DIRECTION('',(1.,0.,-0.));
#17018 = ORIENTED_EDGE('',*,*,#17019,.T.);
#17019 = EDGE_CURVE('',#17011,#16882,#17020,.T.);
#17020 = LINE('',#17021,#17022);
#17021 = CARTESIAN_POINT('',(1.240692780974,1.1,0.54));
#17022 = VECTOR('',#17023,1.);
#17023 = DIRECTION('',(0.,0.,1.));
#17024 = ORIENTED_EDGE('',*,*,#16881,.F.);
#17025 = ORIENTED_EDGE('',*,*,#16988,.F.);
#17026 = CYLINDRICAL_SURFACE('',#17027,0.209307219026);
#17027 = AXIS2_PLACEMENT_3D('',#17028,#17029,#17030);
#17028 = CARTESIAN_POINT('',(1.240692780974,0.890692780974,0.54));
#17029 = DIRECTION('',(-0.,-0.,-1.));
#17030 = DIRECTION('',(1.,0.,0.));
#17031 = ADVANCED_FACE('',(#17032),#17050,.F.);
#17032 = FACE_BOUND('',#17033,.F.);
#17033 = EDGE_LOOP('',(#17034,#17035,#17036,#17044));
#17034 = ORIENTED_EDGE('',*,*,#17019,.T.);
#17035 = ORIENTED_EDGE('',*,*,#16890,.T.);
#17036 = ORIENTED_EDGE('',*,*,#17037,.F.);
#17037 = EDGE_CURVE('',#17038,#16891,#17040,.T.);
#17038 = VERTEX_POINT('',#17039);
#17039 = CARTESIAN_POINT('',(-1.240692780974,1.1,0.54));
#17040 = LINE('',#17041,#17042);
#17041 = CARTESIAN_POINT('',(-1.240692780974,1.1,0.54));
#17042 = VECTOR('',#17043,1.);
#17043 = DIRECTION('',(0.,0.,1.));
#17044 = ORIENTED_EDGE('',*,*,#17045,.F.);
#17045 = EDGE_CURVE('',#17011,#17038,#17046,.T.);
#17046 = LINE('',#17047,#17048);
#17047 = CARTESIAN_POINT('',(1.240692780974,1.1,0.54));
#17048 = VECTOR('',#17049,1.);
#17049 = DIRECTION('',(-1.,0.,0.));
#17050 = PLANE('',#17051);
#17051 = AXIS2_PLACEMENT_3D('',#17052,#17053,#17054);
#17052 = CARTESIAN_POINT('',(1.240692780974,1.1,0.54));
#17053 = DIRECTION('',(0.,-1.,0.));
#17054 = DIRECTION('',(-1.,0.,0.));
#17055 = ADVANCED_FACE('',(#17056),#17075,.T.);
#17056 = FACE_BOUND('',#17057,.T.);
#17057 = EDGE_LOOP('',(#17058,#17067,#17073,#17074));
#17058 = ORIENTED_EDGE('',*,*,#17059,.T.);
#17059 = EDGE_CURVE('',#17038,#17060,#17062,.T.);
#17060 = VERTEX_POINT('',#17061);
#17061 = CARTESIAN_POINT('',(-1.45,0.890692780974,0.54));
#17062 = CIRCLE('',#17063,0.209307219026);
#17063 = AXIS2_PLACEMENT_3D('',#17064,#17065,#17066);
#17064 = CARTESIAN_POINT('',(-1.240692780974,0.890692780974,0.54));
#17065 = DIRECTION('',(0.,0.,1.));
#17066 = DIRECTION('',(1.,0.,-0.));
#17067 = ORIENTED_EDGE('',*,*,#17068,.T.);
#17068 = EDGE_CURVE('',#17060,#16899,#17069,.T.);
#17069 = LINE('',#17070,#17071);
#17070 = CARTESIAN_POINT('',(-1.45,0.890692780974,0.54));
#17071 = VECTOR('',#17072,1.);
#17072 = DIRECTION('',(0.,0.,1.));
#17073 = ORIENTED_EDGE('',*,*,#16898,.F.);
#17074 = ORIENTED_EDGE('',*,*,#17037,.F.);
#17075 = CYLINDRICAL_SURFACE('',#17076,0.209307219026);
#17076 = AXIS2_PLACEMENT_3D('',#17077,#17078,#17079);
#17077 = CARTESIAN_POINT('',(-1.240692780974,0.890692780974,0.54));
#17078 = DIRECTION('',(-0.,-0.,-1.));
#17079 = DIRECTION('',(1.,0.,0.));
#17080 = ADVANCED_FACE('',(#17081),#17099,.F.);
#17081 = FACE_BOUND('',#17082,.F.);
#17082 = EDGE_LOOP('',(#17083,#17084,#17085,#17093));
#17083 = ORIENTED_EDGE('',*,*,#17068,.T.);
#17084 = ORIENTED_EDGE('',*,*,#16907,.T.);
#17085 = ORIENTED_EDGE('',*,*,#17086,.F.);
#17086 = EDGE_CURVE('',#17087,#16908,#17089,.T.);
#17087 = VERTEX_POINT('',#17088);
#17088 = CARTESIAN_POINT('',(-1.45,-0.890692780974,0.54));
#17089 = LINE('',#17090,#17091);
#17090 = CARTESIAN_POINT('',(-1.45,-0.890692780974,0.54));
#17091 = VECTOR('',#17092,1.);
#17092 = DIRECTION('',(0.,0.,1.));
#17093 = ORIENTED_EDGE('',*,*,#17094,.F.);
#17094 = EDGE_CURVE('',#17060,#17087,#17095,.T.);
#17095 = LINE('',#17096,#17097);
#17096 = CARTESIAN_POINT('',(-1.45,0.890692780974,0.54));
#17097 = VECTOR('',#17098,1.);
#17098 = DIRECTION('',(0.,-1.,0.));
#17099 = PLANE('',#17100);
#17100 = AXIS2_PLACEMENT_3D('',#17101,#17102,#17103);
#17101 = CARTESIAN_POINT('',(-1.45,0.890692780974,0.54));
#17102 = DIRECTION('',(1.,0.,0.));
#17103 = DIRECTION('',(0.,-1.,0.));
#17104 = ADVANCED_FACE('',(#17105),#17117,.T.);
#17105 = FACE_BOUND('',#17106,.T.);
#17106 = EDGE_LOOP('',(#17107,#17114,#17115,#17116));
#17107 = ORIENTED_EDGE('',*,*,#17108,.T.);
#17108 = EDGE_CURVE('',#17087,#16931,#17109,.T.);
#17109 = CIRCLE('',#17110,0.209307219026);
#17110 = AXIS2_PLACEMENT_3D('',#17111,#17112,#17113);
#17111 = CARTESIAN_POINT('',(-1.240692780974,-0.890692780974,0.54));
#17112 = DIRECTION('',(0.,0.,1.));
#17113 = DIRECTION('',(1.,0.,-0.));
#17114 = ORIENTED_EDGE('',*,*,#16930,.T.);
#17115 = ORIENTED_EDGE('',*,*,#16915,.F.);
#17116 = ORIENTED_EDGE('',*,*,#17086,.F.);
#17117 = CYLINDRICAL_SURFACE('',#17118,0.209307219026);
#17118 = AXIS2_PLACEMENT_3D('',#17119,#17120,#17121);
#17119 = CARTESIAN_POINT('',(-1.240692780974,-0.890692780974,0.54));
#17120 = DIRECTION('',(-0.,-0.,-1.));
#17121 = DIRECTION('',(1.,0.,0.));
#17122 = ADVANCED_FACE('',(#17123,#17193),#17203,.T.);
#17123 = FACE_BOUND('',#17124,.T.);
#17124 = EDGE_LOOP('',(#17125,#17135,#17144,#17152,#17161,#17169,#17178,
    #17186));
#17125 = ORIENTED_EDGE('',*,*,#17126,.T.);
#17126 = EDGE_CURVE('',#17127,#17129,#17131,.T.);
#17127 = VERTEX_POINT('',#17128);
#17128 = CARTESIAN_POINT('',(-1.328205850256,-1.2,0.54));
#17129 = VERTEX_POINT('',#17130);
#17130 = CARTESIAN_POINT('',(1.328205850256,-1.2,0.54));
#17131 = LINE('',#17132,#17133);
#17132 = CARTESIAN_POINT('',(-1.328205850256,-1.2,0.54));
#17133 = VECTOR('',#17134,1.);
#17134 = DIRECTION('',(1.,0.,0.));
#17135 = ORIENTED_EDGE('',*,*,#17136,.T.);
#17136 = EDGE_CURVE('',#17129,#17137,#17139,.T.);
#17137 = VERTEX_POINT('',#17138);
#17138 = CARTESIAN_POINT('',(1.55,-0.978205850256,0.54));
#17139 = CIRCLE('',#17140,0.221794149744);
#17140 = AXIS2_PLACEMENT_3D('',#17141,#17142,#17143);
#17141 = CARTESIAN_POINT('',(1.328205850256,-0.978205850256,0.54));
#17142 = DIRECTION('',(0.,0.,1.));
#17143 = DIRECTION('',(1.,0.,-0.));
#17144 = ORIENTED_EDGE('',*,*,#17145,.T.);
#17145 = EDGE_CURVE('',#17137,#17146,#17148,.T.);
#17146 = VERTEX_POINT('',#17147);
#17147 = CARTESIAN_POINT('',(1.55,0.978205850256,0.54));
#17148 = LINE('',#17149,#17150);
#17149 = CARTESIAN_POINT('',(1.55,-0.978205850256,0.54));
#17150 = VECTOR('',#17151,1.);
#17151 = DIRECTION('',(0.,1.,0.));
#17152 = ORIENTED_EDGE('',*,*,#17153,.T.);
#17153 = EDGE_CURVE('',#17146,#17154,#17156,.T.);
#17154 = VERTEX_POINT('',#17155);
#17155 = CARTESIAN_POINT('',(1.328205850256,1.2,0.54));
#17156 = CIRCLE('',#17157,0.221794149744);
#17157 = AXIS2_PLACEMENT_3D('',#17158,#17159,#17160);
#17158 = CARTESIAN_POINT('',(1.328205850256,0.978205850256,0.54));
#17159 = DIRECTION('',(0.,0.,1.));
#17160 = DIRECTION('',(1.,0.,-0.));
#17161 = ORIENTED_EDGE('',*,*,#17162,.T.);
#17162 = EDGE_CURVE('',#17154,#17163,#17165,.T.);
#17163 = VERTEX_POINT('',#17164);
#17164 = CARTESIAN_POINT('',(-1.328205850256,1.2,0.54));
#17165 = LINE('',#17166,#17167);
#17166 = CARTESIAN_POINT('',(1.328205850256,1.2,0.54));
#17167 = VECTOR('',#17168,1.);
#17168 = DIRECTION('',(-1.,0.,0.));
#17169 = ORIENTED_EDGE('',*,*,#17170,.T.);
#17170 = EDGE_CURVE('',#17163,#17171,#17173,.T.);
#17171 = VERTEX_POINT('',#17172);
#17172 = CARTESIAN_POINT('',(-1.55,0.978205850256,0.54));
#17173 = CIRCLE('',#17174,0.221794149744);
#17174 = AXIS2_PLACEMENT_3D('',#17175,#17176,#17177);
#17175 = CARTESIAN_POINT('',(-1.328205850256,0.978205850256,0.54));
#17176 = DIRECTION('',(0.,0.,1.));
#17177 = DIRECTION('',(1.,0.,-0.));
#17178 = ORIENTED_EDGE('',*,*,#17179,.T.);
#17179 = EDGE_CURVE('',#17171,#17180,#17182,.T.);
#17180 = VERTEX_POINT('',#17181);
#17181 = CARTESIAN_POINT('',(-1.55,-0.978205850256,0.54));
#17182 = LINE('',#17183,#17184);
#17183 = CARTESIAN_POINT('',(-1.55,0.978205850256,0.54));
#17184 = VECTOR('',#17185,1.);
#17185 = DIRECTION('',(0.,-1.,0.));
#17186 = ORIENTED_EDGE('',*,*,#17187,.T.);
#17187 = EDGE_CURVE('',#17180,#17127,#17188,.T.);
#17188 = CIRCLE('',#17189,0.221794149744);
#17189 = AXIS2_PLACEMENT_3D('',#17190,#17191,#17192);
#17190 = CARTESIAN_POINT('',(-1.328205850256,-0.978205850256,0.54));
#17191 = DIRECTION('',(0.,0.,1.));
#17192 = DIRECTION('',(1.,0.,-0.));
#17193 = FACE_BOUND('',#17194,.T.);
#17194 = EDGE_LOOP('',(#17195,#17196,#17197,#17198,#17199,#17200,#17201,
    #17202));
#17195 = ORIENTED_EDGE('',*,*,#16947,.F.);
#17196 = ORIENTED_EDGE('',*,*,#17108,.F.);
#17197 = ORIENTED_EDGE('',*,*,#17094,.F.);
#17198 = ORIENTED_EDGE('',*,*,#17059,.F.);
#17199 = ORIENTED_EDGE('',*,*,#17045,.F.);
#17200 = ORIENTED_EDGE('',*,*,#17010,.F.);
#17201 = ORIENTED_EDGE('',*,*,#16996,.F.);
#17202 = ORIENTED_EDGE('',*,*,#16961,.F.);
#17203 = PLANE('',#17204);
#17204 = AXIS2_PLACEMENT_3D('',#17205,#17206,#17207);
#17205 = CARTESIAN_POINT('',(4.842600293119E-17,-6.544054450161E-18,0.54
    ));
#17206 = DIRECTION('',(0.,0.,1.));
#17207 = DIRECTION('',(1.,0.,-0.));
#17208 = ADVANCED_FACE('',(#17209),#17234,.F.);
#17209 = FACE_BOUND('',#17210,.F.);
#17210 = EDGE_LOOP('',(#17211,#17221,#17227,#17228));
#17211 = ORIENTED_EDGE('',*,*,#17212,.T.);
#17212 = EDGE_CURVE('',#17213,#17215,#17217,.T.);
#17213 = VERTEX_POINT('',#17214);
#17214 = CARTESIAN_POINT('',(1.328205850256,-1.2,0.4));
#17215 = VERTEX_POINT('',#17216);
#17216 = CARTESIAN_POINT('',(-1.328205850256,-1.2,0.4));
#17217 = LINE('',#17218,#17219);
#17218 = CARTESIAN_POINT('',(-0.663662816971,-1.2,0.4));
#17219 = VECTOR('',#17220,1.);
#17220 = DIRECTION('',(-1.,0.,0.));
#17221 = ORIENTED_EDGE('',*,*,#17222,.T.);
#17222 = EDGE_CURVE('',#17215,#17127,#17223,.T.);
#17223 = LINE('',#17224,#17225);
#17224 = CARTESIAN_POINT('',(-1.328205850256,-1.2,0.39));
#17225 = VECTOR('',#17226,1.);
#17226 = DIRECTION('',(0.,0.,1.));
#17227 = ORIENTED_EDGE('',*,*,#17126,.T.);
#17228 = ORIENTED_EDGE('',*,*,#17229,.F.);
#17229 = EDGE_CURVE('',#17213,#17129,#17230,.T.);
#17230 = LINE('',#17231,#17232);
#17231 = CARTESIAN_POINT('',(1.328205850256,-1.2,0.39));
#17232 = VECTOR('',#17233,1.);
#17233 = DIRECTION('',(0.,0.,1.));
#17234 = PLANE('',#17235);
#17235 = AXIS2_PLACEMENT_3D('',#17236,#17237,#17238);
#17236 = CARTESIAN_POINT('',(-1.328205850256,-1.2,0.39));
#17237 = DIRECTION('',(0.,1.,0.));
#17238 = DIRECTION('',(1.,0.,0.));
#17239 = ADVANCED_FACE('',(#17240),#17259,.T.);
#17240 = FACE_BOUND('',#17241,.T.);
#17241 = EDGE_LOOP('',(#17242,#17243,#17244,#17252));
#17242 = ORIENTED_EDGE('',*,*,#17222,.T.);
#17243 = ORIENTED_EDGE('',*,*,#17187,.F.);
#17244 = ORIENTED_EDGE('',*,*,#17245,.F.);
#17245 = EDGE_CURVE('',#17246,#17180,#17248,.T.);
#17246 = VERTEX_POINT('',#17247);
#17247 = CARTESIAN_POINT('',(-1.55,-0.978205850256,0.4));
#17248 = LINE('',#17249,#17250);
#17249 = CARTESIAN_POINT('',(-1.55,-0.978205850256,0.39));
#17250 = VECTOR('',#17251,1.);
#17251 = DIRECTION('',(0.,0.,1.));
#17252 = ORIENTED_EDGE('',*,*,#17253,.F.);
#17253 = EDGE_CURVE('',#17215,#17246,#17254,.T.);
#17254 = CIRCLE('',#17255,0.221794149744);
#17255 = AXIS2_PLACEMENT_3D('',#17256,#17257,#17258);
#17256 = CARTESIAN_POINT('',(-1.328205850256,-0.978205850256,0.4));
#17257 = DIRECTION('',(0.,0.,-1.));
#17258 = DIRECTION('',(1.,0.,0.));
#17259 = CYLINDRICAL_SURFACE('',#17260,0.221794149744);
#17260 = AXIS2_PLACEMENT_3D('',#17261,#17262,#17263);
#17261 = CARTESIAN_POINT('',(-1.328205850256,-0.978205850256,0.39));
#17262 = DIRECTION('',(-0.,-0.,-1.));
#17263 = DIRECTION('',(1.,0.,0.));
#17264 = ADVANCED_FACE('',(#17265),#17284,.T.);
#17265 = FACE_BOUND('',#17266,.T.);
#17266 = EDGE_LOOP('',(#17267,#17275,#17276,#17277));
#17267 = ORIENTED_EDGE('',*,*,#17268,.T.);
#17268 = EDGE_CURVE('',#17269,#17137,#17271,.T.);
#17269 = VERTEX_POINT('',#17270);
#17270 = CARTESIAN_POINT('',(1.55,-0.978205850256,0.4));
#17271 = LINE('',#17272,#17273);
#17272 = CARTESIAN_POINT('',(1.55,-0.978205850256,0.39));
#17273 = VECTOR('',#17274,1.);
#17274 = DIRECTION('',(0.,0.,1.));
#17275 = ORIENTED_EDGE('',*,*,#17136,.F.);
#17276 = ORIENTED_EDGE('',*,*,#17229,.F.);
#17277 = ORIENTED_EDGE('',*,*,#17278,.F.);
#17278 = EDGE_CURVE('',#17269,#17213,#17279,.T.);
#17279 = CIRCLE('',#17280,0.221794149744);
#17280 = AXIS2_PLACEMENT_3D('',#17281,#17282,#17283);
#17281 = CARTESIAN_POINT('',(1.328205850256,-0.978205850256,0.4));
#17282 = DIRECTION('',(0.,0.,-1.));
#17283 = DIRECTION('',(1.,0.,0.));
#17284 = CYLINDRICAL_SURFACE('',#17285,0.221794149744);
#17285 = AXIS2_PLACEMENT_3D('',#17286,#17287,#17288);
#17286 = CARTESIAN_POINT('',(1.328205850256,-0.978205850256,0.39));
#17287 = DIRECTION('',(-0.,-0.,-1.));
#17288 = DIRECTION('',(1.,0.,0.));
#17289 = ADVANCED_FACE('',(#17290),#17308,.F.);
#17290 = FACE_BOUND('',#17291,.F.);
#17291 = EDGE_LOOP('',(#17292,#17300,#17306,#17307));
#17292 = ORIENTED_EDGE('',*,*,#17293,.T.);
#17293 = EDGE_CURVE('',#17246,#17294,#17296,.T.);
#17294 = VERTEX_POINT('',#17295);
#17295 = CARTESIAN_POINT('',(-1.55,0.978205850256,0.4));
#17296 = LINE('',#17297,#17298);
#17297 = CARTESIAN_POINT('',(-1.55,0.488660386396,0.4));
#17298 = VECTOR('',#17299,1.);
#17299 = DIRECTION('',(0.,1.,0.));
#17300 = ORIENTED_EDGE('',*,*,#17301,.T.);
#17301 = EDGE_CURVE('',#17294,#17171,#17302,.T.);
#17302 = LINE('',#17303,#17304);
#17303 = CARTESIAN_POINT('',(-1.55,0.978205850256,0.39));
#17304 = VECTOR('',#17305,1.);
#17305 = DIRECTION('',(0.,0.,1.));
#17306 = ORIENTED_EDGE('',*,*,#17179,.T.);
#17307 = ORIENTED_EDGE('',*,*,#17245,.F.);
#17308 = PLANE('',#17309);
#17309 = AXIS2_PLACEMENT_3D('',#17310,#17311,#17312);
#17310 = CARTESIAN_POINT('',(-1.55,0.978205850256,0.39));
#17311 = DIRECTION('',(1.,0.,0.));
#17312 = DIRECTION('',(0.,-1.,0.));
#17313 = ADVANCED_FACE('',(#17314),#17332,.F.);
#17314 = FACE_BOUND('',#17315,.F.);
#17315 = EDGE_LOOP('',(#17316,#17324,#17325,#17326));
#17316 = ORIENTED_EDGE('',*,*,#17317,.T.);
#17317 = EDGE_CURVE('',#17318,#17269,#17320,.T.);
#17318 = VERTEX_POINT('',#17319);
#17319 = CARTESIAN_POINT('',(1.55,0.978205850256,0.4));
#17320 = LINE('',#17321,#17322);
#17321 = CARTESIAN_POINT('',(1.55,-0.48954546386,0.4));
#17322 = VECTOR('',#17323,1.);
#17323 = DIRECTION('',(0.,-1.,0.));
#17324 = ORIENTED_EDGE('',*,*,#17268,.T.);
#17325 = ORIENTED_EDGE('',*,*,#17145,.T.);
#17326 = ORIENTED_EDGE('',*,*,#17327,.F.);
#17327 = EDGE_CURVE('',#17318,#17146,#17328,.T.);
#17328 = LINE('',#17329,#17330);
#17329 = CARTESIAN_POINT('',(1.55,0.978205850256,0.39));
#17330 = VECTOR('',#17331,1.);
#17331 = DIRECTION('',(0.,0.,1.));
#17332 = PLANE('',#17333);
#17333 = AXIS2_PLACEMENT_3D('',#17334,#17335,#17336);
#17334 = CARTESIAN_POINT('',(1.55,-0.978205850256,0.39));
#17335 = DIRECTION('',(-1.,0.,0.));
#17336 = DIRECTION('',(0.,1.,0.));
#17337 = ADVANCED_FACE('',(#17338),#17357,.T.);
#17338 = FACE_BOUND('',#17339,.T.);
#17339 = EDGE_LOOP('',(#17340,#17341,#17342,#17350));
#17340 = ORIENTED_EDGE('',*,*,#17301,.T.);
#17341 = ORIENTED_EDGE('',*,*,#17170,.F.);
#17342 = ORIENTED_EDGE('',*,*,#17343,.F.);
#17343 = EDGE_CURVE('',#17344,#17163,#17346,.T.);
#17344 = VERTEX_POINT('',#17345);
#17345 = CARTESIAN_POINT('',(-1.328205850256,1.2,0.4));
#17346 = LINE('',#17347,#17348);
#17347 = CARTESIAN_POINT('',(-1.328205850256,1.2,0.39));
#17348 = VECTOR('',#17349,1.);
#17349 = DIRECTION('',(0.,0.,1.));
#17350 = ORIENTED_EDGE('',*,*,#17351,.F.);
#17351 = EDGE_CURVE('',#17294,#17344,#17352,.T.);
#17352 = CIRCLE('',#17353,0.221794149744);
#17353 = AXIS2_PLACEMENT_3D('',#17354,#17355,#17356);
#17354 = CARTESIAN_POINT('',(-1.328205850256,0.978205850256,0.4));
#17355 = DIRECTION('',(0.,0.,-1.));
#17356 = DIRECTION('',(1.,0.,0.));
#17357 = CYLINDRICAL_SURFACE('',#17358,0.221794149744);
#17358 = AXIS2_PLACEMENT_3D('',#17359,#17360,#17361);
#17359 = CARTESIAN_POINT('',(-1.328205850256,0.978205850256,0.39));
#17360 = DIRECTION('',(-0.,-0.,-1.));
#17361 = DIRECTION('',(1.,0.,0.));
#17362 = ADVANCED_FACE('',(#17363),#17382,.T.);
#17363 = FACE_BOUND('',#17364,.T.);
#17364 = EDGE_LOOP('',(#17365,#17373,#17374,#17375));
#17365 = ORIENTED_EDGE('',*,*,#17366,.T.);
#17366 = EDGE_CURVE('',#17367,#17154,#17369,.T.);
#17367 = VERTEX_POINT('',#17368);
#17368 = CARTESIAN_POINT('',(1.328205850256,1.2,0.4));
#17369 = LINE('',#17370,#17371);
#17370 = CARTESIAN_POINT('',(1.328205850256,1.2,0.39));
#17371 = VECTOR('',#17372,1.);
#17372 = DIRECTION('',(0.,0.,1.));
#17373 = ORIENTED_EDGE('',*,*,#17153,.F.);
#17374 = ORIENTED_EDGE('',*,*,#17327,.F.);
#17375 = ORIENTED_EDGE('',*,*,#17376,.F.);
#17376 = EDGE_CURVE('',#17367,#17318,#17377,.T.);
#17377 = CIRCLE('',#17378,0.221794149744);
#17378 = AXIS2_PLACEMENT_3D('',#17379,#17380,#17381);
#17379 = CARTESIAN_POINT('',(1.328205850256,0.978205850256,0.4));
#17380 = DIRECTION('',(0.,0.,-1.));
#17381 = DIRECTION('',(1.,0.,0.));
#17382 = CYLINDRICAL_SURFACE('',#17383,0.221794149744);
#17383 = AXIS2_PLACEMENT_3D('',#17384,#17385,#17386);
#17384 = CARTESIAN_POINT('',(1.328205850256,0.978205850256,0.39));
#17385 = DIRECTION('',(-0.,-0.,-1.));
#17386 = DIRECTION('',(1.,0.,0.));
#17387 = ADVANCED_FACE('',(#17388),#17399,.F.);
#17388 = FACE_BOUND('',#17389,.F.);
#17389 = EDGE_LOOP('',(#17390,#17396,#17397,#17398));
#17390 = ORIENTED_EDGE('',*,*,#17391,.T.);
#17391 = EDGE_CURVE('',#17344,#17367,#17392,.T.);
#17392 = LINE('',#17393,#17394);
#17393 = CARTESIAN_POINT('',(0.664543033285,1.2,0.4));
#17394 = VECTOR('',#17395,1.);
#17395 = DIRECTION('',(1.,0.,0.));
#17396 = ORIENTED_EDGE('',*,*,#17366,.T.);
#17397 = ORIENTED_EDGE('',*,*,#17162,.T.);
#17398 = ORIENTED_EDGE('',*,*,#17343,.F.);
#17399 = PLANE('',#17400);
#17400 = AXIS2_PLACEMENT_3D('',#17401,#17402,#17403);
#17401 = CARTESIAN_POINT('',(1.328205850256,1.2,0.39));
#17402 = DIRECTION('',(0.,-1.,0.));
#17403 = DIRECTION('',(-1.,0.,0.));
#17404 = ADVANCED_FACE('',(#17405,#17475),#17485,.T.);
#17405 = FACE_BOUND('',#17406,.T.);
#17406 = EDGE_LOOP('',(#17407,#17417,#17426,#17434,#17443,#17451,#17460,
    #17468));
#17407 = ORIENTED_EDGE('',*,*,#17408,.F.);
#17408 = EDGE_CURVE('',#17409,#17411,#17413,.T.);
#17409 = VERTEX_POINT('',#17410);
#17410 = CARTESIAN_POINT('',(-1.499580396422,1.249506131818,0.4));
#17411 = VERTEX_POINT('',#17412);
#17412 = CARTESIAN_POINT('',(1.500419603578,1.249506131818,0.4));
#17413 = LINE('',#17414,#17415);
#17414 = CARTESIAN_POINT('',(-1.499580396422,1.249506131818,0.4));
#17415 = VECTOR('',#17416,1.);
#17416 = DIRECTION('',(1.,0.,0.));
#17417 = ORIENTED_EDGE('',*,*,#17418,.F.);
#17418 = EDGE_CURVE('',#17419,#17409,#17421,.T.);
#17419 = VERTEX_POINT('',#17420);
#17420 = CARTESIAN_POINT('',(-1.599300724757,1.149785803483,0.4));
#17421 = CIRCLE('',#17422,0.10000039108);
#17422 = AXIS2_PLACEMENT_3D('',#17423,#17424,#17425);
#17423 = CARTESIAN_POINT('',(-1.599580396422,1.249785803483,0.4));
#17424 = DIRECTION('',(0.,0.,1.));
#17425 = DIRECTION('',(1.,0.,-0.));
#17426 = ORIENTED_EDGE('',*,*,#17427,.F.);
#17427 = EDGE_CURVE('',#17428,#17419,#17430,.T.);
#17428 = VERTEX_POINT('',#17429);
#17429 = CARTESIAN_POINT('',(-1.599300724757,-1.150214196517,0.4));
#17430 = LINE('',#17431,#17432);
#17431 = CARTESIAN_POINT('',(-1.599300724757,-1.150214196517,0.4));
#17432 = VECTOR('',#17433,1.);
#17433 = DIRECTION('',(0.,1.,0.));
#17434 = ORIENTED_EDGE('',*,*,#17435,.F.);
#17435 = EDGE_CURVE('',#17436,#17428,#17438,.T.);
#17436 = VERTEX_POINT('',#17437);
#17437 = CARTESIAN_POINT('',(-1.500419603578,-1.251333075338,0.4));
#17438 = CIRCLE('',#17439,0.100006259253);
#17439 = AXIS2_PLACEMENT_3D('',#17440,#17441,#17442);
#17440 = CARTESIAN_POINT('',(-1.600419603578,-1.250214196517,0.4));
#17441 = DIRECTION('',(0.,0.,1.));
#17442 = DIRECTION('',(1.,0.,-0.));
#17443 = ORIENTED_EDGE('',*,*,#17444,.F.);
#17444 = EDGE_CURVE('',#17445,#17436,#17447,.T.);
#17445 = VERTEX_POINT('',#17446);
#17446 = CARTESIAN_POINT('',(1.499580396422,-1.251333075338,0.4));
#17447 = LINE('',#17448,#17449);
#17448 = CARTESIAN_POINT('',(1.499580396422,-1.251333075338,0.4));
#17449 = VECTOR('',#17450,1.);
#17450 = DIRECTION('',(-1.,0.,0.));
#17451 = ORIENTED_EDGE('',*,*,#17452,.F.);
#17452 = EDGE_CURVE('',#17453,#17445,#17455,.T.);
#17453 = VERTEX_POINT('',#17454);
#17454 = CARTESIAN_POINT('',(1.601127668277,-1.149785803483,0.4));
#17455 = CIRCLE('',#17456,0.100011969535);
#17456 = AXIS2_PLACEMENT_3D('',#17457,#17458,#17459);
#17457 = CARTESIAN_POINT('',(1.599580396422,-1.249785803483,0.4));
#17458 = DIRECTION('',(0.,0.,1.));
#17459 = DIRECTION('',(1.,0.,-0.));
#17460 = ORIENTED_EDGE('',*,*,#17461,.F.);
#17461 = EDGE_CURVE('',#17462,#17453,#17464,.T.);
#17462 = VERTEX_POINT('',#17463);
#17463 = CARTESIAN_POINT('',(1.601127668277,1.150214196517,0.4));
#17464 = LINE('',#17465,#17466);
#17465 = CARTESIAN_POINT('',(1.601127668277,1.150214196517,0.4));
#17466 = VECTOR('',#17467,1.);
#17467 = DIRECTION('',(0.,-1.,0.));
#17468 = ORIENTED_EDGE('',*,*,#17469,.F.);
#17469 = EDGE_CURVE('',#17411,#17462,#17470,.T.);
#17470 = CIRCLE('',#17471,0.100002506747);
#17471 = AXIS2_PLACEMENT_3D('',#17472,#17473,#17474);
#17472 = CARTESIAN_POINT('',(1.600419603578,1.250214196517,0.4));
#17473 = DIRECTION('',(0.,0.,1.));
#17474 = DIRECTION('',(1.,0.,-0.));
#17475 = FACE_BOUND('',#17476,.T.);
#17476 = EDGE_LOOP('',(#17477,#17478,#17479,#17480,#17481,#17482,#17483,
    #17484));
#17477 = ORIENTED_EDGE('',*,*,#17278,.T.);
#17478 = ORIENTED_EDGE('',*,*,#17212,.T.);
#17479 = ORIENTED_EDGE('',*,*,#17253,.T.);
#17480 = ORIENTED_EDGE('',*,*,#17293,.T.);
#17481 = ORIENTED_EDGE('',*,*,#17351,.T.);
#17482 = ORIENTED_EDGE('',*,*,#17391,.T.);
#17483 = ORIENTED_EDGE('',*,*,#17376,.T.);
#17484 = ORIENTED_EDGE('',*,*,#17317,.T.);
#17485 = PLANE('',#17486);
#17486 = AXIS2_PLACEMENT_3D('',#17487,#17488,#17489);
#17487 = CARTESIAN_POINT('',(8.802163144183E-04,-8.850774637298E-04,0.4)
  );
#17488 = DIRECTION('',(0.,0.,1.));
#17489 = DIRECTION('',(1.,0.,-0.));
#17490 = ADVANCED_FACE('',(#17491),#17516,.T.);
#17491 = FACE_BOUND('',#17492,.T.);
#17492 = EDGE_LOOP('',(#17493,#17501,#17502,#17510));
#17493 = ORIENTED_EDGE('',*,*,#17494,.T.);
#17494 = EDGE_CURVE('',#17495,#17409,#17497,.T.);
#17495 = VERTEX_POINT('',#17496);
#17496 = CARTESIAN_POINT('',(-1.499580396422,1.249506131818,0.));
#17497 = LINE('',#17498,#17499);
#17498 = CARTESIAN_POINT('',(-1.499580396422,1.249506131818,0.));
#17499 = VECTOR('',#17500,1.);
#17500 = DIRECTION('',(0.,0.,1.));
#17501 = ORIENTED_EDGE('',*,*,#17408,.T.);
#17502 = ORIENTED_EDGE('',*,*,#17503,.F.);
#17503 = EDGE_CURVE('',#17504,#17411,#17506,.T.);
#17504 = VERTEX_POINT('',#17505);
#17505 = CARTESIAN_POINT('',(1.500419603578,1.249506131818,0.));
#17506 = LINE('',#17507,#17508);
#17507 = CARTESIAN_POINT('',(1.500419603578,1.249506131818,0.));
#17508 = VECTOR('',#17509,1.);
#17509 = DIRECTION('',(0.,0.,1.));
#17510 = ORIENTED_EDGE('',*,*,#17511,.F.);
#17511 = EDGE_CURVE('',#17495,#17504,#17512,.T.);
#17512 = LINE('',#17513,#17514);
#17513 = CARTESIAN_POINT('',(-1.499580396422,1.249506131818,0.));
#17514 = VECTOR('',#17515,1.);
#17515 = DIRECTION('',(1.,0.,0.));
#17516 = PLANE('',#17517);
#17517 = AXIS2_PLACEMENT_3D('',#17518,#17519,#17520);
#17518 = CARTESIAN_POINT('',(-1.499580396422,1.249506131818,0.));
#17519 = DIRECTION('',(0.,1.,0.));
#17520 = DIRECTION('',(1.,0.,0.));
#17521 = ADVANCED_FACE('',(#17522),#17541,.F.);
#17522 = FACE_BOUND('',#17523,.F.);
#17523 = EDGE_LOOP('',(#17524,#17533,#17534,#17535));
#17524 = ORIENTED_EDGE('',*,*,#17525,.T.);
#17525 = EDGE_CURVE('',#17526,#17495,#17528,.T.);
#17526 = VERTEX_POINT('',#17527);
#17527 = CARTESIAN_POINT('',(-1.599300724757,1.149785803483,0.));
#17528 = CIRCLE('',#17529,0.10000039108);
#17529 = AXIS2_PLACEMENT_3D('',#17530,#17531,#17532);
#17530 = CARTESIAN_POINT('',(-1.599580396422,1.249785803483,0.));
#17531 = DIRECTION('',(0.,0.,1.));
#17532 = DIRECTION('',(1.,0.,-0.));
#17533 = ORIENTED_EDGE('',*,*,#17494,.T.);
#17534 = ORIENTED_EDGE('',*,*,#17418,.F.);
#17535 = ORIENTED_EDGE('',*,*,#17536,.F.);
#17536 = EDGE_CURVE('',#17526,#17419,#17537,.T.);
#17537 = LINE('',#17538,#17539);
#17538 = CARTESIAN_POINT('',(-1.599300724757,1.149785803483,0.));
#17539 = VECTOR('',#17540,1.);
#17540 = DIRECTION('',(0.,0.,1.));
#17541 = CYLINDRICAL_SURFACE('',#17542,0.10000039108);
#17542 = AXIS2_PLACEMENT_3D('',#17543,#17544,#17545);
#17543 = CARTESIAN_POINT('',(-1.599580396422,1.249785803483,0.));
#17544 = DIRECTION('',(-0.,-0.,-1.));
#17545 = DIRECTION('',(1.,0.,0.));
#17546 = ADVANCED_FACE('',(#17547),#17566,.F.);
#17547 = FACE_BOUND('',#17548,.F.);
#17548 = EDGE_LOOP('',(#17549,#17558,#17564,#17565));
#17549 = ORIENTED_EDGE('',*,*,#17550,.T.);
#17550 = EDGE_CURVE('',#17504,#17551,#17553,.T.);
#17551 = VERTEX_POINT('',#17552);
#17552 = CARTESIAN_POINT('',(1.601127668277,1.150214196517,0.));
#17553 = CIRCLE('',#17554,0.100002506747);
#17554 = AXIS2_PLACEMENT_3D('',#17555,#17556,#17557);
#17555 = CARTESIAN_POINT('',(1.600419603578,1.250214196517,0.));
#17556 = DIRECTION('',(0.,0.,1.));
#17557 = DIRECTION('',(1.,0.,-0.));
#17558 = ORIENTED_EDGE('',*,*,#17559,.T.);
#17559 = EDGE_CURVE('',#17551,#17462,#17560,.T.);
#17560 = LINE('',#17561,#17562);
#17561 = CARTESIAN_POINT('',(1.601127668277,1.150214196517,0.));
#17562 = VECTOR('',#17563,1.);
#17563 = DIRECTION('',(0.,0.,1.));
#17564 = ORIENTED_EDGE('',*,*,#17469,.F.);
#17565 = ORIENTED_EDGE('',*,*,#17503,.F.);
#17566 = CYLINDRICAL_SURFACE('',#17567,0.100002506747);
#17567 = AXIS2_PLACEMENT_3D('',#17568,#17569,#17570);
#17568 = CARTESIAN_POINT('',(1.600419603578,1.250214196517,0.));
#17569 = DIRECTION('',(-0.,-0.,-1.));
#17570 = DIRECTION('',(1.,0.,0.));
#17571 = ADVANCED_FACE('',(#17572),#17590,.T.);
#17572 = FACE_BOUND('',#17573,.T.);
#17573 = EDGE_LOOP('',(#17574,#17582,#17583,#17584));
#17574 = ORIENTED_EDGE('',*,*,#17575,.T.);
#17575 = EDGE_CURVE('',#17576,#17428,#17578,.T.);
#17576 = VERTEX_POINT('',#17577);
#17577 = CARTESIAN_POINT('',(-1.599300724757,-1.150214196517,0.));
#17578 = LINE('',#17579,#17580);
#17579 = CARTESIAN_POINT('',(-1.599300724757,-1.150214196517,0.));
#17580 = VECTOR('',#17581,1.);
#17581 = DIRECTION('',(0.,0.,1.));
#17582 = ORIENTED_EDGE('',*,*,#17427,.T.);
#17583 = ORIENTED_EDGE('',*,*,#17536,.F.);
#17584 = ORIENTED_EDGE('',*,*,#17585,.F.);
#17585 = EDGE_CURVE('',#17576,#17526,#17586,.T.);
#17586 = LINE('',#17587,#17588);
#17587 = CARTESIAN_POINT('',(-1.599300724757,-1.150214196517,0.));
#17588 = VECTOR('',#17589,1.);
#17589 = DIRECTION('',(0.,1.,0.));
#17590 = PLANE('',#17591);
#17591 = AXIS2_PLACEMENT_3D('',#17592,#17593,#17594);
#17592 = CARTESIAN_POINT('',(-1.599300724757,-1.150214196517,0.));
#17593 = DIRECTION('',(-1.,0.,0.));
#17594 = DIRECTION('',(0.,1.,0.));
#17595 = ADVANCED_FACE('',(#17596),#17614,.T.);
#17596 = FACE_BOUND('',#17597,.T.);
#17597 = EDGE_LOOP('',(#17598,#17599,#17600,#17608));
#17598 = ORIENTED_EDGE('',*,*,#17559,.T.);
#17599 = ORIENTED_EDGE('',*,*,#17461,.T.);
#17600 = ORIENTED_EDGE('',*,*,#17601,.F.);
#17601 = EDGE_CURVE('',#17602,#17453,#17604,.T.);
#17602 = VERTEX_POINT('',#17603);
#17603 = CARTESIAN_POINT('',(1.601127668277,-1.149785803483,0.));
#17604 = LINE('',#17605,#17606);
#17605 = CARTESIAN_POINT('',(1.601127668277,-1.149785803483,0.));
#17606 = VECTOR('',#17607,1.);
#17607 = DIRECTION('',(0.,0.,1.));
#17608 = ORIENTED_EDGE('',*,*,#17609,.F.);
#17609 = EDGE_CURVE('',#17551,#17602,#17610,.T.);
#17610 = LINE('',#17611,#17612);
#17611 = CARTESIAN_POINT('',(1.601127668277,1.150214196517,0.));
#17612 = VECTOR('',#17613,1.);
#17613 = DIRECTION('',(0.,-1.,0.));
#17614 = PLANE('',#17615);
#17615 = AXIS2_PLACEMENT_3D('',#17616,#17617,#17618);
#17616 = CARTESIAN_POINT('',(1.601127668277,1.150214196517,0.));
#17617 = DIRECTION('',(1.,0.,0.));
#17618 = DIRECTION('',(0.,-1.,0.));
#17619 = ADVANCED_FACE('',(#17620),#17639,.F.);
#17620 = FACE_BOUND('',#17621,.F.);
#17621 = EDGE_LOOP('',(#17622,#17631,#17632,#17633));
#17622 = ORIENTED_EDGE('',*,*,#17623,.T.);
#17623 = EDGE_CURVE('',#17624,#17576,#17626,.T.);
#17624 = VERTEX_POINT('',#17625);
#17625 = CARTESIAN_POINT('',(-1.500419603578,-1.251333075338,0.));
#17626 = CIRCLE('',#17627,0.100006259253);
#17627 = AXIS2_PLACEMENT_3D('',#17628,#17629,#17630);
#17628 = CARTESIAN_POINT('',(-1.600419603578,-1.250214196517,0.));
#17629 = DIRECTION('',(0.,0.,1.));
#17630 = DIRECTION('',(1.,0.,-0.));
#17631 = ORIENTED_EDGE('',*,*,#17575,.T.);
#17632 = ORIENTED_EDGE('',*,*,#17435,.F.);
#17633 = ORIENTED_EDGE('',*,*,#17634,.F.);
#17634 = EDGE_CURVE('',#17624,#17436,#17635,.T.);
#17635 = LINE('',#17636,#17637);
#17636 = CARTESIAN_POINT('',(-1.500419603578,-1.251333075338,0.));
#17637 = VECTOR('',#17638,1.);
#17638 = DIRECTION('',(0.,0.,1.));
#17639 = CYLINDRICAL_SURFACE('',#17640,0.100006259253);
#17640 = AXIS2_PLACEMENT_3D('',#17641,#17642,#17643);
#17641 = CARTESIAN_POINT('',(-1.600419603578,-1.250214196517,0.));
#17642 = DIRECTION('',(-0.,-0.,-1.));
#17643 = DIRECTION('',(1.,0.,0.));
#17644 = ADVANCED_FACE('',(#17645),#17664,.F.);
#17645 = FACE_BOUND('',#17646,.F.);
#17646 = EDGE_LOOP('',(#17647,#17656,#17662,#17663));
#17647 = ORIENTED_EDGE('',*,*,#17648,.T.);
#17648 = EDGE_CURVE('',#17602,#17649,#17651,.T.);
#17649 = VERTEX_POINT('',#17650);
#17650 = CARTESIAN_POINT('',(1.499580396422,-1.251333075338,0.));
#17651 = CIRCLE('',#17652,0.100011969535);
#17652 = AXIS2_PLACEMENT_3D('',#17653,#17654,#17655);
#17653 = CARTESIAN_POINT('',(1.599580396422,-1.249785803483,0.));
#17654 = DIRECTION('',(0.,0.,1.));
#17655 = DIRECTION('',(1.,0.,-0.));
#17656 = ORIENTED_EDGE('',*,*,#17657,.T.);
#17657 = EDGE_CURVE('',#17649,#17445,#17658,.T.);
#17658 = LINE('',#17659,#17660);
#17659 = CARTESIAN_POINT('',(1.499580396422,-1.251333075338,0.));
#17660 = VECTOR('',#17661,1.);
#17661 = DIRECTION('',(0.,0.,1.));
#17662 = ORIENTED_EDGE('',*,*,#17452,.F.);
#17663 = ORIENTED_EDGE('',*,*,#17601,.F.);
#17664 = CYLINDRICAL_SURFACE('',#17665,0.100011969535);
#17665 = AXIS2_PLACEMENT_3D('',#17666,#17667,#17668);
#17666 = CARTESIAN_POINT('',(1.599580396422,-1.249785803483,0.));
#17667 = DIRECTION('',(-0.,-0.,-1.));
#17668 = DIRECTION('',(1.,0.,0.));
#17669 = ADVANCED_FACE('',(#17670),#17681,.T.);
#17670 = FACE_BOUND('',#17671,.T.);
#17671 = EDGE_LOOP('',(#17672,#17673,#17674,#17675));
#17672 = ORIENTED_EDGE('',*,*,#17657,.T.);
#17673 = ORIENTED_EDGE('',*,*,#17444,.T.);
#17674 = ORIENTED_EDGE('',*,*,#17634,.F.);
#17675 = ORIENTED_EDGE('',*,*,#17676,.F.);
#17676 = EDGE_CURVE('',#17649,#17624,#17677,.T.);
#17677 = LINE('',#17678,#17679);
#17678 = CARTESIAN_POINT('',(1.499580396422,-1.251333075338,0.));
#17679 = VECTOR('',#17680,1.);
#17680 = DIRECTION('',(-1.,0.,0.));
#17681 = PLANE('',#17682);
#17682 = AXIS2_PLACEMENT_3D('',#17683,#17684,#17685);
#17683 = CARTESIAN_POINT('',(1.499580396422,-1.251333075338,0.));
#17684 = DIRECTION('',(0.,-1.,0.));
#17685 = DIRECTION('',(-1.,0.,0.));
#17686 = ADVANCED_FACE('',(#17687),#17697,.F.);
#17687 = FACE_BOUND('',#17688,.T.);
#17688 = EDGE_LOOP('',(#17689,#17690,#17691,#17692,#17693,#17694,#17695,
    #17696));
#17689 = ORIENTED_EDGE('',*,*,#17511,.T.);
#17690 = ORIENTED_EDGE('',*,*,#17550,.T.);
#17691 = ORIENTED_EDGE('',*,*,#17609,.T.);
#17692 = ORIENTED_EDGE('',*,*,#17648,.T.);
#17693 = ORIENTED_EDGE('',*,*,#17676,.T.);
#17694 = ORIENTED_EDGE('',*,*,#17623,.T.);
#17695 = ORIENTED_EDGE('',*,*,#17585,.T.);
#17696 = ORIENTED_EDGE('',*,*,#17525,.T.);
#17697 = PLANE('',#17698);
#17698 = AXIS2_PLACEMENT_3D('',#17699,#17700,#17701);
#17699 = CARTESIAN_POINT('',(8.802163144183E-04,-8.850774637298E-04,0.)
  );
#17700 = DIRECTION('',(0.,0.,1.));
#17701 = DIRECTION('',(1.,0.,-0.));
#17702 = ( GEOMETRIC_REPRESENTATION_CONTEXT(3) 
GLOBAL_UNCERTAINTY_ASSIGNED_CONTEXT((#17706)) 
GLOBAL_UNIT_ASSIGNED_CONTEXT((#17703,#17704,#17705)) 
REPRESENTATION_CONTEXT('Context #1',
  '3D Context with UNIT and UNCERTAINTY') );
#17703 = ( LENGTH_UNIT() NAMED_UNIT(*) SI_UNIT(.MILLI.,.METRE.) );
#17704 = ( NAMED_UNIT(*) PLANE_ANGLE_UNIT() SI_UNIT($,.RADIAN.) );
#17705 = ( NAMED_UNIT(*) SI_UNIT($,.STERADIAN.) SOLID_ANGLE_UNIT() );
#17706 = UNCERTAINTY_MEASURE_WITH_UNIT(LENGTH_MEASURE(1.E-07),#17703,
  'distance_accuracy_value','confusion accuracy');
#17707 = CONTEXT_DEPENDENT_SHAPE_REPRESENTATION(#17708,#17710);
#17708 = ( REPRESENTATION_RELATIONSHIP('','',#16847,#16824) 
REPRESENTATION_RELATIONSHIP_WITH_TRANSFORMATION(#17709) 
SHAPE_REPRESENTATION_RELATIONSHIP() );
#17709 = ITEM_DEFINED_TRANSFORMATION('','',#11,#16825);
#17710 = PRODUCT_DEFINITION_SHAPE('Placement','Placement of an item',
  #17711);
#17711 = NEXT_ASSEMBLY_USAGE_OCCURRENCE('23','=>[0:1:1:15]','',#16819,
  #16842,$);
#17712 = PRODUCT_RELATED_PRODUCT_CATEGORY('part',$,(#16844));
#17713 = CONTEXT_DEPENDENT_SHAPE_REPRESENTATION(#17714,#17716);
#17714 = ( REPRESENTATION_RELATIONSHIP('','',#112,#10) 
REPRESENTATION_RELATIONSHIP_WITH_TRANSFORMATION(#17715) 
SHAPE_REPRESENTATION_RELATIONSHIP() );
#17715 = ITEM_DEFINED_TRANSFORMATION('','',#11,#83);
#17716 = PRODUCT_DEFINITION_SHAPE('Placement','Placement of an item',
  #17717);
#17717 = NEXT_ASSEMBLY_USAGE_OCCURRENCE('25','C8','',#5,#107,$);
#17718 = CONTEXT_DEPENDENT_SHAPE_REPRESENTATION(#17719,#17721);
#17719 = ( REPRESENTATION_RELATIONSHIP('','',#9711,#10) 
REPRESENTATION_RELATIONSHIP_WITH_TRANSFORMATION(#17720) 
SHAPE_REPRESENTATION_RELATIONSHIP() );
#17720 = ITEM_DEFINED_TRANSFORMATION('','',#11,#87);
#17721 = PRODUCT_DEFINITION_SHAPE('Placement','Placement of an item',
  #17722);
#17722 = NEXT_ASSEMBLY_USAGE_OCCURRENCE('26','L1','',#5,#9706,$);
#17723 = CONTEXT_DEPENDENT_SHAPE_REPRESENTATION(#17724,#17726);
#17724 = ( REPRESENTATION_RELATIONSHIP('','',#112,#10) 
REPRESENTATION_RELATIONSHIP_WITH_TRANSFORMATION(#17725) 
SHAPE_REPRESENTATION_RELATIONSHIP() );
#17725 = ITEM_DEFINED_TRANSFORMATION('','',#11,#91);
#17726 = PRODUCT_DEFINITION_SHAPE('Placement','Placement of an item',
  #17727);
#17727 = NEXT_ASSEMBLY_USAGE_OCCURRENCE('27','C5','',#5,#107,$);
#17728 = SHAPE_DEFINITION_REPRESENTATION(#17729,#17735);
#17729 = PRODUCT_DEFINITION_SHAPE('','',#17730);
#17730 = PRODUCT_DEFINITION('design','',#17731,#17734);
#17731 = PRODUCT_DEFINITION_FORMATION('','',#17732);
#17732 = PRODUCT('at86rf233-spi-carrier-board-for-esp32-c6-host_PCB',
  'at86rf233-spi-carrier-board-for-esp32-c6-host_PCB','',(#17733));
#17733 = PRODUCT_CONTEXT('',#2,'mechanical');
#17734 = PRODUCT_DEFINITION_CONTEXT('part definition',#2,'design');
#17735 = ADVANCED_BREP_SHAPE_REPRESENTATION('',(#11,#17736),#18237);
#17736 = MANIFOLD_SOLID_BREP('',#17737);
#17737 = CLOSED_SHELL('',(#17738,#17778,#17809,#17840,#17956,#18072,
    #18084,#18101,#18118,#18135,#18152,#18169,#18186,#18203,#18220));
#17738 = ADVANCED_FACE('',(#17739),#17773,.T.);
#17739 = FACE_BOUND('',#17740,.T.);
#17740 = EDGE_LOOP('',(#17741,#17751,#17759,#17767));
#17741 = ORIENTED_EDGE('',*,*,#17742,.T.);
#17742 = EDGE_CURVE('',#17743,#17745,#17747,.T.);
#17743 = VERTEX_POINT('',#17744);
#17744 = CARTESIAN_POINT('',(30.,-20.,0.));
#17745 = VERTEX_POINT('',#17746);
#17746 = CARTESIAN_POINT('',(30.,-20.,1.51));
#17747 = LINE('',#17748,#17749);
#17748 = CARTESIAN_POINT('',(30.,-20.,0.));
#17749 = VECTOR('',#17750,1.);
#17750 = DIRECTION('',(0.,0.,1.));
#17751 = ORIENTED_EDGE('',*,*,#17752,.T.);
#17752 = EDGE_CURVE('',#17745,#17753,#17755,.T.);
#17753 = VERTEX_POINT('',#17754);
#17754 = CARTESIAN_POINT('',(0.,-20.,1.51));
#17755 = LINE('',#17756,#17757);
#17756 = CARTESIAN_POINT('',(30.,-20.,1.51));
#17757 = VECTOR('',#17758,1.);
#17758 = DIRECTION('',(-1.,0.,0.));
#17759 = ORIENTED_EDGE('',*,*,#17760,.F.);
#17760 = EDGE_CURVE('',#17761,#17753,#17763,.T.);
#17761 = VERTEX_POINT('',#17762);
#17762 = CARTESIAN_POINT('',(0.,-20.,0.));
#17763 = LINE('',#17764,#17765);
#17764 = CARTESIAN_POINT('',(0.,-20.,0.));
#17765 = VECTOR('',#17766,1.);
#17766 = DIRECTION('',(0.,0.,1.));
#17767 = ORIENTED_EDGE('',*,*,#17768,.F.);
#17768 = EDGE_CURVE('',#17743,#17761,#17769,.T.);
#17769 = LINE('',#17770,#17771);
#17770 = CARTESIAN_POINT('',(30.,-20.,0.));
#17771 = VECTOR('',#17772,1.);
#17772 = DIRECTION('',(-1.,0.,0.));
#17773 = PLANE('',#17774);
#17774 = AXIS2_PLACEMENT_3D('',#17775,#17776,#17777);
#17775 = CARTESIAN_POINT('',(30.,-20.,0.));
#17776 = DIRECTION('',(0.,-1.,0.));
#17777 = DIRECTION('',(-1.,0.,0.));
#17778 = ADVANCED_FACE('',(#17779),#17804,.T.);
#17779 = FACE_BOUND('',#17780,.T.);
#17780 = EDGE_LOOP('',(#17781,#17791,#17797,#17798));
#17781 = ORIENTED_EDGE('',*,*,#17782,.T.);
#17782 = EDGE_CURVE('',#17783,#17785,#17787,.T.);
#17783 = VERTEX_POINT('',#17784);
#17784 = CARTESIAN_POINT('',(30.,-0.,0.));
#17785 = VERTEX_POINT('',#17786);
#17786 = CARTESIAN_POINT('',(30.,0.,1.51));
#17787 = LINE('',#17788,#17789);
#17788 = CARTESIAN_POINT('',(30.,-0.,0.));
#17789 = VECTOR('',#17790,1.);
#17790 = DIRECTION('',(0.,0.,1.));
#17791 = ORIENTED_EDGE('',*,*,#17792,.T.);
#17792 = EDGE_CURVE('',#17785,#17745,#17793,.T.);
#17793 = LINE('',#17794,#17795);
#17794 = CARTESIAN_POINT('',(30.,0.,1.51));
#17795 = VECTOR('',#17796,1.);
#17796 = DIRECTION('',(0.,-1.,0.));
#17797 = ORIENTED_EDGE('',*,*,#17742,.F.);
#17798 = ORIENTED_EDGE('',*,*,#17799,.F.);
#17799 = EDGE_CURVE('',#17783,#17743,#17800,.T.);
#17800 = LINE('',#17801,#17802);
#17801 = CARTESIAN_POINT('',(30.,-0.,0.));
#17802 = VECTOR('',#17803,1.);
#17803 = DIRECTION('',(0.,-1.,0.));
#17804 = PLANE('',#17805);
#17805 = AXIS2_PLACEMENT_3D('',#17806,#17807,#17808);
#17806 = CARTESIAN_POINT('',(30.,-0.,0.));
#17807 = DIRECTION('',(1.,0.,-0.));
#17808 = DIRECTION('',(0.,-1.,0.));
#17809 = ADVANCED_FACE('',(#17810),#17835,.T.);
#17810 = FACE_BOUND('',#17811,.T.);
#17811 = EDGE_LOOP('',(#17812,#17813,#17821,#17829));
#17812 = ORIENTED_EDGE('',*,*,#17760,.T.);
#17813 = ORIENTED_EDGE('',*,*,#17814,.T.);
#17814 = EDGE_CURVE('',#17753,#17815,#17817,.T.);
#17815 = VERTEX_POINT('',#17816);
#17816 = CARTESIAN_POINT('',(0.,0.,1.51));
#17817 = LINE('',#17818,#17819);
#17818 = CARTESIAN_POINT('',(0.,-20.,1.51));
#17819 = VECTOR('',#17820,1.);
#17820 = DIRECTION('',(0.,1.,0.));
#17821 = ORIENTED_EDGE('',*,*,#17822,.F.);
#17822 = EDGE_CURVE('',#17823,#17815,#17825,.T.);
#17823 = VERTEX_POINT('',#17824);
#17824 = CARTESIAN_POINT('',(0.,-0.,0.));
#17825 = LINE('',#17826,#17827);
#17826 = CARTESIAN_POINT('',(0.,-0.,0.));
#17827 = VECTOR('',#17828,1.);
#17828 = DIRECTION('',(0.,0.,1.));
#17829 = ORIENTED_EDGE('',*,*,#17830,.F.);
#17830 = EDGE_CURVE('',#17761,#17823,#17831,.T.);
#17831 = LINE('',#17832,#17833);
#17832 = CARTESIAN_POINT('',(0.,-20.,0.));
#17833 = VECTOR('',#17834,1.);
#17834 = DIRECTION('',(0.,1.,0.));
#17835 = PLANE('',#17836);
#17836 = AXIS2_PLACEMENT_3D('',#17837,#17838,#17839);
#17837 = CARTESIAN_POINT('',(0.,-20.,0.));
#17838 = DIRECTION('',(-1.,0.,0.));
#17839 = DIRECTION('',(0.,1.,0.));
#17840 = ADVANCED_FACE('',(#17841,#17852,#17863,#17874,#17885,#17896,
    #17907,#17918,#17929,#17940),#17951,.F.);
#17841 = FACE_BOUND('',#17842,.F.);
#17842 = EDGE_LOOP('',(#17843,#17844,#17845,#17851));
#17843 = ORIENTED_EDGE('',*,*,#17768,.F.);
#17844 = ORIENTED_EDGE('',*,*,#17799,.F.);
#17845 = ORIENTED_EDGE('',*,*,#17846,.F.);
#17846 = EDGE_CURVE('',#17823,#17783,#17847,.T.);
#17847 = LINE('',#17848,#17849);
#17848 = CARTESIAN_POINT('',(0.,-0.,0.));
#17849 = VECTOR('',#17850,1.);
#17850 = DIRECTION('',(1.,0.,0.));
#17851 = ORIENTED_EDGE('',*,*,#17830,.F.);
#17852 = FACE_BOUND('',#17853,.F.);
#17853 = EDGE_LOOP('',(#17854));
#17854 = ORIENTED_EDGE('',*,*,#17855,.T.);
#17855 = EDGE_CURVE('',#17856,#17856,#17858,.T.);
#17856 = VERTEX_POINT('',#17857);
#17857 = CARTESIAN_POINT('',(2.,-2.5,0.));
#17858 = CIRCLE('',#17859,0.5);
#17859 = AXIS2_PLACEMENT_3D('',#17860,#17861,#17862);
#17860 = CARTESIAN_POINT('',(2.,-2.,0.));
#17861 = DIRECTION('',(-0.,0.,-1.));
#17862 = DIRECTION('',(-0.,-1.,0.));
#17863 = FACE_BOUND('',#17864,.F.);
#17864 = EDGE_LOOP('',(#17865));
#17865 = ORIENTED_EDGE('',*,*,#17866,.T.);
#17866 = EDGE_CURVE('',#17867,#17867,#17869,.T.);
#17867 = VERTEX_POINT('',#17868);
#17868 = CARTESIAN_POINT('',(4.54,-2.5,0.));
#17869 = CIRCLE('',#17870,0.5);
#17870 = AXIS2_PLACEMENT_3D('',#17871,#17872,#17873);
#17871 = CARTESIAN_POINT('',(4.54,-2.,0.));
#17872 = DIRECTION('',(-0.,0.,-1.));
#17873 = DIRECTION('',(-0.,-1.,0.));
#17874 = FACE_BOUND('',#17875,.F.);
#17875 = EDGE_LOOP('',(#17876));
#17876 = ORIENTED_EDGE('',*,*,#17877,.T.);
#17877 = EDGE_CURVE('',#17878,#17878,#17880,.T.);
#17878 = VERTEX_POINT('',#17879);
#17879 = CARTESIAN_POINT('',(7.08,-2.5,0.));
#17880 = CIRCLE('',#17881,0.5);
#17881 = AXIS2_PLACEMENT_3D('',#17882,#17883,#17884);
#17882 = CARTESIAN_POINT('',(7.08,-2.,0.));
#17883 = DIRECTION('',(-0.,0.,-1.));
#17884 = DIRECTION('',(-0.,-1.,0.));
#17885 = FACE_BOUND('',#17886,.F.);
#17886 = EDGE_LOOP('',(#17887));
#17887 = ORIENTED_EDGE('',*,*,#17888,.T.);
#17888 = EDGE_CURVE('',#17889,#17889,#17891,.T.);
#17889 = VERTEX_POINT('',#17890);
#17890 = CARTESIAN_POINT('',(9.62,-2.5,0.));
#17891 = CIRCLE('',#17892,0.5);
#17892 = AXIS2_PLACEMENT_3D('',#17893,#17894,#17895);
#17893 = CARTESIAN_POINT('',(9.62,-2.,0.));
#17894 = DIRECTION('',(-0.,0.,-1.));
#17895 = DIRECTION('',(-0.,-1.,0.));
#17896 = FACE_BOUND('',#17897,.F.);
#17897 = EDGE_LOOP('',(#17898));
#17898 = ORIENTED_EDGE('',*,*,#17899,.T.);
#17899 = EDGE_CURVE('',#17900,#17900,#17902,.T.);
#17900 = VERTEX_POINT('',#17901);
#17901 = CARTESIAN_POINT('',(12.16,-2.5,0.));
#17902 = CIRCLE('',#17903,0.5);
#17903 = AXIS2_PLACEMENT_3D('',#17904,#17905,#17906);
#17904 = CARTESIAN_POINT('',(12.16,-2.,0.));
#17905 = DIRECTION('',(-0.,0.,-1.));
#17906 = DIRECTION('',(-0.,-1.,0.));
#17907 = FACE_BOUND('',#17908,.F.);
#17908 = EDGE_LOOP('',(#17909));
#17909 = ORIENTED_EDGE('',*,*,#17910,.T.);
#17910 = EDGE_CURVE('',#17911,#17911,#17913,.T.);
#17911 = VERTEX_POINT('',#17912);
#17912 = CARTESIAN_POINT('',(14.7,-2.5,0.));
#17913 = CIRCLE('',#17914,0.5);
#17914 = AXIS2_PLACEMENT_3D('',#17915,#17916,#17917);
#17915 = CARTESIAN_POINT('',(14.7,-2.,0.));
#17916 = DIRECTION('',(-0.,0.,-1.));
#17917 = DIRECTION('',(-0.,-1.,0.));
#17918 = FACE_BOUND('',#17919,.F.);
#17919 = EDGE_LOOP('',(#17920));
#17920 = ORIENTED_EDGE('',*,*,#17921,.T.);
#17921 = EDGE_CURVE('',#17922,#17922,#17924,.T.);
#17922 = VERTEX_POINT('',#17923);
#17923 = CARTESIAN_POINT('',(17.24,-2.5,0.));
#17924 = CIRCLE('',#17925,0.5);
#17925 = AXIS2_PLACEMENT_3D('',#17926,#17927,#17928);
#17926 = CARTESIAN_POINT('',(17.24,-2.,0.));
#17927 = DIRECTION('',(-0.,0.,-1.));
#17928 = DIRECTION('',(-0.,-1.,0.));
#17929 = FACE_BOUND('',#17930,.F.);
#17930 = EDGE_LOOP('',(#17931));
#17931 = ORIENTED_EDGE('',*,*,#17932,.T.);
#17932 = EDGE_CURVE('',#17933,#17933,#17935,.T.);
#17933 = VERTEX_POINT('',#17934);
#17934 = CARTESIAN_POINT('',(19.78,-2.5,0.));
#17935 = CIRCLE('',#17936,0.5);
#17936 = AXIS2_PLACEMENT_3D('',#17937,#17938,#17939);
#17937 = CARTESIAN_POINT('',(19.78,-2.,0.));
#17938 = DIRECTION('',(-0.,0.,-1.));
#17939 = DIRECTION('',(-0.,-1.,0.));
#17940 = FACE_BOUND('',#17941,.F.);
#17941 = EDGE_LOOP('',(#17942));
#17942 = ORIENTED_EDGE('',*,*,#17943,.T.);
#17943 = EDGE_CURVE('',#17944,#17944,#17946,.T.);
#17944 = VERTEX_POINT('',#17945);
#17945 = CARTESIAN_POINT('',(22.32,-2.5,0.));
#17946 = CIRCLE('',#17947,0.5);
#17947 = AXIS2_PLACEMENT_3D('',#17948,#17949,#17950);
#17948 = CARTESIAN_POINT('',(22.32,-2.,0.));
#17949 = DIRECTION('',(-0.,0.,-1.));
#17950 = DIRECTION('',(-0.,-1.,0.));
#17951 = PLANE('',#17952);
#17952 = AXIS2_PLACEMENT_3D('',#17953,#17954,#17955);
#17953 = CARTESIAN_POINT('',(0.,0.,0.));
#17954 = DIRECTION('',(0.,0.,1.));
#17955 = DIRECTION('',(1.,0.,-0.));
#17956 = ADVANCED_FACE('',(#17957,#17968,#17979,#17990,#18001,#18012,
    #18023,#18034,#18045,#18056),#18067,.T.);
#17957 = FACE_BOUND('',#17958,.T.);
#17958 = EDGE_LOOP('',(#17959,#17960,#17961,#17967));
#17959 = ORIENTED_EDGE('',*,*,#17752,.F.);
#17960 = ORIENTED_EDGE('',*,*,#17792,.F.);
#17961 = ORIENTED_EDGE('',*,*,#17962,.F.);
#17962 = EDGE_CURVE('',#17815,#17785,#17963,.T.);
#17963 = LINE('',#17964,#17965);
#17964 = CARTESIAN_POINT('',(0.,0.,1.51));
#17965 = VECTOR('',#17966,1.);
#17966 = DIRECTION('',(1.,0.,0.));
#17967 = ORIENTED_EDGE('',*,*,#17814,.F.);
#17968 = FACE_BOUND('',#17969,.T.);
#17969 = EDGE_LOOP('',(#17970));
#17970 = ORIENTED_EDGE('',*,*,#17971,.T.);
#17971 = EDGE_CURVE('',#17972,#17972,#17974,.T.);
#17972 = VERTEX_POINT('',#17973);
#17973 = CARTESIAN_POINT('',(2.,-2.5,1.51));
#17974 = CIRCLE('',#17975,0.5);
#17975 = AXIS2_PLACEMENT_3D('',#17976,#17977,#17978);
#17976 = CARTESIAN_POINT('',(2.,-2.,1.51));
#17977 = DIRECTION('',(-0.,0.,-1.));
#17978 = DIRECTION('',(-0.,-1.,0.));
#17979 = FACE_BOUND('',#17980,.T.);
#17980 = EDGE_LOOP('',(#17981));
#17981 = ORIENTED_EDGE('',*,*,#17982,.T.);
#17982 = EDGE_CURVE('',#17983,#17983,#17985,.T.);
#17983 = VERTEX_POINT('',#17984);
#17984 = CARTESIAN_POINT('',(4.54,-2.5,1.51));
#17985 = CIRCLE('',#17986,0.5);
#17986 = AXIS2_PLACEMENT_3D('',#17987,#17988,#17989);
#17987 = CARTESIAN_POINT('',(4.54,-2.,1.51));
#17988 = DIRECTION('',(-0.,0.,-1.));
#17989 = DIRECTION('',(-0.,-1.,0.));
#17990 = FACE_BOUND('',#17991,.T.);
#17991 = EDGE_LOOP('',(#17992));
#17992 = ORIENTED_EDGE('',*,*,#17993,.T.);
#17993 = EDGE_CURVE('',#17994,#17994,#17996,.T.);
#17994 = VERTEX_POINT('',#17995);
#17995 = CARTESIAN_POINT('',(7.08,-2.5,1.51));
#17996 = CIRCLE('',#17997,0.5);
#17997 = AXIS2_PLACEMENT_3D('',#17998,#17999,#18000);
#17998 = CARTESIAN_POINT('',(7.08,-2.,1.51));
#17999 = DIRECTION('',(-0.,0.,-1.));
#18000 = DIRECTION('',(-0.,-1.,0.));
#18001 = FACE_BOUND('',#18002,.T.);
#18002 = EDGE_LOOP('',(#18003));
#18003 = ORIENTED_EDGE('',*,*,#18004,.T.);
#18004 = EDGE_CURVE('',#18005,#18005,#18007,.T.);
#18005 = VERTEX_POINT('',#18006);
#18006 = CARTESIAN_POINT('',(9.62,-2.5,1.51));
#18007 = CIRCLE('',#18008,0.5);
#18008 = AXIS2_PLACEMENT_3D('',#18009,#18010,#18011);
#18009 = CARTESIAN_POINT('',(9.62,-2.,1.51));
#18010 = DIRECTION('',(-0.,0.,-1.));
#18011 = DIRECTION('',(-0.,-1.,0.));
#18012 = FACE_BOUND('',#18013,.T.);
#18013 = EDGE_LOOP('',(#18014));
#18014 = ORIENTED_EDGE('',*,*,#18015,.T.);
#18015 = EDGE_CURVE('',#18016,#18016,#18018,.T.);
#18016 = VERTEX_POINT('',#18017);
#18017 = CARTESIAN_POINT('',(12.16,-2.5,1.51));
#18018 = CIRCLE('',#18019,0.5);
#18019 = AXIS2_PLACEMENT_3D('',#18020,#18021,#18022);
#18020 = CARTESIAN_POINT('',(12.16,-2.,1.51));
#18021 = DIRECTION('',(-0.,0.,-1.));
#18022 = DIRECTION('',(-0.,-1.,0.));
#18023 = FACE_BOUND('',#18024,.T.);
#18024 = EDGE_LOOP('',(#18025));
#18025 = ORIENTED_EDGE('',*,*,#18026,.T.);
#18026 = EDGE_CURVE('',#18027,#18027,#18029,.T.);
#18027 = VERTEX_POINT('',#18028);
#18028 = CARTESIAN_POINT('',(14.7,-2.5,1.51));
#18029 = CIRCLE('',#18030,0.5);
#18030 = AXIS2_PLACEMENT_3D('',#18031,#18032,#18033);
#18031 = CARTESIAN_POINT('',(14.7,-2.,1.51));
#18032 = DIRECTION('',(-0.,0.,-1.));
#18033 = DIRECTION('',(-0.,-1.,0.));
#18034 = FACE_BOUND('',#18035,.T.);
#18035 = EDGE_LOOP('',(#18036));
#18036 = ORIENTED_EDGE('',*,*,#18037,.T.);
#18037 = EDGE_CURVE('',#18038,#18038,#18040,.T.);
#18038 = VERTEX_POINT('',#18039);
#18039 = CARTESIAN_POINT('',(17.24,-2.5,1.51));
#18040 = CIRCLE('',#18041,0.5);
#18041 = AXIS2_PLACEMENT_3D('',#18042,#18043,#18044);
#18042 = CARTESIAN_POINT('',(17.24,-2.,1.51));
#18043 = DIRECTION('',(-0.,0.,-1.));
#18044 = DIRECTION('',(-0.,-1.,0.));
#18045 = FACE_BOUND('',#18046,.T.);
#18046 = EDGE_LOOP('',(#18047));
#18047 = ORIENTED_EDGE('',*,*,#18048,.T.);
#18048 = EDGE_CURVE('',#18049,#18049,#18051,.T.);
#18049 = VERTEX_POINT('',#18050);
#18050 = CARTESIAN_POINT('',(19.78,-2.5,1.51));
#18051 = CIRCLE('',#18052,0.5);
#18052 = AXIS2_PLACEMENT_3D('',#18053,#18054,#18055);
#18053 = CARTESIAN_POINT('',(19.78,-2.,1.51));
#18054 = DIRECTION('',(-0.,0.,-1.));
#18055 = DIRECTION('',(-0.,-1.,0.));
#18056 = FACE_BOUND('',#18057,.T.);
#18057 = EDGE_LOOP('',(#18058));
#18058 = ORIENTED_EDGE('',*,*,#18059,.T.);
#18059 = EDGE_CURVE('',#18060,#18060,#18062,.T.);
#18060 = VERTEX_POINT('',#18061);
#18061 = CARTESIAN_POINT('',(22.32,-2.5,1.51));
#18062 = CIRCLE('',#18063,0.5);
#18063 = AXIS2_PLACEMENT_3D('',#18064,#18065,#18066);
#18064 = CARTESIAN_POINT('',(22.32,-2.,1.51));
#18065 = DIRECTION('',(-0.,0.,-1.));
#18066 = DIRECTION('',(-0.,-1.,0.));
#18067 = PLANE('',#18068);
#18068 = AXIS2_PLACEMENT_3D('',#18069,#18070,#18071);
#18069 = CARTESIAN_POINT('',(0.,0.,1.51));
#18070 = DIRECTION('',(0.,0.,1.));
#18071 = DIRECTION('',(1.,0.,-0.));
#18072 = ADVANCED_FACE('',(#18073),#18079,.T.);
#18073 = FACE_BOUND('',#18074,.T.);
#18074 = EDGE_LOOP('',(#18075,#18076,#18077,#18078));
#18075 = ORIENTED_EDGE('',*,*,#17822,.T.);
#18076 = ORIENTED_EDGE('',*,*,#17962,.T.);
#18077 = ORIENTED_EDGE('',*,*,#17782,.F.);
#18078 = ORIENTED_EDGE('',*,*,#17846,.F.);
#18079 = PLANE('',#18080);
#18080 = AXIS2_PLACEMENT_3D('',#18081,#18082,#18083);
#18081 = CARTESIAN_POINT('',(0.,0.,0.));
#18082 = DIRECTION('',(0.,1.,0.));
#18083 = DIRECTION('',(1.,0.,0.));
#18084 = ADVANCED_FACE('',(#18085),#18096,.F.);
#18085 = FACE_BOUND('',#18086,.T.);
#18086 = EDGE_LOOP('',(#18087,#18088,#18094,#18095));
#18087 = ORIENTED_EDGE('',*,*,#17855,.T.);
#18088 = ORIENTED_EDGE('',*,*,#18089,.T.);
#18089 = EDGE_CURVE('',#17856,#17972,#18090,.T.);
#18090 = LINE('',#18091,#18092);
#18091 = CARTESIAN_POINT('',(2.,-2.5,-4.6E-02));
#18092 = VECTOR('',#18093,1.);
#18093 = DIRECTION('',(0.,0.,1.));
#18094 = ORIENTED_EDGE('',*,*,#17971,.F.);
#18095 = ORIENTED_EDGE('',*,*,#18089,.F.);
#18096 = CYLINDRICAL_SURFACE('',#18097,0.5);
#18097 = AXIS2_PLACEMENT_3D('',#18098,#18099,#18100);
#18098 = CARTESIAN_POINT('',(2.,-2.,-4.6E-02));
#18099 = DIRECTION('',(-0.,-0.,-1.));
#18100 = DIRECTION('',(-0.,-1.,0.));
#18101 = ADVANCED_FACE('',(#18102),#18113,.F.);
#18102 = FACE_BOUND('',#18103,.T.);
#18103 = EDGE_LOOP('',(#18104,#18105,#18111,#18112));
#18104 = ORIENTED_EDGE('',*,*,#17866,.T.);
#18105 = ORIENTED_EDGE('',*,*,#18106,.T.);
#18106 = EDGE_CURVE('',#17867,#17983,#18107,.T.);
#18107 = LINE('',#18108,#18109);
#18108 = CARTESIAN_POINT('',(4.54,-2.5,-4.6E-02));
#18109 = VECTOR('',#18110,1.);
#18110 = DIRECTION('',(0.,0.,1.));
#18111 = ORIENTED_EDGE('',*,*,#17982,.F.);
#18112 = ORIENTED_EDGE('',*,*,#18106,.F.);
#18113 = CYLINDRICAL_SURFACE('',#18114,0.5);
#18114 = AXIS2_PLACEMENT_3D('',#18115,#18116,#18117);
#18115 = CARTESIAN_POINT('',(4.54,-2.,-4.6E-02));
#18116 = DIRECTION('',(-0.,-0.,-1.));
#18117 = DIRECTION('',(-0.,-1.,0.));
#18118 = ADVANCED_FACE('',(#18119),#18130,.F.);
#18119 = FACE_BOUND('',#18120,.T.);
#18120 = EDGE_LOOP('',(#18121,#18122,#18128,#18129));
#18121 = ORIENTED_EDGE('',*,*,#17877,.T.);
#18122 = ORIENTED_EDGE('',*,*,#18123,.T.);
#18123 = EDGE_CURVE('',#17878,#17994,#18124,.T.);
#18124 = LINE('',#18125,#18126);
#18125 = CARTESIAN_POINT('',(7.08,-2.5,-4.6E-02));
#18126 = VECTOR('',#18127,1.);
#18127 = DIRECTION('',(0.,0.,1.));
#18128 = ORIENTED_EDGE('',*,*,#17993,.F.);
#18129 = ORIENTED_EDGE('',*,*,#18123,.F.);
#18130 = CYLINDRICAL_SURFACE('',#18131,0.5);
#18131 = AXIS2_PLACEMENT_3D('',#18132,#18133,#18134);
#18132 = CARTESIAN_POINT('',(7.08,-2.,-4.6E-02));
#18133 = DIRECTION('',(-0.,-0.,-1.));
#18134 = DIRECTION('',(-0.,-1.,0.));
#18135 = ADVANCED_FACE('',(#18136),#18147,.F.);
#18136 = FACE_BOUND('',#18137,.T.);
#18137 = EDGE_LOOP('',(#18138,#18139,#18145,#18146));
#18138 = ORIENTED_EDGE('',*,*,#17888,.T.);
#18139 = ORIENTED_EDGE('',*,*,#18140,.T.);
#18140 = EDGE_CURVE('',#17889,#18005,#18141,.T.);
#18141 = LINE('',#18142,#18143);
#18142 = CARTESIAN_POINT('',(9.62,-2.5,-4.6E-02));
#18143 = VECTOR('',#18144,1.);
#18144 = DIRECTION('',(0.,0.,1.));
#18145 = ORIENTED_EDGE('',*,*,#18004,.F.);
#18146 = ORIENTED_EDGE('',*,*,#18140,.F.);
#18147 = CYLINDRICAL_SURFACE('',#18148,0.5);
#18148 = AXIS2_PLACEMENT_3D('',#18149,#18150,#18151);
#18149 = CARTESIAN_POINT('',(9.62,-2.,-4.6E-02));
#18150 = DIRECTION('',(-0.,-0.,-1.));
#18151 = DIRECTION('',(-0.,-1.,0.));
#18152 = ADVANCED_FACE('',(#18153),#18164,.F.);
#18153 = FACE_BOUND('',#18154,.T.);
#18154 = EDGE_LOOP('',(#18155,#18156,#18162,#18163));
#18155 = ORIENTED_EDGE('',*,*,#17899,.T.);
#18156 = ORIENTED_EDGE('',*,*,#18157,.T.);
#18157 = EDGE_CURVE('',#17900,#18016,#18158,.T.);
#18158 = LINE('',#18159,#18160);
#18159 = CARTESIAN_POINT('',(12.16,-2.5,-4.6E-02));
#18160 = VECTOR('',#18161,1.);
#18161 = DIRECTION('',(0.,0.,1.));
#18162 = ORIENTED_EDGE('',*,*,#18015,.F.);
#18163 = ORIENTED_EDGE('',*,*,#18157,.F.);
#18164 = CYLINDRICAL_SURFACE('',#18165,0.5);
#18165 = AXIS2_PLACEMENT_3D('',#18166,#18167,#18168);
#18166 = CARTESIAN_POINT('',(12.16,-2.,-4.6E-02));
#18167 = DIRECTION('',(-0.,-0.,-1.));
#18168 = DIRECTION('',(-0.,-1.,0.));
#18169 = ADVANCED_FACE('',(#18170),#18181,.F.);
#18170 = FACE_BOUND('',#18171,.T.);
#18171 = EDGE_LOOP('',(#18172,#18173,#18179,#18180));
#18172 = ORIENTED_EDGE('',*,*,#17910,.T.);
#18173 = ORIENTED_EDGE('',*,*,#18174,.T.);
#18174 = EDGE_CURVE('',#17911,#18027,#18175,.T.);
#18175 = LINE('',#18176,#18177);
#18176 = CARTESIAN_POINT('',(14.7,-2.5,-4.6E-02));
#18177 = VECTOR('',#18178,1.);
#18178 = DIRECTION('',(0.,0.,1.));
#18179 = ORIENTED_EDGE('',*,*,#18026,.F.);
#18180 = ORIENTED_EDGE('',*,*,#18174,.F.);
#18181 = CYLINDRICAL_SURFACE('',#18182,0.5);
#18182 = AXIS2_PLACEMENT_3D('',#18183,#18184,#18185);
#18183 = CARTESIAN_POINT('',(14.7,-2.,-4.6E-02));
#18184 = DIRECTION('',(-0.,-0.,-1.));
#18185 = DIRECTION('',(-0.,-1.,0.));
#18186 = ADVANCED_FACE('',(#18187),#18198,.F.);
#18187 = FACE_BOUND('',#18188,.T.);
#18188 = EDGE_LOOP('',(#18189,#18190,#18196,#18197));
#18189 = ORIENTED_EDGE('',*,*,#17921,.T.);
#18190 = ORIENTED_EDGE('',*,*,#18191,.T.);
#18191 = EDGE_CURVE('',#17922,#18038,#18192,.T.);
#18192 = LINE('',#18193,#18194);
#18193 = CARTESIAN_POINT('',(17.24,-2.5,-4.6E-02));
#18194 = VECTOR('',#18195,1.);
#18195 = DIRECTION('',(0.,0.,1.));
#18196 = ORIENTED_EDGE('',*,*,#18037,.F.);
#18197 = ORIENTED_EDGE('',*,*,#18191,.F.);
#18198 = CYLINDRICAL_SURFACE('',#18199,0.5);
#18199 = AXIS2_PLACEMENT_3D('',#18200,#18201,#18202);
#18200 = CARTESIAN_POINT('',(17.24,-2.,-4.6E-02));
#18201 = DIRECTION('',(-0.,-0.,-1.));
#18202 = DIRECTION('',(-0.,-1.,0.));
#18203 = ADVANCED_FACE('',(#18204),#18215,.F.);
#18204 = FACE_BOUND('',#18205,.T.);
#18205 = EDGE_LOOP('',(#18206,#18207,#18213,#18214));
#18206 = ORIENTED_EDGE('',*,*,#17932,.T.);
#18207 = ORIENTED_EDGE('',*,*,#18208,.T.);
#18208 = EDGE_CURVE('',#17933,#18049,#18209,.T.);
#18209 = LINE('',#18210,#18211);
#18210 = CARTESIAN_POINT('',(19.78,-2.5,-4.6E-02));
#18211 = VECTOR('',#18212,1.);
#18212 = DIRECTION('',(0.,0.,1.));
#18213 = ORIENTED_EDGE('',*,*,#18048,.F.);
#18214 = ORIENTED_EDGE('',*,*,#18208,.F.);
#18215 = CYLINDRICAL_SURFACE('',#18216,0.5);
#18216 = AXIS2_PLACEMENT_3D('',#18217,#18218,#18219);
#18217 = CARTESIAN_POINT('',(19.78,-2.,-4.6E-02));
#18218 = DIRECTION('',(-0.,-0.,-1.));
#18219 = DIRECTION('',(-0.,-1.,0.));
#18220 = ADVANCED_FACE('',(#18221),#18232,.F.);
#18221 = FACE_BOUND('',#18222,.T.);
#18222 = EDGE_LOOP('',(#18223,#18224,#18230,#18231));
#18223 = ORIENTED_EDGE('',*,*,#17943,.T.);
#18224 = ORIENTED_EDGE('',*,*,#18225,.T.);
#18225 = EDGE_CURVE('',#17944,#18060,#18226,.T.);
#18226 = LINE('',#18227,#18228);
#18227 = CARTESIAN_POINT('',(22.32,-2.5,-4.6E-02));
#18228 = VECTOR('',#18229,1.);
#18229 = DIRECTION('',(0.,0.,1.));
#18230 = ORIENTED_EDGE('',*,*,#18059,.F.);
#18231 = ORIENTED_EDGE('',*,*,#18225,.F.);
#18232 = CYLINDRICAL_SURFACE('',#18233,0.5);
#18233 = AXIS2_PLACEMENT_3D('',#18234,#18235,#18236);
#18234 = CARTESIAN_POINT('',(22.32,-2.,-4.6E-02));
#18235 = DIRECTION('',(-0.,-0.,-1.));
#18236 = DIRECTION('',(-0.,-1.,0.));
#18237 = ( GEOMETRIC_REPRESENTATION_CONTEXT(3) 
GLOBAL_UNCERTAINTY_ASSIGNED_CONTEXT((#18241)) 
GLOBAL_UNIT_ASSIGNED_CONTEXT((#18238,#18239,#18240)) 
REPRESENTATION_CONTEXT('Context #1',
  '3D Context with UNIT and UNCERTAINTY') );
#18238 = ( LENGTH_UNIT() NAMED_UNIT(*) SI_UNIT(.MILLI.,.METRE.) );
#18239 = ( NAMED_UNIT(*) PLANE_ANGLE_UNIT() SI_UNIT($,.RADIAN.) );
#18240 = ( NAMED_UNIT(*) SI_UNIT($,.STERADIAN.) SOLID_ANGLE_UNIT() );
#18241 = UNCERTAINTY_MEASURE_WITH_UNIT(LENGTH_MEASURE(1.E-07),#18238,
  'distance_accuracy_value','confusion accuracy');
#18242 = CONTEXT_DEPENDENT_SHAPE_REPRESENTATION(#18243,#18245);
#18243 = ( REPRESENTATION_RELATIONSHIP('','',#17735,#10) 
REPRESENTATION_RELATIONSHIP_WITH_TRANSFORMATION(#18244) 
SHAPE_REPRESENTATION_RELATIONSHIP() );
#18244 = ITEM_DEFINED_TRANSFORMATION('','',#11,#95);
#18245 = PRODUCT_DEFINITION_SHAPE('Placement','Placement of an item',
  #18246);
#18246 = NEXT_ASSEMBLY_USAGE_OCCURRENCE('28','=>[0:1:1:16]','',#5,#17730
  ,$);
#18247 = PRODUCT_RELATED_PRODUCT_CATEGORY('part',$,(#17732));
#18248 = MECHANICAL_DESIGN_GEOMETRIC_PRESENTATION_REPRESENTATION('',(
    #18249,#18257,#18264,#18271,#18279,#18286,#18293,#18300,#18307,
    #18314,#18321,#18328,#18335,#18342,#18349,#18356,#18363,#18370,
    #18377,#18384,#18391,#18398,#18405,#18412,#18419,#18426,#18433,
    #18440,#18447,#18454,#18461,#18468,#18475,#18482,#18489,#18496,
    #18503,#18510,#18517,#18524,#18531,#18538,#18545,#18552,#18559,
    #18566,#18573,#18580,#18587,#18594,#18601,#18608,#18615,#18622,
    #18629,#18636,#18643,#18650,#18657,#18664,#18671,#18678,#18685,
    #18692,#18699,#18706,#18713,#18720,#18727,#18734,#18741,#18748,
    #18755,#18762,#18769,#18776,#18783,#18790,#18797,#18804,#18811,
    #18818,#18825,#18832,#18839,#18846,#18853,#18860,#18867,#18874,
    #18881,#18888,#18895,#18902,#18909,#18916,#18923,#18930,#18937,
    #18944,#18951,#18958,#18965,#18972,#18979,#18986,#18993,#19000,
    #19007,#19014,#19021,#19028,#19035,#19042,#19049,#19056,#19063,
    #19070,#19077,#19084,#19091,#19098,#19105,#19112,#19119,#19126,
    #19133,#19140,#19147,#19154,#19161,#19168,#19175,#19182,#19189,
    #19196,#19203,#19210,#19217,#19224,#19231,#19238,#19245,#19252,
    #19259,#19266,#19273,#19280,#19287,#19294,#19301,#19308,#19315,
    #19322,#19329,#19336,#19343,#19350,#19357,#19364,#19371,#19378,
    #19385,#19392,#19399,#19406,#19413,#19420,#19427,#19434,#19441,
    #19448,#19455,#19462,#19469,#19476,#19483,#19490,#19497,#19504,
    #19511,#19518,#19525,#19532,#19539,#19546,#19553,#19560,#19567,
    #19574,#19581,#19588,#19595,#19602,#19609,#19616,#19623,#19630,
    #19637,#19644,#19651,#19658,#19665,#19672,#19679,#19687),#9693);
#18249 = STYLED_ITEM('color',(#18250),#2925);
#18250 = PRESENTATION_STYLE_ASSIGNMENT((#18251));
#18251 = SURFACE_STYLE_USAGE(.BOTH.,#18252);
#18252 = SURFACE_SIDE_STYLE('',(#18253));
#18253 = SURFACE_STYLE_FILL_AREA(#18254);
#18254 = FILL_AREA_STYLE('',(#18255));
#18255 = FILL_AREA_STYLE_COLOUR('',#18256);
#18256 = COLOUR_RGB('',0.823999987314,0.819999987296,0.781000009244);
#18257 = STYLED_ITEM('color',(#18258),#2965);
#18258 = PRESENTATION_STYLE_ASSIGNMENT((#18259));
#18259 = SURFACE_STYLE_USAGE(.BOTH.,#18260);
#18260 = SURFACE_SIDE_STYLE('',(#18261));
#18261 = SURFACE_STYLE_FILL_AREA(#18262);
#18262 = FILL_AREA_STYLE('',(#18263));
#18263 = FILL_AREA_STYLE_COLOUR('',#18256);
#18264 = STYLED_ITEM('color',(#18265),#3004);
#18265 = PRESENTATION_STYLE_ASSIGNMENT((#18266));
#18266 = SURFACE_STYLE_USAGE(.BOTH.,#18267);
#18267 = SURFACE_SIDE_STYLE('',(#18268));
#18268 = SURFACE_STYLE_FILL_AREA(#18269);
#18269 = FILL_AREA_STYLE('',(#18270));
#18270 = FILL_AREA_STYLE_COLOUR('',#18256);
#18271 = STYLED_ITEM('color',(#18272),#3028);
#18272 = PRESENTATION_STYLE_ASSIGNMENT((#18273));
#18273 = SURFACE_STYLE_USAGE(.BOTH.,#18274);
#18274 = SURFACE_SIDE_STYLE('',(#18275));
#18275 = SURFACE_STYLE_FILL_AREA(#18276);
#18276 = FILL_AREA_STYLE('',(#18277));
#18277 = FILL_AREA_STYLE_COLOUR('',#18278);
#18278 = COLOUR_RGB('',0.147999998088,0.144999993226,0.144999993226);
#18279 = STYLED_ITEM('color',(#18280),#4150);
#18280 = PRESENTATION_STYLE_ASSIGNMENT((#18281));
#18281 = SURFACE_STYLE_USAGE(.BOTH.,#18282);
#18282 = SURFACE_SIDE_STYLE('',(#18283));
#18283 = SURFACE_STYLE_FILL_AREA(#18284);
#18284 = FILL_AREA_STYLE('',(#18285));
#18285 = FILL_AREA_STYLE_COLOUR('',#18256);
#18286 = STYLED_ITEM('color',(#18287),#4167);
#18287 = PRESENTATION_STYLE_ASSIGNMENT((#18288));
#18288 = SURFACE_STYLE_USAGE(.BOTH.,#18289);
#18289 = SURFACE_SIDE_STYLE('',(#18290));
#18290 = SURFACE_STYLE_FILL_AREA(#18291);
#18291 = FILL_AREA_STYLE('',(#18292));
#18292 = FILL_AREA_STYLE_COLOUR('',#18256);
#18293 = STYLED_ITEM('color',(#18294),#4184);
#18294 = PRESENTATION_STYLE_ASSIGNMENT((#18295));
#18295 = SURFACE_STYLE_USAGE(.BOTH.,#18296);
#18296 = SURFACE_SIDE_STYLE('',(#18297));
#18297 = SURFACE_STYLE_FILL_AREA(#18298);
#18298 = FILL_AREA_STYLE('',(#18299));
#18299 = FILL_AREA_STYLE_COLOUR('',#18256);
#18300 = STYLED_ITEM('color',(#18301),#4196);
#18301 = PRESENTATION_STYLE_ASSIGNMENT((#18302));
#18302 = SURFACE_STYLE_USAGE(.BOTH.,#18303);
#18303 = SURFACE_SIDE_STYLE('',(#18304));
#18304 = SURFACE_STYLE_FILL_AREA(#18305);
#18305 = FILL_AREA_STYLE('',(#18306));
#18306 = FILL_AREA_STYLE_COLOUR('',#18278);
#18307 = STYLED_ITEM('color',(#18308),#4411);
#18308 = PRESENTATION_STYLE_ASSIGNMENT((#18309));
#18309 = SURFACE_STYLE_USAGE(.BOTH.,#18310);
#18310 = SURFACE_SIDE_STYLE('',(#18311));
#18311 = SURFACE_STYLE_FILL_AREA(#18312);
#18312 = FILL_AREA_STYLE('',(#18313));
#18313 = FILL_AREA_STYLE_COLOUR('',#18256);
#18314 = STYLED_ITEM('color',(#18315),#4451);
#18315 = PRESENTATION_STYLE_ASSIGNMENT((#18316));
#18316 = SURFACE_STYLE_USAGE(.BOTH.,#18317);
#18317 = SURFACE_SIDE_STYLE('',(#18318));
#18318 = SURFACE_STYLE_FILL_AREA(#18319);
#18319 = FILL_AREA_STYLE('',(#18320));
#18320 = FILL_AREA_STYLE_COLOUR('',#18256);
#18321 = STYLED_ITEM('color',(#18322),#4476);
#18322 = PRESENTATION_STYLE_ASSIGNMENT((#18323));
#18323 = SURFACE_STYLE_USAGE(.BOTH.,#18324);
#18324 = SURFACE_SIDE_STYLE('',(#18325));
#18325 = SURFACE_STYLE_FILL_AREA(#18326);
#18326 = FILL_AREA_STYLE('',(#18327));
#18327 = FILL_AREA_STYLE_COLOUR('',#18256);
#18328 = STYLED_ITEM('color',(#18329),#4509);
#18329 = PRESENTATION_STYLE_ASSIGNMENT((#18330));
#18330 = SURFACE_STYLE_USAGE(.BOTH.,#18331);
#18331 = SURFACE_SIDE_STYLE('',(#18332));
#18332 = SURFACE_STYLE_FILL_AREA(#18333);
#18333 = FILL_AREA_STYLE('',(#18334));
#18334 = FILL_AREA_STYLE_COLOUR('',#18256);
#18335 = STYLED_ITEM('color',(#18336),#4549);
#18336 = PRESENTATION_STYLE_ASSIGNMENT((#18337));
#18337 = SURFACE_STYLE_USAGE(.BOTH.,#18338);
#18338 = SURFACE_SIDE_STYLE('',(#18339));
#18339 = SURFACE_STYLE_FILL_AREA(#18340);
#18340 = FILL_AREA_STYLE('',(#18341));
#18341 = FILL_AREA_STYLE_COLOUR('',#18256);
#18342 = STYLED_ITEM('color',(#18343),#4574);
#18343 = PRESENTATION_STYLE_ASSIGNMENT((#18344));
#18344 = SURFACE_STYLE_USAGE(.BOTH.,#18345);
#18345 = SURFACE_SIDE_STYLE('',(#18346));
#18346 = SURFACE_STYLE_FILL_AREA(#18347);
#18347 = FILL_AREA_STYLE('',(#18348));
#18348 = FILL_AREA_STYLE_COLOUR('',#18256);
#18349 = STYLED_ITEM('color',(#18350),#4607);
#18350 = PRESENTATION_STYLE_ASSIGNMENT((#18351));
#18351 = SURFACE_STYLE_USAGE(.BOTH.,#18352);
#18352 = SURFACE_SIDE_STYLE('',(#18353));
#18353 = SURFACE_STYLE_FILL_AREA(#18354);
#18354 = FILL_AREA_STYLE('',(#18355));
#18355 = FILL_AREA_STYLE_COLOUR('',#18256);
#18356 = STYLED_ITEM('color',(#18357),#4647);
#18357 = PRESENTATION_STYLE_ASSIGNMENT((#18358));
#18358 = SURFACE_STYLE_USAGE(.BOTH.,#18359);
#18359 = SURFACE_SIDE_STYLE('',(#18360));
#18360 = SURFACE_STYLE_FILL_AREA(#18361);
#18361 = FILL_AREA_STYLE('',(#18362));
#18362 = FILL_AREA_STYLE_COLOUR('',#18256);
#18363 = STYLED_ITEM('color',(#18364),#4672);
#18364 = PRESENTATION_STYLE_ASSIGNMENT((#18365));
#18365 = SURFACE_STYLE_USAGE(.BOTH.,#18366);
#18366 = SURFACE_SIDE_STYLE('',(#18367));
#18367 = SURFACE_STYLE_FILL_AREA(#18368);
#18368 = FILL_AREA_STYLE('',(#18369));
#18369 = FILL_AREA_STYLE_COLOUR('',#18256);
#18370 = STYLED_ITEM('color',(#18371),#4705);
#18371 = PRESENTATION_STYLE_ASSIGNMENT((#18372));
#18372 = SURFACE_STYLE_USAGE(.BOTH.,#18373);
#18373 = SURFACE_SIDE_STYLE('',(#18374));
#18374 = SURFACE_STYLE_FILL_AREA(#18375);
#18375 = FILL_AREA_STYLE('',(#18376));
#18376 = FILL_AREA_STYLE_COLOUR('',#18256);
#18377 = STYLED_ITEM('color',(#18378),#4745);
#18378 = PRESENTATION_STYLE_ASSIGNMENT((#18379));
#18379 = SURFACE_STYLE_USAGE(.BOTH.,#18380);
#18380 = SURFACE_SIDE_STYLE('',(#18381));
#18381 = SURFACE_STYLE_FILL_AREA(#18382);
#18382 = FILL_AREA_STYLE('',(#18383));
#18383 = FILL_AREA_STYLE_COLOUR('',#18256);
#18384 = STYLED_ITEM('color',(#18385),#4770);
#18385 = PRESENTATION_STYLE_ASSIGNMENT((#18386));
#18386 = SURFACE_STYLE_USAGE(.BOTH.,#18387);
#18387 = SURFACE_SIDE_STYLE('',(#18388));
#18388 = SURFACE_STYLE_FILL_AREA(#18389);
#18389 = FILL_AREA_STYLE('',(#18390));
#18390 = FILL_AREA_STYLE_COLOUR('',#18256);
#18391 = STYLED_ITEM('color',(#18392),#4803);
#18392 = PRESENTATION_STYLE_ASSIGNMENT((#18393));
#18393 = SURFACE_STYLE_USAGE(.BOTH.,#18394);
#18394 = SURFACE_SIDE_STYLE('',(#18395));
#18395 = SURFACE_STYLE_FILL_AREA(#18396);
#18396 = FILL_AREA_STYLE('',(#18397));
#18397 = FILL_AREA_STYLE_COLOUR('',#18256);
#18398 = STYLED_ITEM('color',(#18399),#4843);
#18399 = PRESENTATION_STYLE_ASSIGNMENT((#18400));
#18400 = SURFACE_STYLE_USAGE(.BOTH.,#18401);
#18401 = SURFACE_SIDE_STYLE('',(#18402));
#18402 = SURFACE_STYLE_FILL_AREA(#18403);
#18403 = FILL_AREA_STYLE('',(#18404));
#18404 = FILL_AREA_STYLE_COLOUR('',#18256);
#18405 = STYLED_ITEM('color',(#18406),#4868);
#18406 = PRESENTATION_STYLE_ASSIGNMENT((#18407));
#18407 = SURFACE_STYLE_USAGE(.BOTH.,#18408);
#18408 = SURFACE_SIDE_STYLE('',(#18409));
#18409 = SURFACE_STYLE_FILL_AREA(#18410);
#18410 = FILL_AREA_STYLE('',(#18411));
#18411 = FILL_AREA_STYLE_COLOUR('',#18256);
#18412 = STYLED_ITEM('color',(#18413),#4901);
#18413 = PRESENTATION_STYLE_ASSIGNMENT((#18414));
#18414 = SURFACE_STYLE_USAGE(.BOTH.,#18415);
#18415 = SURFACE_SIDE_STYLE('',(#18416));
#18416 = SURFACE_STYLE_FILL_AREA(#18417);
#18417 = FILL_AREA_STYLE('',(#18418));
#18418 = FILL_AREA_STYLE_COLOUR('',#18256);
#18419 = STYLED_ITEM('color',(#18420),#4941);
#18420 = PRESENTATION_STYLE_ASSIGNMENT((#18421));
#18421 = SURFACE_STYLE_USAGE(.BOTH.,#18422);
#18422 = SURFACE_SIDE_STYLE('',(#18423));
#18423 = SURFACE_STYLE_FILL_AREA(#18424);
#18424 = FILL_AREA_STYLE('',(#18425));
#18425 = FILL_AREA_STYLE_COLOUR('',#18256);
#18426 = STYLED_ITEM('color',(#18427),#4966);
#18427 = PRESENTATION_STYLE_ASSIGNMENT((#18428));
#18428 = SURFACE_STYLE_USAGE(.BOTH.,#18429);
#18429 = SURFACE_SIDE_STYLE('',(#18430));
#18430 = SURFACE_STYLE_FILL_AREA(#18431);
#18431 = FILL_AREA_STYLE('',(#18432));
#18432 = FILL_AREA_STYLE_COLOUR('',#18256);
#18433 = STYLED_ITEM('color',(#18434),#4999);
#18434 = PRESENTATION_STYLE_ASSIGNMENT((#18435));
#18435 = SURFACE_STYLE_USAGE(.BOTH.,#18436);
#18436 = SURFACE_SIDE_STYLE('',(#18437));
#18437 = SURFACE_STYLE_FILL_AREA(#18438);
#18438 = FILL_AREA_STYLE('',(#18439));
#18439 = FILL_AREA_STYLE_COLOUR('',#18256);
#18440 = STYLED_ITEM('color',(#18441),#5039);
#18441 = PRESENTATION_STYLE_ASSIGNMENT((#18442));
#18442 = SURFACE_STYLE_USAGE(.BOTH.,#18443);
#18443 = SURFACE_SIDE_STYLE('',(#18444));
#18444 = SURFACE_STYLE_FILL_AREA(#18445);
#18445 = FILL_AREA_STYLE('',(#18446));
#18446 = FILL_AREA_STYLE_COLOUR('',#18256);
#18447 = STYLED_ITEM('color',(#18448),#5064);
#18448 = PRESENTATION_STYLE_ASSIGNMENT((#18449));
#18449 = SURFACE_STYLE_USAGE(.BOTH.,#18450);
#18450 = SURFACE_SIDE_STYLE('',(#18451));
#18451 = SURFACE_STYLE_FILL_AREA(#18452);
#18452 = FILL_AREA_STYLE('',(#18453));
#18453 = FILL_AREA_STYLE_COLOUR('',#18256);
#18454 = STYLED_ITEM('color',(#18455),#5097);
#18455 = PRESENTATION_STYLE_ASSIGNMENT((#18456));
#18456 = SURFACE_STYLE_USAGE(.BOTH.,#18457);
#18457 = SURFACE_SIDE_STYLE('',(#18458));
#18458 = SURFACE_STYLE_FILL_AREA(#18459);
#18459 = FILL_AREA_STYLE('',(#18460));
#18460 = FILL_AREA_STYLE_COLOUR('',#18256);
#18461 = STYLED_ITEM('color',(#18462),#5137);
#18462 = PRESENTATION_STYLE_ASSIGNMENT((#18463));
#18463 = SURFACE_STYLE_USAGE(.BOTH.,#18464);
#18464 = SURFACE_SIDE_STYLE('',(#18465));
#18465 = SURFACE_STYLE_FILL_AREA(#18466);
#18466 = FILL_AREA_STYLE('',(#18467));
#18467 = FILL_AREA_STYLE_COLOUR('',#18256);
#18468 = STYLED_ITEM('color',(#18469),#5162);
#18469 = PRESENTATION_STYLE_ASSIGNMENT((#18470));
#18470 = SURFACE_STYLE_USAGE(.BOTH.,#18471);
#18471 = SURFACE_SIDE_STYLE('',(#18472));
#18472 = SURFACE_STYLE_FILL_AREA(#18473);
#18473 = FILL_AREA_STYLE('',(#18474));
#18474 = FILL_AREA_STYLE_COLOUR('',#18256);
#18475 = STYLED_ITEM('color',(#18476),#5195);
#18476 = PRESENTATION_STYLE_ASSIGNMENT((#18477));
#18477 = SURFACE_STYLE_USAGE(.BOTH.,#18478);
#18478 = SURFACE_SIDE_STYLE('',(#18479));
#18479 = SURFACE_STYLE_FILL_AREA(#18480);
#18480 = FILL_AREA_STYLE('',(#18481));
#18481 = FILL_AREA_STYLE_COLOUR('',#18278);
#18482 = STYLED_ITEM('color',(#18483),#5403);
#18483 = PRESENTATION_STYLE_ASSIGNMENT((#18484));
#18484 = SURFACE_STYLE_USAGE(.BOTH.,#18485);
#18485 = SURFACE_SIDE_STYLE('',(#18486));
#18486 = SURFACE_STYLE_FILL_AREA(#18487);
#18487 = FILL_AREA_STYLE('',(#18488));
#18488 = FILL_AREA_STYLE_COLOUR('',#18256);
#18489 = STYLED_ITEM('color',(#18490),#5443);
#18490 = PRESENTATION_STYLE_ASSIGNMENT((#18491));
#18491 = SURFACE_STYLE_USAGE(.BOTH.,#18492);
#18492 = SURFACE_SIDE_STYLE('',(#18493));
#18493 = SURFACE_STYLE_FILL_AREA(#18494);
#18494 = FILL_AREA_STYLE('',(#18495));
#18495 = FILL_AREA_STYLE_COLOUR('',#18256);
#18496 = STYLED_ITEM('color',(#18497),#5468);
#18497 = PRESENTATION_STYLE_ASSIGNMENT((#18498));
#18498 = SURFACE_STYLE_USAGE(.BOTH.,#18499);
#18499 = SURFACE_SIDE_STYLE('',(#18500));
#18500 = SURFACE_STYLE_FILL_AREA(#18501);
#18501 = FILL_AREA_STYLE('',(#18502));
#18502 = FILL_AREA_STYLE_COLOUR('',#18256);
#18503 = STYLED_ITEM('color',(#18504),#5501);
#18504 = PRESENTATION_STYLE_ASSIGNMENT((#18505));
#18505 = SURFACE_STYLE_USAGE(.BOTH.,#18506);
#18506 = SURFACE_SIDE_STYLE('',(#18507));
#18507 = SURFACE_STYLE_FILL_AREA(#18508);
#18508 = FILL_AREA_STYLE('',(#18509));
#18509 = FILL_AREA_STYLE_COLOUR('',#18256);
#18510 = STYLED_ITEM('color',(#18511),#5541);
#18511 = PRESENTATION_STYLE_ASSIGNMENT((#18512));
#18512 = SURFACE_STYLE_USAGE(.BOTH.,#18513);
#18513 = SURFACE_SIDE_STYLE('',(#18514));
#18514 = SURFACE_STYLE_FILL_AREA(#18515);
#18515 = FILL_AREA_STYLE('',(#18516));
#18516 = FILL_AREA_STYLE_COLOUR('',#18256);
#18517 = STYLED_ITEM('color',(#18518),#5566);
#18518 = PRESENTATION_STYLE_ASSIGNMENT((#18519));
#18519 = SURFACE_STYLE_USAGE(.BOTH.,#18520);
#18520 = SURFACE_SIDE_STYLE('',(#18521));
#18521 = SURFACE_STYLE_FILL_AREA(#18522);
#18522 = FILL_AREA_STYLE('',(#18523));
#18523 = FILL_AREA_STYLE_COLOUR('',#18256);
#18524 = STYLED_ITEM('color',(#18525),#5599);
#18525 = PRESENTATION_STYLE_ASSIGNMENT((#18526));
#18526 = SURFACE_STYLE_USAGE(.BOTH.,#18527);
#18527 = SURFACE_SIDE_STYLE('',(#18528));
#18528 = SURFACE_STYLE_FILL_AREA(#18529);
#18529 = FILL_AREA_STYLE('',(#18530));
#18530 = FILL_AREA_STYLE_COLOUR('',#18256);
#18531 = STYLED_ITEM('color',(#18532),#5639);
#18532 = PRESENTATION_STYLE_ASSIGNMENT((#18533));
#18533 = SURFACE_STYLE_USAGE(.BOTH.,#18534);
#18534 = SURFACE_SIDE_STYLE('',(#18535));
#18535 = SURFACE_STYLE_FILL_AREA(#18536);
#18536 = FILL_AREA_STYLE('',(#18537));
#18537 = FILL_AREA_STYLE_COLOUR('',#18256);
#18538 = STYLED_ITEM('color',(#18539),#5664);
#18539 = PRESENTATION_STYLE_ASSIGNMENT((#18540));
#18540 = SURFACE_STYLE_USAGE(.BOTH.,#18541);
#18541 = SURFACE_SIDE_STYLE('',(#18542));
#18542 = SURFACE_STYLE_FILL_AREA(#18543);
#18543 = FILL_AREA_STYLE('',(#18544));
#18544 = FILL_AREA_STYLE_COLOUR('',#18256);
#18545 = STYLED_ITEM('color',(#18546),#5697);
#18546 = PRESENTATION_STYLE_ASSIGNMENT((#18547));
#18547 = SURFACE_STYLE_USAGE(.BOTH.,#18548);
#18548 = SURFACE_SIDE_STYLE('',(#18549));
#18549 = SURFACE_STYLE_FILL_AREA(#18550);
#18550 = FILL_AREA_STYLE('',(#18551));
#18551 = FILL_AREA_STYLE_COLOUR('',#18256);
#18552 = STYLED_ITEM('color',(#18553),#5737);
#18553 = PRESENTATION_STYLE_ASSIGNMENT((#18554));
#18554 = SURFACE_STYLE_USAGE(.BOTH.,#18555);
#18555 = SURFACE_SIDE_STYLE('',(#18556));
#18556 = SURFACE_STYLE_FILL_AREA(#18557);
#18557 = FILL_AREA_STYLE('',(#18558));
#18558 = FILL_AREA_STYLE_COLOUR('',#18256);
#18559 = STYLED_ITEM('color',(#18560),#5762);
#18560 = PRESENTATION_STYLE_ASSIGNMENT((#18561));
#18561 = SURFACE_STYLE_USAGE(.BOTH.,#18562);
#18562 = SURFACE_SIDE_STYLE('',(#18563));
#18563 = SURFACE_STYLE_FILL_AREA(#18564);
#18564 = FILL_AREA_STYLE('',(#18565));
#18565 = FILL_AREA_STYLE_COLOUR('',#18256);
#18566 = STYLED_ITEM('color',(#18567),#5795);
#18567 = PRESENTATION_STYLE_ASSIGNMENT((#18568));
#18568 = SURFACE_STYLE_USAGE(.BOTH.,#18569);
#18569 = SURFACE_SIDE_STYLE('',(#18570));
#18570 = SURFACE_STYLE_FILL_AREA(#18571);
#18571 = FILL_AREA_STYLE('',(#18572));
#18572 = FILL_AREA_STYLE_COLOUR('',#18256);
#18573 = STYLED_ITEM('color',(#18574),#5835);
#18574 = PRESENTATION_STYLE_ASSIGNMENT((#18575));
#18575 = SURFACE_STYLE_USAGE(.BOTH.,#18576);
#18576 = SURFACE_SIDE_STYLE('',(#18577));
#18577 = SURFACE_STYLE_FILL_AREA(#18578);
#18578 = FILL_AREA_STYLE('',(#18579));
#18579 = FILL_AREA_STYLE_COLOUR('',#18256);
#18580 = STYLED_ITEM('color',(#18581),#5860);
#18581 = PRESENTATION_STYLE_ASSIGNMENT((#18582));
#18582 = SURFACE_STYLE_USAGE(.BOTH.,#18583);
#18583 = SURFACE_SIDE_STYLE('',(#18584));
#18584 = SURFACE_STYLE_FILL_AREA(#18585);
#18585 = FILL_AREA_STYLE('',(#18586));
#18586 = FILL_AREA_STYLE_COLOUR('',#18256);
#18587 = STYLED_ITEM('color',(#18588),#5893);
#18588 = PRESENTATION_STYLE_ASSIGNMENT((#18589));
#18589 = SURFACE_STYLE_USAGE(.BOTH.,#18590);
#18590 = SURFACE_SIDE_STYLE('',(#18591));
#18591 = SURFACE_STYLE_FILL_AREA(#18592);
#18592 = FILL_AREA_STYLE('',(#18593));
#18593 = FILL_AREA_STYLE_COLOUR('',#18256);
#18594 = STYLED_ITEM('color',(#18595),#5933);
#18595 = PRESENTATION_STYLE_ASSIGNMENT((#18596));
#18596 = SURFACE_STYLE_USAGE(.BOTH.,#18597);
#18597 = SURFACE_SIDE_STYLE('',(#18598));
#18598 = SURFACE_STYLE_FILL_AREA(#18599);
#18599 = FILL_AREA_STYLE('',(#18600));
#18600 = FILL_AREA_STYLE_COLOUR('',#18256);
#18601 = STYLED_ITEM('color',(#18602),#5958);
#18602 = PRESENTATION_STYLE_ASSIGNMENT((#18603));
#18603 = SURFACE_STYLE_USAGE(.BOTH.,#18604);
#18604 = SURFACE_SIDE_STYLE('',(#18605));
#18605 = SURFACE_STYLE_FILL_AREA(#18606);
#18606 = FILL_AREA_STYLE('',(#18607));
#18607 = FILL_AREA_STYLE_COLOUR('',#18256);
#18608 = STYLED_ITEM('color',(#18609),#5991);
#18609 = PRESENTATION_STYLE_ASSIGNMENT((#18610));
#18610 = SURFACE_STYLE_USAGE(.BOTH.,#18611);
#18611 = SURFACE_SIDE_STYLE('',(#18612));
#18612 = SURFACE_STYLE_FILL_AREA(#18613);
#18613 = FILL_AREA_STYLE('',(#18614));
#18614 = FILL_AREA_STYLE_COLOUR('',#18256);
#18615 = STYLED_ITEM('color',(#18616),#6031);
#18616 = PRESENTATION_STYLE_ASSIGNMENT((#18617));
#18617 = SURFACE_STYLE_USAGE(.BOTH.,#18618);
#18618 = SURFACE_SIDE_STYLE('',(#18619));
#18619 = SURFACE_STYLE_FILL_AREA(#18620);
#18620 = FILL_AREA_STYLE('',(#18621));
#18621 = FILL_AREA_STYLE_COLOUR('',#18256);
#18622 = STYLED_ITEM('color',(#18623),#6056);
#18623 = PRESENTATION_STYLE_ASSIGNMENT((#18624));
#18624 = SURFACE_STYLE_USAGE(.BOTH.,#18625);
#18625 = SURFACE_SIDE_STYLE('',(#18626));
#18626 = SURFACE_STYLE_FILL_AREA(#18627);
#18627 = FILL_AREA_STYLE('',(#18628));
#18628 = FILL_AREA_STYLE_COLOUR('',#18256);
#18629 = STYLED_ITEM('color',(#18630),#6089);
#18630 = PRESENTATION_STYLE_ASSIGNMENT((#18631));
#18631 = SURFACE_STYLE_USAGE(.BOTH.,#18632);
#18632 = SURFACE_SIDE_STYLE('',(#18633));
#18633 = SURFACE_STYLE_FILL_AREA(#18634);
#18634 = FILL_AREA_STYLE('',(#18635));
#18635 = FILL_AREA_STYLE_COLOUR('',#18256);
#18636 = STYLED_ITEM('color',(#18637),#6129);
#18637 = PRESENTATION_STYLE_ASSIGNMENT((#18638));
#18638 = SURFACE_STYLE_USAGE(.BOTH.,#18639);
#18639 = SURFACE_SIDE_STYLE('',(#18640));
#18640 = SURFACE_STYLE_FILL_AREA(#18641);
#18641 = FILL_AREA_STYLE('',(#18642));
#18642 = FILL_AREA_STYLE_COLOUR('',#18256);
#18643 = STYLED_ITEM('color',(#18644),#6154);
#18644 = PRESENTATION_STYLE_ASSIGNMENT((#18645));
#18645 = SURFACE_STYLE_USAGE(.BOTH.,#18646);
#18646 = SURFACE_SIDE_STYLE('',(#18647));
#18647 = SURFACE_STYLE_FILL_AREA(#18648);
#18648 = FILL_AREA_STYLE('',(#18649));
#18649 = FILL_AREA_STYLE_COLOUR('',#18256);
#18650 = STYLED_ITEM('color',(#18651),#6187);
#18651 = PRESENTATION_STYLE_ASSIGNMENT((#18652));
#18652 = SURFACE_STYLE_USAGE(.BOTH.,#18653);
#18653 = SURFACE_SIDE_STYLE('',(#18654));
#18654 = SURFACE_STYLE_FILL_AREA(#18655);
#18655 = FILL_AREA_STYLE('',(#18656));
#18656 = FILL_AREA_STYLE_COLOUR('',#18278);
#18657 = STYLED_ITEM('color',(#18658),#6395);
#18658 = PRESENTATION_STYLE_ASSIGNMENT((#18659));
#18659 = SURFACE_STYLE_USAGE(.BOTH.,#18660);
#18660 = SURFACE_SIDE_STYLE('',(#18661));
#18661 = SURFACE_STYLE_FILL_AREA(#18662);
#18662 = FILL_AREA_STYLE('',(#18663));
#18663 = FILL_AREA_STYLE_COLOUR('',#18256);
#18664 = STYLED_ITEM('color',(#18665),#6435);
#18665 = PRESENTATION_STYLE_ASSIGNMENT((#18666));
#18666 = SURFACE_STYLE_USAGE(.BOTH.,#18667);
#18667 = SURFACE_SIDE_STYLE('',(#18668));
#18668 = SURFACE_STYLE_FILL_AREA(#18669);
#18669 = FILL_AREA_STYLE('',(#18670));
#18670 = FILL_AREA_STYLE_COLOUR('',#18256);
#18671 = STYLED_ITEM('color',(#18672),#6460);
#18672 = PRESENTATION_STYLE_ASSIGNMENT((#18673));
#18673 = SURFACE_STYLE_USAGE(.BOTH.,#18674);
#18674 = SURFACE_SIDE_STYLE('',(#18675));
#18675 = SURFACE_STYLE_FILL_AREA(#18676);
#18676 = FILL_AREA_STYLE('',(#18677));
#18677 = FILL_AREA_STYLE_COLOUR('',#18256);
#18678 = STYLED_ITEM('color',(#18679),#6493);
#18679 = PRESENTATION_STYLE_ASSIGNMENT((#18680));
#18680 = SURFACE_STYLE_USAGE(.BOTH.,#18681);
#18681 = SURFACE_SIDE_STYLE('',(#18682));
#18682 = SURFACE_STYLE_FILL_AREA(#18683);
#18683 = FILL_AREA_STYLE('',(#18684));
#18684 = FILL_AREA_STYLE_COLOUR('',#18256);
#18685 = STYLED_ITEM('color',(#18686),#6533);
#18686 = PRESENTATION_STYLE_ASSIGNMENT((#18687));
#18687 = SURFACE_STYLE_USAGE(.BOTH.,#18688);
#18688 = SURFACE_SIDE_STYLE('',(#18689));
#18689 = SURFACE_STYLE_FILL_AREA(#18690);
#18690 = FILL_AREA_STYLE('',(#18691));
#18691 = FILL_AREA_STYLE_COLOUR('',#18256);
#18692 = STYLED_ITEM('color',(#18693),#6558);
#18693 = PRESENTATION_STYLE_ASSIGNMENT((#18694));
#18694 = SURFACE_STYLE_USAGE(.BOTH.,#18695);
#18695 = SURFACE_SIDE_STYLE('',(#18696));
#18696 = SURFACE_STYLE_FILL_AREA(#18697);
#18697 = FILL_AREA_STYLE('',(#18698));
#18698 = FILL_AREA_STYLE_COLOUR('',#18256);
#18699 = STYLED_ITEM('color',(#18700),#6591);
#18700 = PRESENTATION_STYLE_ASSIGNMENT((#18701));
#18701 = SURFACE_STYLE_USAGE(.BOTH.,#18702);
#18702 = SURFACE_SIDE_STYLE('',(#18703));
#18703 = SURFACE_STYLE_FILL_AREA(#18704);
#18704 = FILL_AREA_STYLE('',(#18705));
#18705 = FILL_AREA_STYLE_COLOUR('',#18256);
#18706 = STYLED_ITEM('color',(#18707),#6631);
#18707 = PRESENTATION_STYLE_ASSIGNMENT((#18708));
#18708 = SURFACE_STYLE_USAGE(.BOTH.,#18709);
#18709 = SURFACE_SIDE_STYLE('',(#18710));
#18710 = SURFACE_STYLE_FILL_AREA(#18711);
#18711 = FILL_AREA_STYLE('',(#18712));
#18712 = FILL_AREA_STYLE_COLOUR('',#18256);
#18713 = STYLED_ITEM('color',(#18714),#6656);
#18714 = PRESENTATION_STYLE_ASSIGNMENT((#18715));
#18715 = SURFACE_STYLE_USAGE(.BOTH.,#18716);
#18716 = SURFACE_SIDE_STYLE('',(#18717));
#18717 = SURFACE_STYLE_FILL_AREA(#18718);
#18718 = FILL_AREA_STYLE('',(#18719));
#18719 = FILL_AREA_STYLE_COLOUR('',#18256);
#18720 = STYLED_ITEM('color',(#18721),#6689);
#18721 = PRESENTATION_STYLE_ASSIGNMENT((#18722));
#18722 = SURFACE_STYLE_USAGE(.BOTH.,#18723);
#18723 = SURFACE_SIDE_STYLE('',(#18724));
#18724 = SURFACE_STYLE_FILL_AREA(#18725);
#18725 = FILL_AREA_STYLE('',(#18726));
#18726 = FILL_AREA_STYLE_COLOUR('',#18256);
#18727 = STYLED_ITEM('color',(#18728),#6729);
#18728 = PRESENTATION_STYLE_ASSIGNMENT((#18729));
#18729 = SURFACE_STYLE_USAGE(.BOTH.,#18730);
#18730 = SURFACE_SIDE_STYLE('',(#18731));
#18731 = SURFACE_STYLE_FILL_AREA(#18732);
#18732 = FILL_AREA_STYLE('',(#18733));
#18733 = FILL_AREA_STYLE_COLOUR('',#18256);
#18734 = STYLED_ITEM('color',(#18735),#6754);
#18735 = PRESENTATION_STYLE_ASSIGNMENT((#18736));
#18736 = SURFACE_STYLE_USAGE(.BOTH.,#18737);
#18737 = SURFACE_SIDE_STYLE('',(#18738));
#18738 = SURFACE_STYLE_FILL_AREA(#18739);
#18739 = FILL_AREA_STYLE('',(#18740));
#18740 = FILL_AREA_STYLE_COLOUR('',#18256);
#18741 = STYLED_ITEM('color',(#18742),#6787);
#18742 = PRESENTATION_STYLE_ASSIGNMENT((#18743));
#18743 = SURFACE_STYLE_USAGE(.BOTH.,#18744);
#18744 = SURFACE_SIDE_STYLE('',(#18745));
#18745 = SURFACE_STYLE_FILL_AREA(#18746);
#18746 = FILL_AREA_STYLE('',(#18747));
#18747 = FILL_AREA_STYLE_COLOUR('',#18256);
#18748 = STYLED_ITEM('color',(#18749),#6827);
#18749 = PRESENTATION_STYLE_ASSIGNMENT((#18750));
#18750 = SURFACE_STYLE_USAGE(.BOTH.,#18751);
#18751 = SURFACE_SIDE_STYLE('',(#18752));
#18752 = SURFACE_STYLE_FILL_AREA(#18753);
#18753 = FILL_AREA_STYLE('',(#18754));
#18754 = FILL_AREA_STYLE_COLOUR('',#18256);
#18755 = STYLED_ITEM('color',(#18756),#6852);
#18756 = PRESENTATION_STYLE_ASSIGNMENT((#18757));
#18757 = SURFACE_STYLE_USAGE(.BOTH.,#18758);
#18758 = SURFACE_SIDE_STYLE('',(#18759));
#18759 = SURFACE_STYLE_FILL_AREA(#18760);
#18760 = FILL_AREA_STYLE('',(#18761));
#18761 = FILL_AREA_STYLE_COLOUR('',#18256);
#18762 = STYLED_ITEM('color',(#18763),#6885);
#18763 = PRESENTATION_STYLE_ASSIGNMENT((#18764));
#18764 = SURFACE_STYLE_USAGE(.BOTH.,#18765);
#18765 = SURFACE_SIDE_STYLE('',(#18766));
#18766 = SURFACE_STYLE_FILL_AREA(#18767);
#18767 = FILL_AREA_STYLE('',(#18768));
#18768 = FILL_AREA_STYLE_COLOUR('',#18256);
#18769 = STYLED_ITEM('color',(#18770),#6925);
#18770 = PRESENTATION_STYLE_ASSIGNMENT((#18771));
#18771 = SURFACE_STYLE_USAGE(.BOTH.,#18772);
#18772 = SURFACE_SIDE_STYLE('',(#18773));
#18773 = SURFACE_STYLE_FILL_AREA(#18774);
#18774 = FILL_AREA_STYLE('',(#18775));
#18775 = FILL_AREA_STYLE_COLOUR('',#18256);
#18776 = STYLED_ITEM('color',(#18777),#6950);
#18777 = PRESENTATION_STYLE_ASSIGNMENT((#18778));
#18778 = SURFACE_STYLE_USAGE(.BOTH.,#18779);
#18779 = SURFACE_SIDE_STYLE('',(#18780));
#18780 = SURFACE_STYLE_FILL_AREA(#18781);
#18781 = FILL_AREA_STYLE('',(#18782));
#18782 = FILL_AREA_STYLE_COLOUR('',#18256);
#18783 = STYLED_ITEM('color',(#18784),#6983);
#18784 = PRESENTATION_STYLE_ASSIGNMENT((#18785));
#18785 = SURFACE_STYLE_USAGE(.BOTH.,#18786);
#18786 = SURFACE_SIDE_STYLE('',(#18787));
#18787 = SURFACE_STYLE_FILL_AREA(#18788);
#18788 = FILL_AREA_STYLE('',(#18789));
#18789 = FILL_AREA_STYLE_COLOUR('',#18256);
#18790 = STYLED_ITEM('color',(#18791),#7023);
#18791 = PRESENTATION_STYLE_ASSIGNMENT((#18792));
#18792 = SURFACE_STYLE_USAGE(.BOTH.,#18793);
#18793 = SURFACE_SIDE_STYLE('',(#18794));
#18794 = SURFACE_STYLE_FILL_AREA(#18795);
#18795 = FILL_AREA_STYLE('',(#18796));
#18796 = FILL_AREA_STYLE_COLOUR('',#18256);
#18797 = STYLED_ITEM('color',(#18798),#7048);
#18798 = PRESENTATION_STYLE_ASSIGNMENT((#18799));
#18799 = SURFACE_STYLE_USAGE(.BOTH.,#18800);
#18800 = SURFACE_SIDE_STYLE('',(#18801));
#18801 = SURFACE_STYLE_FILL_AREA(#18802);
#18802 = FILL_AREA_STYLE('',(#18803));
#18803 = FILL_AREA_STYLE_COLOUR('',#18256);
#18804 = STYLED_ITEM('color',(#18805),#7081);
#18805 = PRESENTATION_STYLE_ASSIGNMENT((#18806));
#18806 = SURFACE_STYLE_USAGE(.BOTH.,#18807);
#18807 = SURFACE_SIDE_STYLE('',(#18808));
#18808 = SURFACE_STYLE_FILL_AREA(#18809);
#18809 = FILL_AREA_STYLE('',(#18810));
#18810 = FILL_AREA_STYLE_COLOUR('',#18256);
#18811 = STYLED_ITEM('color',(#18812),#7121);
#18812 = PRESENTATION_STYLE_ASSIGNMENT((#18813));
#18813 = SURFACE_STYLE_USAGE(.BOTH.,#18814);
#18814 = SURFACE_SIDE_STYLE('',(#18815));
#18815 = SURFACE_STYLE_FILL_AREA(#18816);
#18816 = FILL_AREA_STYLE('',(#18817));
#18817 = FILL_AREA_STYLE_COLOUR('',#18256);
#18818 = STYLED_ITEM('color',(#18819),#7146);
#18819 = PRESENTATION_STYLE_ASSIGNMENT((#18820));
#18820 = SURFACE_STYLE_USAGE(.BOTH.,#18821);
#18821 = SURFACE_SIDE_STYLE('',(#18822));
#18822 = SURFACE_STYLE_FILL_AREA(#18823);
#18823 = FILL_AREA_STYLE('',(#18824));
#18824 = FILL_AREA_STYLE_COLOUR('',#18256);
#18825 = STYLED_ITEM('color',(#18826),#7179);
#18826 = PRESENTATION_STYLE_ASSIGNMENT((#18827));
#18827 = SURFACE_STYLE_USAGE(.BOTH.,#18828);
#18828 = SURFACE_SIDE_STYLE('',(#18829));
#18829 = SURFACE_STYLE_FILL_AREA(#18830);
#18830 = FILL_AREA_STYLE('',(#18831));
#18831 = FILL_AREA_STYLE_COLOUR('',#18278);
#18832 = STYLED_ITEM('color',(#18833),#7380);
#18833 = PRESENTATION_STYLE_ASSIGNMENT((#18834));
#18834 = SURFACE_STYLE_USAGE(.BOTH.,#18835);
#18835 = SURFACE_SIDE_STYLE('',(#18836));
#18836 = SURFACE_STYLE_FILL_AREA(#18837);
#18837 = FILL_AREA_STYLE('',(#18838));
#18838 = FILL_AREA_STYLE_COLOUR('',#18256);
#18839 = STYLED_ITEM('color',(#18840),#7420);
#18840 = PRESENTATION_STYLE_ASSIGNMENT((#18841));
#18841 = SURFACE_STYLE_USAGE(.BOTH.,#18842);
#18842 = SURFACE_SIDE_STYLE('',(#18843));
#18843 = SURFACE_STYLE_FILL_AREA(#18844);
#18844 = FILL_AREA_STYLE('',(#18845));
#18845 = FILL_AREA_STYLE_COLOUR('',#18256);
#18846 = STYLED_ITEM('color',(#18847),#7445);
#18847 = PRESENTATION_STYLE_ASSIGNMENT((#18848));
#18848 = SURFACE_STYLE_USAGE(.BOTH.,#18849);
#18849 = SURFACE_SIDE_STYLE('',(#18850));
#18850 = SURFACE_STYLE_FILL_AREA(#18851);
#18851 = FILL_AREA_STYLE('',(#18852));
#18852 = FILL_AREA_STYLE_COLOUR('',#18256);
#18853 = STYLED_ITEM('color',(#18854),#7478);
#18854 = PRESENTATION_STYLE_ASSIGNMENT((#18855));
#18855 = SURFACE_STYLE_USAGE(.BOTH.,#18856);
#18856 = SURFACE_SIDE_STYLE('',(#18857));
#18857 = SURFACE_STYLE_FILL_AREA(#18858);
#18858 = FILL_AREA_STYLE('',(#18859));
#18859 = FILL_AREA_STYLE_COLOUR('',#18256);
#18860 = STYLED_ITEM('color',(#18861),#7518);
#18861 = PRESENTATION_STYLE_ASSIGNMENT((#18862));
#18862 = SURFACE_STYLE_USAGE(.BOTH.,#18863);
#18863 = SURFACE_SIDE_STYLE('',(#18864));
#18864 = SURFACE_STYLE_FILL_AREA(#18865);
#18865 = FILL_AREA_STYLE('',(#18866));
#18866 = FILL_AREA_STYLE_COLOUR('',#18256);
#18867 = STYLED_ITEM('color',(#18868),#7543);
#18868 = PRESENTATION_STYLE_ASSIGNMENT((#18869));
#18869 = SURFACE_STYLE_USAGE(.BOTH.,#18870);
#18870 = SURFACE_SIDE_STYLE('',(#18871));
#18871 = SURFACE_STYLE_FILL_AREA(#18872);
#18872 = FILL_AREA_STYLE('',(#18873));
#18873 = FILL_AREA_STYLE_COLOUR('',#18256);
#18874 = STYLED_ITEM('color',(#18875),#7576);
#18875 = PRESENTATION_STYLE_ASSIGNMENT((#18876));
#18876 = SURFACE_STYLE_USAGE(.BOTH.,#18877);
#18877 = SURFACE_SIDE_STYLE('',(#18878));
#18878 = SURFACE_STYLE_FILL_AREA(#18879);
#18879 = FILL_AREA_STYLE('',(#18880));
#18880 = FILL_AREA_STYLE_COLOUR('',#18256);
#18881 = STYLED_ITEM('color',(#18882),#7616);
#18882 = PRESENTATION_STYLE_ASSIGNMENT((#18883));
#18883 = SURFACE_STYLE_USAGE(.BOTH.,#18884);
#18884 = SURFACE_SIDE_STYLE('',(#18885));
#18885 = SURFACE_STYLE_FILL_AREA(#18886);
#18886 = FILL_AREA_STYLE('',(#18887));
#18887 = FILL_AREA_STYLE_COLOUR('',#18256);
#18888 = STYLED_ITEM('color',(#18889),#7641);
#18889 = PRESENTATION_STYLE_ASSIGNMENT((#18890));
#18890 = SURFACE_STYLE_USAGE(.BOTH.,#18891);
#18891 = SURFACE_SIDE_STYLE('',(#18892));
#18892 = SURFACE_STYLE_FILL_AREA(#18893);
#18893 = FILL_AREA_STYLE('',(#18894));
#18894 = FILL_AREA_STYLE_COLOUR('',#18256);
#18895 = STYLED_ITEM('color',(#18896),#7674);
#18896 = PRESENTATION_STYLE_ASSIGNMENT((#18897));
#18897 = SURFACE_STYLE_USAGE(.BOTH.,#18898);
#18898 = SURFACE_SIDE_STYLE('',(#18899));
#18899 = SURFACE_STYLE_FILL_AREA(#18900);
#18900 = FILL_AREA_STYLE('',(#18901));
#18901 = FILL_AREA_STYLE_COLOUR('',#18256);
#18902 = STYLED_ITEM('color',(#18903),#7714);
#18903 = PRESENTATION_STYLE_ASSIGNMENT((#18904));
#18904 = SURFACE_STYLE_USAGE(.BOTH.,#18905);
#18905 = SURFACE_SIDE_STYLE('',(#18906));
#18906 = SURFACE_STYLE_FILL_AREA(#18907);
#18907 = FILL_AREA_STYLE('',(#18908));
#18908 = FILL_AREA_STYLE_COLOUR('',#18256);
#18909 = STYLED_ITEM('color',(#18910),#7739);
#18910 = PRESENTATION_STYLE_ASSIGNMENT((#18911));
#18911 = SURFACE_STYLE_USAGE(.BOTH.,#18912);
#18912 = SURFACE_SIDE_STYLE('',(#18913));
#18913 = SURFACE_STYLE_FILL_AREA(#18914);
#18914 = FILL_AREA_STYLE('',(#18915));
#18915 = FILL_AREA_STYLE_COLOUR('',#18256);
#18916 = STYLED_ITEM('color',(#18917),#7772);
#18917 = PRESENTATION_STYLE_ASSIGNMENT((#18918));
#18918 = SURFACE_STYLE_USAGE(.BOTH.,#18919);
#18919 = SURFACE_SIDE_STYLE('',(#18920));
#18920 = SURFACE_STYLE_FILL_AREA(#18921);
#18921 = FILL_AREA_STYLE('',(#18922));
#18922 = FILL_AREA_STYLE_COLOUR('',#18256);
#18923 = STYLED_ITEM('color',(#18924),#7812);
#18924 = PRESENTATION_STYLE_ASSIGNMENT((#18925));
#18925 = SURFACE_STYLE_USAGE(.BOTH.,#18926);
#18926 = SURFACE_SIDE_STYLE('',(#18927));
#18927 = SURFACE_STYLE_FILL_AREA(#18928);
#18928 = FILL_AREA_STYLE('',(#18929));
#18929 = FILL_AREA_STYLE_COLOUR('',#18256);
#18930 = STYLED_ITEM('color',(#18931),#7837);
#18931 = PRESENTATION_STYLE_ASSIGNMENT((#18932));
#18932 = SURFACE_STYLE_USAGE(.BOTH.,#18933);
#18933 = SURFACE_SIDE_STYLE('',(#18934));
#18934 = SURFACE_STYLE_FILL_AREA(#18935);
#18935 = FILL_AREA_STYLE('',(#18936));
#18936 = FILL_AREA_STYLE_COLOUR('',#18256);
#18937 = STYLED_ITEM('color',(#18938),#7870);
#18938 = PRESENTATION_STYLE_ASSIGNMENT((#18939));
#18939 = SURFACE_STYLE_USAGE(.BOTH.,#18940);
#18940 = SURFACE_SIDE_STYLE('',(#18941));
#18941 = SURFACE_STYLE_FILL_AREA(#18942);
#18942 = FILL_AREA_STYLE('',(#18943));
#18943 = FILL_AREA_STYLE_COLOUR('',#18256);
#18944 = STYLED_ITEM('color',(#18945),#7910);
#18945 = PRESENTATION_STYLE_ASSIGNMENT((#18946));
#18946 = SURFACE_STYLE_USAGE(.BOTH.,#18947);
#18947 = SURFACE_SIDE_STYLE('',(#18948));
#18948 = SURFACE_STYLE_FILL_AREA(#18949);
#18949 = FILL_AREA_STYLE('',(#18950));
#18950 = FILL_AREA_STYLE_COLOUR('',#18256);
#18951 = STYLED_ITEM('color',(#18952),#7935);
#18952 = PRESENTATION_STYLE_ASSIGNMENT((#18953));
#18953 = SURFACE_STYLE_USAGE(.BOTH.,#18954);
#18954 = SURFACE_SIDE_STYLE('',(#18955));
#18955 = SURFACE_STYLE_FILL_AREA(#18956);
#18956 = FILL_AREA_STYLE('',(#18957));
#18957 = FILL_AREA_STYLE_COLOUR('',#18256);
#18958 = STYLED_ITEM('color',(#18959),#7968);
#18959 = PRESENTATION_STYLE_ASSIGNMENT((#18960));
#18960 = SURFACE_STYLE_USAGE(.BOTH.,#18961);
#18961 = SURFACE_SIDE_STYLE('',(#18962));
#18962 = SURFACE_STYLE_FILL_AREA(#18963);
#18963 = FILL_AREA_STYLE('',(#18964));
#18964 = FILL_AREA_STYLE_COLOUR('',#18256);
#18965 = STYLED_ITEM('color',(#18966),#8008);
#18966 = PRESENTATION_STYLE_ASSIGNMENT((#18967));
#18967 = SURFACE_STYLE_USAGE(.BOTH.,#18968);
#18968 = SURFACE_SIDE_STYLE('',(#18969));
#18969 = SURFACE_STYLE_FILL_AREA(#18970);
#18970 = FILL_AREA_STYLE('',(#18971));
#18971 = FILL_AREA_STYLE_COLOUR('',#18256);
#18972 = STYLED_ITEM('color',(#18973),#8033);
#18973 = PRESENTATION_STYLE_ASSIGNMENT((#18974));
#18974 = SURFACE_STYLE_USAGE(.BOTH.,#18975);
#18975 = SURFACE_SIDE_STYLE('',(#18976));
#18976 = SURFACE_STYLE_FILL_AREA(#18977);
#18977 = FILL_AREA_STYLE('',(#18978));
#18978 = FILL_AREA_STYLE_COLOUR('',#18256);
#18979 = STYLED_ITEM('color',(#18980),#8066);
#18980 = PRESENTATION_STYLE_ASSIGNMENT((#18981));
#18981 = SURFACE_STYLE_USAGE(.BOTH.,#18982);
#18982 = SURFACE_SIDE_STYLE('',(#18983));
#18983 = SURFACE_STYLE_FILL_AREA(#18984);
#18984 = FILL_AREA_STYLE('',(#18985));
#18985 = FILL_AREA_STYLE_COLOUR('',#18256);
#18986 = STYLED_ITEM('color',(#18987),#8106);
#18987 = PRESENTATION_STYLE_ASSIGNMENT((#18988));
#18988 = SURFACE_STYLE_USAGE(.BOTH.,#18989);
#18989 = SURFACE_SIDE_STYLE('',(#18990));
#18990 = SURFACE_STYLE_FILL_AREA(#18991);
#18991 = FILL_AREA_STYLE('',(#18992));
#18992 = FILL_AREA_STYLE_COLOUR('',#18256);
#18993 = STYLED_ITEM('color',(#18994),#8131);
#18994 = PRESENTATION_STYLE_ASSIGNMENT((#18995));
#18995 = SURFACE_STYLE_USAGE(.BOTH.,#18996);
#18996 = SURFACE_SIDE_STYLE('',(#18997));
#18997 = SURFACE_STYLE_FILL_AREA(#18998);
#18998 = FILL_AREA_STYLE('',(#18999));
#18999 = FILL_AREA_STYLE_COLOUR('',#18256);
#19000 = STYLED_ITEM('color',(#19001),#8164);
#19001 = PRESENTATION_STYLE_ASSIGNMENT((#19002));
#19002 = SURFACE_STYLE_USAGE(.BOTH.,#19003);
#19003 = SURFACE_SIDE_STYLE('',(#19004));
#19004 = SURFACE_STYLE_FILL_AREA(#19005);
#19005 = FILL_AREA_STYLE('',(#19006));
#19006 = FILL_AREA_STYLE_COLOUR('',#18278);
#19007 = STYLED_ITEM('color',(#19008),#8187);
#19008 = PRESENTATION_STYLE_ASSIGNMENT((#19009));
#19009 = SURFACE_STYLE_USAGE(.BOTH.,#19010);
#19010 = SURFACE_SIDE_STYLE('',(#19011));
#19011 = SURFACE_STYLE_FILL_AREA(#19012);
#19012 = FILL_AREA_STYLE('',(#19013));
#19013 = FILL_AREA_STYLE_COLOUR('',#18256);
#19014 = STYLED_ITEM('color',(#19015),#8204);
#19015 = PRESENTATION_STYLE_ASSIGNMENT((#19016));
#19016 = SURFACE_STYLE_USAGE(.BOTH.,#19017);
#19017 = SURFACE_SIDE_STYLE('',(#19018));
#19018 = SURFACE_STYLE_FILL_AREA(#19019);
#19019 = FILL_AREA_STYLE('',(#19020));
#19020 = FILL_AREA_STYLE_COLOUR('',#18256);
#19021 = STYLED_ITEM('color',(#19022),#8221);
#19022 = PRESENTATION_STYLE_ASSIGNMENT((#19023));
#19023 = SURFACE_STYLE_USAGE(.BOTH.,#19024);
#19024 = SURFACE_SIDE_STYLE('',(#19025));
#19025 = SURFACE_STYLE_FILL_AREA(#19026);
#19026 = FILL_AREA_STYLE('',(#19027));
#19027 = FILL_AREA_STYLE_COLOUR('',#18256);
#19028 = STYLED_ITEM('color',(#19029),#8238);
#19029 = PRESENTATION_STYLE_ASSIGNMENT((#19030));
#19030 = SURFACE_STYLE_USAGE(.BOTH.,#19031);
#19031 = SURFACE_SIDE_STYLE('',(#19032));
#19032 = SURFACE_STYLE_FILL_AREA(#19033);
#19033 = FILL_AREA_STYLE('',(#19034));
#19034 = FILL_AREA_STYLE_COLOUR('',#18256);
#19035 = STYLED_ITEM('color',(#19036),#8255);
#19036 = PRESENTATION_STYLE_ASSIGNMENT((#19037));
#19037 = SURFACE_STYLE_USAGE(.BOTH.,#19038);
#19038 = SURFACE_SIDE_STYLE('',(#19039));
#19039 = SURFACE_STYLE_FILL_AREA(#19040);
#19040 = FILL_AREA_STYLE('',(#19041));
#19041 = FILL_AREA_STYLE_COLOUR('',#18256);
#19042 = STYLED_ITEM('color',(#19043),#8272);
#19043 = PRESENTATION_STYLE_ASSIGNMENT((#19044));
#19044 = SURFACE_STYLE_USAGE(.BOTH.,#19045);
#19045 = SURFACE_SIDE_STYLE('',(#19046));
#19046 = SURFACE_STYLE_FILL_AREA(#19047);
#19047 = FILL_AREA_STYLE('',(#19048));
#19048 = FILL_AREA_STYLE_COLOUR('',#18256);
#19049 = STYLED_ITEM('color',(#19050),#8289);
#19050 = PRESENTATION_STYLE_ASSIGNMENT((#19051));
#19051 = SURFACE_STYLE_USAGE(.BOTH.,#19052);
#19052 = SURFACE_SIDE_STYLE('',(#19053));
#19053 = SURFACE_STYLE_FILL_AREA(#19054);
#19054 = FILL_AREA_STYLE('',(#19055));
#19055 = FILL_AREA_STYLE_COLOUR('',#18256);
#19056 = STYLED_ITEM('color',(#19057),#8306);
#19057 = PRESENTATION_STYLE_ASSIGNMENT((#19058));
#19058 = SURFACE_STYLE_USAGE(.BOTH.,#19059);
#19059 = SURFACE_SIDE_STYLE('',(#19060));
#19060 = SURFACE_STYLE_FILL_AREA(#19061);
#19061 = FILL_AREA_STYLE('',(#19062));
#19062 = FILL_AREA_STYLE_COLOUR('',#18256);
#19063 = STYLED_ITEM('color',(#19064),#8323);
#19064 = PRESENTATION_STYLE_ASSIGNMENT((#19065));
#19065 = SURFACE_STYLE_USAGE(.BOTH.,#19066);
#19066 = SURFACE_SIDE_STYLE('',(#19067));
#19067 = SURFACE_STYLE_FILL_AREA(#19068);
#19068 = FILL_AREA_STYLE('',(#19069));
#19069 = FILL_AREA_STYLE_COLOUR('',#18256);
#19070 = STYLED_ITEM('color',(#19071),#8340);
#19071 = PRESENTATION_STYLE_ASSIGNMENT((#19072));
#19072 = SURFACE_STYLE_USAGE(.BOTH.,#19073);
#19073 = SURFACE_SIDE_STYLE('',(#19074));
#19074 = SURFACE_STYLE_FILL_AREA(#19075);
#19075 = FILL_AREA_STYLE('',(#19076));
#19076 = FILL_AREA_STYLE_COLOUR('',#18256);
#19077 = STYLED_ITEM('color',(#19078),#8352);
#19078 = PRESENTATION_STYLE_ASSIGNMENT((#19079));
#19079 = SURFACE_STYLE_USAGE(.BOTH.,#19080);
#19080 = SURFACE_SIDE_STYLE('',(#19081));
#19081 = SURFACE_STYLE_FILL_AREA(#19082);
#19082 = FILL_AREA_STYLE('',(#19083));
#19083 = FILL_AREA_STYLE_COLOUR('',#18256);
#19084 = STYLED_ITEM('color',(#19085),#8369);
#19085 = PRESENTATION_STYLE_ASSIGNMENT((#19086));
#19086 = SURFACE_STYLE_USAGE(.BOTH.,#19087);
#19087 = SURFACE_SIDE_STYLE('',(#19088));
#19088 = SURFACE_STYLE_FILL_AREA(#19089);
#19089 = FILL_AREA_STYLE('',(#19090));
#19090 = FILL_AREA_STYLE_COLOUR('',#18256);
#19091 = STYLED_ITEM('color',(#19092),#8381);
#19092 = PRESENTATION_STYLE_ASSIGNMENT((#19093));
#19093 = SURFACE_STYLE_USAGE(.BOTH.,#19094);
#19094 = SURFACE_SIDE_STYLE('',(#19095));
#19095 = SURFACE_STYLE_FILL_AREA(#19096);
#19096 = FILL_AREA_STYLE('',(#19097));
#19097 = FILL_AREA_STYLE_COLOUR('',#18256);
#19098 = STYLED_ITEM('color',(#19099),#8398);
#19099 = PRESENTATION_STYLE_ASSIGNMENT((#19100));
#19100 = SURFACE_STYLE_USAGE(.BOTH.,#19101);
#19101 = SURFACE_SIDE_STYLE('',(#19102));
#19102 = SURFACE_STYLE_FILL_AREA(#19103);
#19103 = FILL_AREA_STYLE('',(#19104));
#19104 = FILL_AREA_STYLE_COLOUR('',#18256);
#19105 = STYLED_ITEM('color',(#19106),#8410);
#19106 = PRESENTATION_STYLE_ASSIGNMENT((#19107));
#19107 = SURFACE_STYLE_USAGE(.BOTH.,#19108);
#19108 = SURFACE_SIDE_STYLE('',(#19109));
#19109 = SURFACE_STYLE_FILL_AREA(#19110);
#19110 = FILL_AREA_STYLE('',(#19111));
#19111 = FILL_AREA_STYLE_COLOUR('',#18256);
#19112 = STYLED_ITEM('color',(#19113),#8427);
#19113 = PRESENTATION_STYLE_ASSIGNMENT((#19114));
#19114 = SURFACE_STYLE_USAGE(.BOTH.,#19115);
#19115 = SURFACE_SIDE_STYLE('',(#19116));
#19116 = SURFACE_STYLE_FILL_AREA(#19117);
#19117 = FILL_AREA_STYLE('',(#19118));
#19118 = FILL_AREA_STYLE_COLOUR('',#18256);
#19119 = STYLED_ITEM('color',(#19120),#8439);
#19120 = PRESENTATION_STYLE_ASSIGNMENT((#19121));
#19121 = SURFACE_STYLE_USAGE(.BOTH.,#19122);
#19122 = SURFACE_SIDE_STYLE('',(#19123));
#19123 = SURFACE_STYLE_FILL_AREA(#19124);
#19124 = FILL_AREA_STYLE('',(#19125));
#19125 = FILL_AREA_STYLE_COLOUR('',#18256);
#19126 = STYLED_ITEM('color',(#19127),#8456);
#19127 = PRESENTATION_STYLE_ASSIGNMENT((#19128));
#19128 = SURFACE_STYLE_USAGE(.BOTH.,#19129);
#19129 = SURFACE_SIDE_STYLE('',(#19130));
#19130 = SURFACE_STYLE_FILL_AREA(#19131);
#19131 = FILL_AREA_STYLE('',(#19132));
#19132 = FILL_AREA_STYLE_COLOUR('',#18256);
#19133 = STYLED_ITEM('color',(#19134),#8468);
#19134 = PRESENTATION_STYLE_ASSIGNMENT((#19135));
#19135 = SURFACE_STYLE_USAGE(.BOTH.,#19136);
#19136 = SURFACE_SIDE_STYLE('',(#19137));
#19137 = SURFACE_STYLE_FILL_AREA(#19138);
#19138 = FILL_AREA_STYLE('',(#19139));
#19139 = FILL_AREA_STYLE_COLOUR('',#18256);
#19140 = STYLED_ITEM('color',(#19141),#8485);
#19141 = PRESENTATION_STYLE_ASSIGNMENT((#19142));
#19142 = SURFACE_STYLE_USAGE(.BOTH.,#19143);
#19143 = SURFACE_SIDE_STYLE('',(#19144));
#19144 = SURFACE_STYLE_FILL_AREA(#19145);
#19145 = FILL_AREA_STYLE('',(#19146));
#19146 = FILL_AREA_STYLE_COLOUR('',#18256);
#19147 = STYLED_ITEM('color',(#19148),#8497);
#19148 = PRESENTATION_STYLE_ASSIGNMENT((#19149));
#19149 = SURFACE_STYLE_USAGE(.BOTH.,#19150);
#19150 = SURFACE_SIDE_STYLE('',(#19151));
#19151 = SURFACE_STYLE_FILL_AREA(#19152);
#19152 = FILL_AREA_STYLE('',(#19153));
#19153 = FILL_AREA_STYLE_COLOUR('',#18256);
#19154 = STYLED_ITEM('color',(#19155),#8514);
#19155 = PRESENTATION_STYLE_ASSIGNMENT((#19156));
#19156 = SURFACE_STYLE_USAGE(.BOTH.,#19157);
#19157 = SURFACE_SIDE_STYLE('',(#19158));
#19158 = SURFACE_STYLE_FILL_AREA(#19159);
#19159 = FILL_AREA_STYLE('',(#19160));
#19160 = FILL_AREA_STYLE_COLOUR('',#18256);
#19161 = STYLED_ITEM('color',(#19162),#8526);
#19162 = PRESENTATION_STYLE_ASSIGNMENT((#19163));
#19163 = SURFACE_STYLE_USAGE(.BOTH.,#19164);
#19164 = SURFACE_SIDE_STYLE('',(#19165));
#19165 = SURFACE_STYLE_FILL_AREA(#19166);
#19166 = FILL_AREA_STYLE('',(#19167));
#19167 = FILL_AREA_STYLE_COLOUR('',#18256);
#19168 = STYLED_ITEM('color',(#19169),#8543);
#19169 = PRESENTATION_STYLE_ASSIGNMENT((#19170));
#19170 = SURFACE_STYLE_USAGE(.BOTH.,#19171);
#19171 = SURFACE_SIDE_STYLE('',(#19172));
#19172 = SURFACE_STYLE_FILL_AREA(#19173);
#19173 = FILL_AREA_STYLE('',(#19174));
#19174 = FILL_AREA_STYLE_COLOUR('',#18256);
#19175 = STYLED_ITEM('color',(#19176),#8555);
#19176 = PRESENTATION_STYLE_ASSIGNMENT((#19177));
#19177 = SURFACE_STYLE_USAGE(.BOTH.,#19178);
#19178 = SURFACE_SIDE_STYLE('',(#19179));
#19179 = SURFACE_STYLE_FILL_AREA(#19180);
#19180 = FILL_AREA_STYLE('',(#19181));
#19181 = FILL_AREA_STYLE_COLOUR('',#18256);
#19182 = STYLED_ITEM('color',(#19183),#8572);
#19183 = PRESENTATION_STYLE_ASSIGNMENT((#19184));
#19184 = SURFACE_STYLE_USAGE(.BOTH.,#19185);
#19185 = SURFACE_SIDE_STYLE('',(#19186));
#19186 = SURFACE_STYLE_FILL_AREA(#19187);
#19187 = FILL_AREA_STYLE('',(#19188));
#19188 = FILL_AREA_STYLE_COLOUR('',#18256);
#19189 = STYLED_ITEM('color',(#19190),#8589);
#19190 = PRESENTATION_STYLE_ASSIGNMENT((#19191));
#19191 = SURFACE_STYLE_USAGE(.BOTH.,#19192);
#19192 = SURFACE_SIDE_STYLE('',(#19193));
#19193 = SURFACE_STYLE_FILL_AREA(#19194);
#19194 = FILL_AREA_STYLE('',(#19195));
#19195 = FILL_AREA_STYLE_COLOUR('',#18256);
#19196 = STYLED_ITEM('color',(#19197),#8606);
#19197 = PRESENTATION_STYLE_ASSIGNMENT((#19198));
#19198 = SURFACE_STYLE_USAGE(.BOTH.,#19199);
#19199 = SURFACE_SIDE_STYLE('',(#19200));
#19200 = SURFACE_STYLE_FILL_AREA(#19201);
#19201 = FILL_AREA_STYLE('',(#19202));
#19202 = FILL_AREA_STYLE_COLOUR('',#18256);
#19203 = STYLED_ITEM('color',(#19204),#8623);
#19204 = PRESENTATION_STYLE_ASSIGNMENT((#19205));
#19205 = SURFACE_STYLE_USAGE(.BOTH.,#19206);
#19206 = SURFACE_SIDE_STYLE('',(#19207));
#19207 = SURFACE_STYLE_FILL_AREA(#19208);
#19208 = FILL_AREA_STYLE('',(#19209));
#19209 = FILL_AREA_STYLE_COLOUR('',#18256);
#19210 = STYLED_ITEM('color',(#19211),#8640);
#19211 = PRESENTATION_STYLE_ASSIGNMENT((#19212));
#19212 = SURFACE_STYLE_USAGE(.BOTH.,#19213);
#19213 = SURFACE_SIDE_STYLE('',(#19214));
#19214 = SURFACE_STYLE_FILL_AREA(#19215);
#19215 = FILL_AREA_STYLE('',(#19216));
#19216 = FILL_AREA_STYLE_COLOUR('',#18256);
#19217 = STYLED_ITEM('color',(#19218),#8657);
#19218 = PRESENTATION_STYLE_ASSIGNMENT((#19219));
#19219 = SURFACE_STYLE_USAGE(.BOTH.,#19220);
#19220 = SURFACE_SIDE_STYLE('',(#19221));
#19221 = SURFACE_STYLE_FILL_AREA(#19222);
#19222 = FILL_AREA_STYLE('',(#19223));
#19223 = FILL_AREA_STYLE_COLOUR('',#18256);
#19224 = STYLED_ITEM('color',(#19225),#8674);
#19225 = PRESENTATION_STYLE_ASSIGNMENT((#19226));
#19226 = SURFACE_STYLE_USAGE(.BOTH.,#19227);
#19227 = SURFACE_SIDE_STYLE('',(#19228));
#19228 = SURFACE_STYLE_FILL_AREA(#19229);
#19229 = FILL_AREA_STYLE('',(#19230));
#19230 = FILL_AREA_STYLE_COLOUR('',#18256);
#19231 = STYLED_ITEM('color',(#19232),#8691);
#19232 = PRESENTATION_STYLE_ASSIGNMENT((#19233));
#19233 = SURFACE_STYLE_USAGE(.BOTH.,#19234);
#19234 = SURFACE_SIDE_STYLE('',(#19235));
#19235 = SURFACE_STYLE_FILL_AREA(#19236);
#19236 = FILL_AREA_STYLE('',(#19237));
#19237 = FILL_AREA_STYLE_COLOUR('',#18256);
#19238 = STYLED_ITEM('color',(#19239),#8708);
#19239 = PRESENTATION_STYLE_ASSIGNMENT((#19240));
#19240 = SURFACE_STYLE_USAGE(.BOTH.,#19241);
#19241 = SURFACE_SIDE_STYLE('',(#19242));
#19242 = SURFACE_STYLE_FILL_AREA(#19243);
#19243 = FILL_AREA_STYLE('',(#19244));
#19244 = FILL_AREA_STYLE_COLOUR('',#18256);
#19245 = STYLED_ITEM('color',(#19246),#8720);
#19246 = PRESENTATION_STYLE_ASSIGNMENT((#19247));
#19247 = SURFACE_STYLE_USAGE(.BOTH.,#19248);
#19248 = SURFACE_SIDE_STYLE('',(#19249));
#19249 = SURFACE_STYLE_FILL_AREA(#19250);
#19250 = FILL_AREA_STYLE('',(#19251));
#19251 = FILL_AREA_STYLE_COLOUR('',#18256);
#19252 = STYLED_ITEM('color',(#19253),#8737);
#19253 = PRESENTATION_STYLE_ASSIGNMENT((#19254));
#19254 = SURFACE_STYLE_USAGE(.BOTH.,#19255);
#19255 = SURFACE_SIDE_STYLE('',(#19256));
#19256 = SURFACE_STYLE_FILL_AREA(#19257);
#19257 = FILL_AREA_STYLE('',(#19258));
#19258 = FILL_AREA_STYLE_COLOUR('',#18256);
#19259 = STYLED_ITEM('color',(#19260),#8749);
#19260 = PRESENTATION_STYLE_ASSIGNMENT((#19261));
#19261 = SURFACE_STYLE_USAGE(.BOTH.,#19262);
#19262 = SURFACE_SIDE_STYLE('',(#19263));
#19263 = SURFACE_STYLE_FILL_AREA(#19264);
#19264 = FILL_AREA_STYLE('',(#19265));
#19265 = FILL_AREA_STYLE_COLOUR('',#18256);
#19266 = STYLED_ITEM('color',(#19267),#8766);
#19267 = PRESENTATION_STYLE_ASSIGNMENT((#19268));
#19268 = SURFACE_STYLE_USAGE(.BOTH.,#19269);
#19269 = SURFACE_SIDE_STYLE('',(#19270));
#19270 = SURFACE_STYLE_FILL_AREA(#19271);
#19271 = FILL_AREA_STYLE('',(#19272));
#19272 = FILL_AREA_STYLE_COLOUR('',#18256);
#19273 = STYLED_ITEM('color',(#19274),#8778);
#19274 = PRESENTATION_STYLE_ASSIGNMENT((#19275));
#19275 = SURFACE_STYLE_USAGE(.BOTH.,#19276);
#19276 = SURFACE_SIDE_STYLE('',(#19277));
#19277 = SURFACE_STYLE_FILL_AREA(#19278);
#19278 = FILL_AREA_STYLE('',(#19279));
#19279 = FILL_AREA_STYLE_COLOUR('',#18256);
#19280 = STYLED_ITEM('color',(#19281),#8795);
#19281 = PRESENTATION_STYLE_ASSIGNMENT((#19282));
#19282 = SURFACE_STYLE_USAGE(.BOTH.,#19283);
#19283 = SURFACE_SIDE_STYLE('',(#19284));
#19284 = SURFACE_STYLE_FILL_AREA(#19285);
#19285 = FILL_AREA_STYLE('',(#19286));
#19286 = FILL_AREA_STYLE_COLOUR('',#18256);
#19287 = STYLED_ITEM('color',(#19288),#8807);
#19288 = PRESENTATION_STYLE_ASSIGNMENT((#19289));
#19289 = SURFACE_STYLE_USAGE(.BOTH.,#19290);
#19290 = SURFACE_SIDE_STYLE('',(#19291));
#19291 = SURFACE_STYLE_FILL_AREA(#19292);
#19292 = FILL_AREA_STYLE('',(#19293));
#19293 = FILL_AREA_STYLE_COLOUR('',#18256);
#19294 = STYLED_ITEM('color',(#19295),#8824);
#19295 = PRESENTATION_STYLE_ASSIGNMENT((#19296));
#19296 = SURFACE_STYLE_USAGE(.BOTH.,#19297);
#19297 = SURFACE_SIDE_STYLE('',(#19298));
#19298 = SURFACE_STYLE_FILL_AREA(#19299);
#19299 = FILL_AREA_STYLE('',(#19300));
#19300 = FILL_AREA_STYLE_COLOUR('',#18256);
#19301 = STYLED_ITEM('color',(#19302),#8836);
#19302 = PRESENTATION_STYLE_ASSIGNMENT((#19303));
#19303 = SURFACE_STYLE_USAGE(.BOTH.,#19304);
#19304 = SURFACE_SIDE_STYLE('',(#19305));
#19305 = SURFACE_STYLE_FILL_AREA(#19306);
#19306 = FILL_AREA_STYLE('',(#19307));
#19307 = FILL_AREA_STYLE_COLOUR('',#18256);
#19308 = STYLED_ITEM('color',(#19309),#8853);
#19309 = PRESENTATION_STYLE_ASSIGNMENT((#19310));
#19310 = SURFACE_STYLE_USAGE(.BOTH.,#19311);
#19311 = SURFACE_SIDE_STYLE('',(#19312));
#19312 = SURFACE_STYLE_FILL_AREA(#19313);
#19313 = FILL_AREA_STYLE('',(#19314));
#19314 = FILL_AREA_STYLE_COLOUR('',#18256);
#19315 = STYLED_ITEM('color',(#19316),#8865);
#19316 = PRESENTATION_STYLE_ASSIGNMENT((#19317));
#19317 = SURFACE_STYLE_USAGE(.BOTH.,#19318);
#19318 = SURFACE_SIDE_STYLE('',(#19319));
#19319 = SURFACE_STYLE_FILL_AREA(#19320);
#19320 = FILL_AREA_STYLE('',(#19321));
#19321 = FILL_AREA_STYLE_COLOUR('',#18256);
#19322 = STYLED_ITEM('color',(#19323),#8882);
#19323 = PRESENTATION_STYLE_ASSIGNMENT((#19324));
#19324 = SURFACE_STYLE_USAGE(.BOTH.,#19325);
#19325 = SURFACE_SIDE_STYLE('',(#19326));
#19326 = SURFACE_STYLE_FILL_AREA(#19327);
#19327 = FILL_AREA_STYLE('',(#19328));
#19328 = FILL_AREA_STYLE_COLOUR('',#18256);
#19329 = STYLED_ITEM('color',(#19330),#8894);
#19330 = PRESENTATION_STYLE_ASSIGNMENT((#19331));
#19331 = SURFACE_STYLE_USAGE(.BOTH.,#19332);
#19332 = SURFACE_SIDE_STYLE('',(#19333));
#19333 = SURFACE_STYLE_FILL_AREA(#19334);
#19334 = FILL_AREA_STYLE('',(#19335));
#19335 = FILL_AREA_STYLE_COLOUR('',#18256);
#19336 = STYLED_ITEM('color',(#19337),#8911);
#19337 = PRESENTATION_STYLE_ASSIGNMENT((#19338));
#19338 = SURFACE_STYLE_USAGE(.BOTH.,#19339);
#19339 = SURFACE_SIDE_STYLE('',(#19340));
#19340 = SURFACE_STYLE_FILL_AREA(#19341);
#19341 = FILL_AREA_STYLE('',(#19342));
#19342 = FILL_AREA_STYLE_COLOUR('',#18256);
#19343 = STYLED_ITEM('color',(#19344),#8923);
#19344 = PRESENTATION_STYLE_ASSIGNMENT((#19345));
#19345 = SURFACE_STYLE_USAGE(.BOTH.,#19346);
#19346 = SURFACE_SIDE_STYLE('',(#19347));
#19347 = SURFACE_STYLE_FILL_AREA(#19348);
#19348 = FILL_AREA_STYLE('',(#19349));
#19349 = FILL_AREA_STYLE_COLOUR('',#18256);
#19350 = STYLED_ITEM('color',(#19351),#8940);
#19351 = PRESENTATION_STYLE_ASSIGNMENT((#19352));
#19352 = SURFACE_STYLE_USAGE(.BOTH.,#19353);
#19353 = SURFACE_SIDE_STYLE('',(#19354));
#19354 = SURFACE_STYLE_FILL_AREA(#19355);
#19355 = FILL_AREA_STYLE('',(#19356));
#19356 = FILL_AREA_STYLE_COLOUR('',#18256);
#19357 = STYLED_ITEM('color',(#19358),#8957);
#19358 = PRESENTATION_STYLE_ASSIGNMENT((#19359));
#19359 = SURFACE_STYLE_USAGE(.BOTH.,#19360);
#19360 = SURFACE_SIDE_STYLE('',(#19361));
#19361 = SURFACE_STYLE_FILL_AREA(#19362);
#19362 = FILL_AREA_STYLE('',(#19363));
#19363 = FILL_AREA_STYLE_COLOUR('',#18256);
#19364 = STYLED_ITEM('color',(#19365),#8974);
#19365 = PRESENTATION_STYLE_ASSIGNMENT((#19366));
#19366 = SURFACE_STYLE_USAGE(.BOTH.,#19367);
#19367 = SURFACE_SIDE_STYLE('',(#19368));
#19368 = SURFACE_STYLE_FILL_AREA(#19369);
#19369 = FILL_AREA_STYLE('',(#19370));
#19370 = FILL_AREA_STYLE_COLOUR('',#18256);
#19371 = STYLED_ITEM('color',(#19372),#8991);
#19372 = PRESENTATION_STYLE_ASSIGNMENT((#19373));
#19373 = SURFACE_STYLE_USAGE(.BOTH.,#19374);
#19374 = SURFACE_SIDE_STYLE('',(#19375));
#19375 = SURFACE_STYLE_FILL_AREA(#19376);
#19376 = FILL_AREA_STYLE('',(#19377));
#19377 = FILL_AREA_STYLE_COLOUR('',#18256);
#19378 = STYLED_ITEM('color',(#19379),#9008);
#19379 = PRESENTATION_STYLE_ASSIGNMENT((#19380));
#19380 = SURFACE_STYLE_USAGE(.BOTH.,#19381);
#19381 = SURFACE_SIDE_STYLE('',(#19382));
#19382 = SURFACE_STYLE_FILL_AREA(#19383);
#19383 = FILL_AREA_STYLE('',(#19384));
#19384 = FILL_AREA_STYLE_COLOUR('',#18256);
#19385 = STYLED_ITEM('color',(#19386),#9025);
#19386 = PRESENTATION_STYLE_ASSIGNMENT((#19387));
#19387 = SURFACE_STYLE_USAGE(.BOTH.,#19388);
#19388 = SURFACE_SIDE_STYLE('',(#19389));
#19389 = SURFACE_STYLE_FILL_AREA(#19390);
#19390 = FILL_AREA_STYLE('',(#19391));
#19391 = FILL_AREA_STYLE_COLOUR('',#18256);
#19392 = STYLED_ITEM('color',(#19393),#9042);
#19393 = PRESENTATION_STYLE_ASSIGNMENT((#19394));
#19394 = SURFACE_STYLE_USAGE(.BOTH.,#19395);
#19395 = SURFACE_SIDE_STYLE('',(#19396));
#19396 = SURFACE_STYLE_FILL_AREA(#19397);
#19397 = FILL_AREA_STYLE('',(#19398));
#19398 = FILL_AREA_STYLE_COLOUR('',#18256);
#19399 = STYLED_ITEM('color',(#19400),#9059);
#19400 = PRESENTATION_STYLE_ASSIGNMENT((#19401));
#19401 = SURFACE_STYLE_USAGE(.BOTH.,#19402);
#19402 = SURFACE_SIDE_STYLE('',(#19403));
#19403 = SURFACE_STYLE_FILL_AREA(#19404);
#19404 = FILL_AREA_STYLE('',(#19405));
#19405 = FILL_AREA_STYLE_COLOUR('',#18256);
#19406 = STYLED_ITEM('color',(#19407),#9076);
#19407 = PRESENTATION_STYLE_ASSIGNMENT((#19408));
#19408 = SURFACE_STYLE_USAGE(.BOTH.,#19409);
#19409 = SURFACE_SIDE_STYLE('',(#19410));
#19410 = SURFACE_STYLE_FILL_AREA(#19411);
#19411 = FILL_AREA_STYLE('',(#19412));
#19412 = FILL_AREA_STYLE_COLOUR('',#18256);
#19413 = STYLED_ITEM('color',(#19414),#9088);
#19414 = PRESENTATION_STYLE_ASSIGNMENT((#19415));
#19415 = SURFACE_STYLE_USAGE(.BOTH.,#19416);
#19416 = SURFACE_SIDE_STYLE('',(#19417));
#19417 = SURFACE_STYLE_FILL_AREA(#19418);
#19418 = FILL_AREA_STYLE('',(#19419));
#19419 = FILL_AREA_STYLE_COLOUR('',#18256);
#19420 = STYLED_ITEM('color',(#19421),#9105);
#19421 = PRESENTATION_STYLE_ASSIGNMENT((#19422));
#19422 = SURFACE_STYLE_USAGE(.BOTH.,#19423);
#19423 = SURFACE_SIDE_STYLE('',(#19424));
#19424 = SURFACE_STYLE_FILL_AREA(#19425);
#19425 = FILL_AREA_STYLE('',(#19426));
#19426 = FILL_AREA_STYLE_COLOUR('',#18256);
#19427 = STYLED_ITEM('color',(#19428),#9117);
#19428 = PRESENTATION_STYLE_ASSIGNMENT((#19429));
#19429 = SURFACE_STYLE_USAGE(.BOTH.,#19430);
#19430 = SURFACE_SIDE_STYLE('',(#19431));
#19431 = SURFACE_STYLE_FILL_AREA(#19432);
#19432 = FILL_AREA_STYLE('',(#19433));
#19433 = FILL_AREA_STYLE_COLOUR('',#18256);
#19434 = STYLED_ITEM('color',(#19435),#9134);
#19435 = PRESENTATION_STYLE_ASSIGNMENT((#19436));
#19436 = SURFACE_STYLE_USAGE(.BOTH.,#19437);
#19437 = SURFACE_SIDE_STYLE('',(#19438));
#19438 = SURFACE_STYLE_FILL_AREA(#19439);
#19439 = FILL_AREA_STYLE('',(#19440));
#19440 = FILL_AREA_STYLE_COLOUR('',#18256);
#19441 = STYLED_ITEM('color',(#19442),#9146);
#19442 = PRESENTATION_STYLE_ASSIGNMENT((#19443));
#19443 = SURFACE_STYLE_USAGE(.BOTH.,#19444);
#19444 = SURFACE_SIDE_STYLE('',(#19445));
#19445 = SURFACE_STYLE_FILL_AREA(#19446);
#19446 = FILL_AREA_STYLE('',(#19447));
#19447 = FILL_AREA_STYLE_COLOUR('',#18256);
#19448 = STYLED_ITEM('color',(#19449),#9163);
#19449 = PRESENTATION_STYLE_ASSIGNMENT((#19450));
#19450 = SURFACE_STYLE_USAGE(.BOTH.,#19451);
#19451 = SURFACE_SIDE_STYLE('',(#19452));
#19452 = SURFACE_STYLE_FILL_AREA(#19453);
#19453 = FILL_AREA_STYLE('',(#19454));
#19454 = FILL_AREA_STYLE_COLOUR('',#18256);
#19455 = STYLED_ITEM('color',(#19456),#9175);
#19456 = PRESENTATION_STYLE_ASSIGNMENT((#19457));
#19457 = SURFACE_STYLE_USAGE(.BOTH.,#19458);
#19458 = SURFACE_SIDE_STYLE('',(#19459));
#19459 = SURFACE_STYLE_FILL_AREA(#19460);
#19460 = FILL_AREA_STYLE('',(#19461));
#19461 = FILL_AREA_STYLE_COLOUR('',#18256);
#19462 = STYLED_ITEM('color',(#19463),#9192);
#19463 = PRESENTATION_STYLE_ASSIGNMENT((#19464));
#19464 = SURFACE_STYLE_USAGE(.BOTH.,#19465);
#19465 = SURFACE_SIDE_STYLE('',(#19466));
#19466 = SURFACE_STYLE_FILL_AREA(#19467);
#19467 = FILL_AREA_STYLE('',(#19468));
#19468 = FILL_AREA_STYLE_COLOUR('',#18256);
#19469 = STYLED_ITEM('color',(#19470),#9204);
#19470 = PRESENTATION_STYLE_ASSIGNMENT((#19471));
#19471 = SURFACE_STYLE_USAGE(.BOTH.,#19472);
#19472 = SURFACE_SIDE_STYLE('',(#19473));
#19473 = SURFACE_STYLE_FILL_AREA(#19474);
#19474 = FILL_AREA_STYLE('',(#19475));
#19475 = FILL_AREA_STYLE_COLOUR('',#18256);
#19476 = STYLED_ITEM('color',(#19477),#9221);
#19477 = PRESENTATION_STYLE_ASSIGNMENT((#19478));
#19478 = SURFACE_STYLE_USAGE(.BOTH.,#19479);
#19479 = SURFACE_SIDE_STYLE('',(#19480));
#19480 = SURFACE_STYLE_FILL_AREA(#19481);
#19481 = FILL_AREA_STYLE('',(#19482));
#19482 = FILL_AREA_STYLE_COLOUR('',#18256);
#19483 = STYLED_ITEM('color',(#19484),#9233);
#19484 = PRESENTATION_STYLE_ASSIGNMENT((#19485));
#19485 = SURFACE_STYLE_USAGE(.BOTH.,#19486);
#19486 = SURFACE_SIDE_STYLE('',(#19487));
#19487 = SURFACE_STYLE_FILL_AREA(#19488);
#19488 = FILL_AREA_STYLE('',(#19489));
#19489 = FILL_AREA_STYLE_COLOUR('',#18256);
#19490 = STYLED_ITEM('color',(#19491),#9250);
#19491 = PRESENTATION_STYLE_ASSIGNMENT((#19492));
#19492 = SURFACE_STYLE_USAGE(.BOTH.,#19493);
#19493 = SURFACE_SIDE_STYLE('',(#19494));
#19494 = SURFACE_STYLE_FILL_AREA(#19495);
#19495 = FILL_AREA_STYLE('',(#19496));
#19496 = FILL_AREA_STYLE_COLOUR('',#18256);
#19497 = STYLED_ITEM('color',(#19498),#9262);
#19498 = PRESENTATION_STYLE_ASSIGNMENT((#19499));
#19499 = SURFACE_STYLE_USAGE(.BOTH.,#19500);
#19500 = SURFACE_SIDE_STYLE('',(#19501));
#19501 = SURFACE_STYLE_FILL_AREA(#19502);
#19502 = FILL_AREA_STYLE('',(#19503));
#19503 = FILL_AREA_STYLE_COLOUR('',#18256);
#19504 = STYLED_ITEM('color',(#19505),#9279);
#19505 = PRESENTATION_STYLE_ASSIGNMENT((#19506));
#19506 = SURFACE_STYLE_USAGE(.BOTH.,#19507);
#19507 = SURFACE_SIDE_STYLE('',(#19508));
#19508 = SURFACE_STYLE_FILL_AREA(#19509);
#19509 = FILL_AREA_STYLE('',(#19510));
#19510 = FILL_AREA_STYLE_COLOUR('',#18256);
#19511 = STYLED_ITEM('color',(#19512),#9291);
#19512 = PRESENTATION_STYLE_ASSIGNMENT((#19513));
#19513 = SURFACE_STYLE_USAGE(.BOTH.,#19514);
#19514 = SURFACE_SIDE_STYLE('',(#19515));
#19515 = SURFACE_STYLE_FILL_AREA(#19516);
#19516 = FILL_AREA_STYLE('',(#19517));
#19517 = FILL_AREA_STYLE_COLOUR('',#18256);
#19518 = STYLED_ITEM('color',(#19519),#9308);
#19519 = PRESENTATION_STYLE_ASSIGNMENT((#19520));
#19520 = SURFACE_STYLE_USAGE(.BOTH.,#19521);
#19521 = SURFACE_SIDE_STYLE('',(#19522));
#19522 = SURFACE_STYLE_FILL_AREA(#19523);
#19523 = FILL_AREA_STYLE('',(#19524));
#19524 = FILL_AREA_STYLE_COLOUR('',#18256);
#19525 = STYLED_ITEM('color',(#19526),#9325);
#19526 = PRESENTATION_STYLE_ASSIGNMENT((#19527));
#19527 = SURFACE_STYLE_USAGE(.BOTH.,#19528);
#19528 = SURFACE_SIDE_STYLE('',(#19529));
#19529 = SURFACE_STYLE_FILL_AREA(#19530);
#19530 = FILL_AREA_STYLE('',(#19531));
#19531 = FILL_AREA_STYLE_COLOUR('',#18256);
#19532 = STYLED_ITEM('color',(#19533),#9342);
#19533 = PRESENTATION_STYLE_ASSIGNMENT((#19534));
#19534 = SURFACE_STYLE_USAGE(.BOTH.,#19535);
#19535 = SURFACE_SIDE_STYLE('',(#19536));
#19536 = SURFACE_STYLE_FILL_AREA(#19537);
#19537 = FILL_AREA_STYLE('',(#19538));
#19538 = FILL_AREA_STYLE_COLOUR('',#18256);
#19539 = STYLED_ITEM('color',(#19540),#9359);
#19540 = PRESENTATION_STYLE_ASSIGNMENT((#19541));
#19541 = SURFACE_STYLE_USAGE(.BOTH.,#19542);
#19542 = SURFACE_SIDE_STYLE('',(#19543));
#19543 = SURFACE_STYLE_FILL_AREA(#19544);
#19544 = FILL_AREA_STYLE('',(#19545));
#19545 = FILL_AREA_STYLE_COLOUR('',#18256);
#19546 = STYLED_ITEM('color',(#19547),#9376);
#19547 = PRESENTATION_STYLE_ASSIGNMENT((#19548));
#19548 = SURFACE_STYLE_USAGE(.BOTH.,#19549);
#19549 = SURFACE_SIDE_STYLE('',(#19550));
#19550 = SURFACE_STYLE_FILL_AREA(#19551);
#19551 = FILL_AREA_STYLE('',(#19552));
#19552 = FILL_AREA_STYLE_COLOUR('',#18256);
#19553 = STYLED_ITEM('color',(#19554),#9393);
#19554 = PRESENTATION_STYLE_ASSIGNMENT((#19555));
#19555 = SURFACE_STYLE_USAGE(.BOTH.,#19556);
#19556 = SURFACE_SIDE_STYLE('',(#19557));
#19557 = SURFACE_STYLE_FILL_AREA(#19558);
#19558 = FILL_AREA_STYLE('',(#19559));
#19559 = FILL_AREA_STYLE_COLOUR('',#18256);
#19560 = STYLED_ITEM('color',(#19561),#9410);
#19561 = PRESENTATION_STYLE_ASSIGNMENT((#19562));
#19562 = SURFACE_STYLE_USAGE(.BOTH.,#19563);
#19563 = SURFACE_SIDE_STYLE('',(#19564));
#19564 = SURFACE_STYLE_FILL_AREA(#19565);
#19565 = FILL_AREA_STYLE('',(#19566));
#19566 = FILL_AREA_STYLE_COLOUR('',#18256);
#19567 = STYLED_ITEM('color',(#19568),#9427);
#19568 = PRESENTATION_STYLE_ASSIGNMENT((#19569));
#19569 = SURFACE_STYLE_USAGE(.BOTH.,#19570);
#19570 = SURFACE_SIDE_STYLE('',(#19571));
#19571 = SURFACE_STYLE_FILL_AREA(#19572);
#19572 = FILL_AREA_STYLE('',(#19573));
#19573 = FILL_AREA_STYLE_COLOUR('',#18256);
#19574 = STYLED_ITEM('color',(#19575),#9444);
#19575 = PRESENTATION_STYLE_ASSIGNMENT((#19576));
#19576 = SURFACE_STYLE_USAGE(.BOTH.,#19577);
#19577 = SURFACE_SIDE_STYLE('',(#19578));
#19578 = SURFACE_STYLE_FILL_AREA(#19579);
#19579 = FILL_AREA_STYLE('',(#19580));
#19580 = FILL_AREA_STYLE_COLOUR('',#18256);
#19581 = STYLED_ITEM('color',(#19582),#9456);
#19582 = PRESENTATION_STYLE_ASSIGNMENT((#19583));
#19583 = SURFACE_STYLE_USAGE(.BOTH.,#19584);
#19584 = SURFACE_SIDE_STYLE('',(#19585));
#19585 = SURFACE_STYLE_FILL_AREA(#19586);
#19586 = FILL_AREA_STYLE('',(#19587));
#19587 = FILL_AREA_STYLE_COLOUR('',#18256);
#19588 = STYLED_ITEM('color',(#19589),#9473);
#19589 = PRESENTATION_STYLE_ASSIGNMENT((#19590));
#19590 = SURFACE_STYLE_USAGE(.BOTH.,#19591);
#19591 = SURFACE_SIDE_STYLE('',(#19592));
#19592 = SURFACE_STYLE_FILL_AREA(#19593);
#19593 = FILL_AREA_STYLE('',(#19594));
#19594 = FILL_AREA_STYLE_COLOUR('',#18256);
#19595 = STYLED_ITEM('color',(#19596),#9485);
#19596 = PRESENTATION_STYLE_ASSIGNMENT((#19597));
#19597 = SURFACE_STYLE_USAGE(.BOTH.,#19598);
#19598 = SURFACE_SIDE_STYLE('',(#19599));
#19599 = SURFACE_STYLE_FILL_AREA(#19600);
#19600 = FILL_AREA_STYLE('',(#19601));
#19601 = FILL_AREA_STYLE_COLOUR('',#18256);
#19602 = STYLED_ITEM('color',(#19603),#9502);
#19603 = PRESENTATION_STYLE_ASSIGNMENT((#19604));
#19604 = SURFACE_STYLE_USAGE(.BOTH.,#19605);
#19605 = SURFACE_SIDE_STYLE('',(#19606));
#19606 = SURFACE_STYLE_FILL_AREA(#19607);
#19607 = FILL_AREA_STYLE('',(#19608));
#19608 = FILL_AREA_STYLE_COLOUR('',#18256);
#19609 = STYLED_ITEM('color',(#19610),#9514);
#19610 = PRESENTATION_STYLE_ASSIGNMENT((#19611));
#19611 = SURFACE_STYLE_USAGE(.BOTH.,#19612);
#19612 = SURFACE_SIDE_STYLE('',(#19613));
#19613 = SURFACE_STYLE_FILL_AREA(#19614);
#19614 = FILL_AREA_STYLE('',(#19615));
#19615 = FILL_AREA_STYLE_COLOUR('',#18256);
#19616 = STYLED_ITEM('color',(#19617),#9531);
#19617 = PRESENTATION_STYLE_ASSIGNMENT((#19618));
#19618 = SURFACE_STYLE_USAGE(.BOTH.,#19619);
#19619 = SURFACE_SIDE_STYLE('',(#19620));
#19620 = SURFACE_STYLE_FILL_AREA(#19621);
#19621 = FILL_AREA_STYLE('',(#19622));
#19622 = FILL_AREA_STYLE_COLOUR('',#18256);
#19623 = STYLED_ITEM('color',(#19624),#9543);
#19624 = PRESENTATION_STYLE_ASSIGNMENT((#19625));
#19625 = SURFACE_STYLE_USAGE(.BOTH.,#19626);
#19626 = SURFACE_SIDE_STYLE('',(#19627));
#19627 = SURFACE_STYLE_FILL_AREA(#19628);
#19628 = FILL_AREA_STYLE('',(#19629));
#19629 = FILL_AREA_STYLE_COLOUR('',#18256);
#19630 = STYLED_ITEM('color',(#19631),#9560);
#19631 = PRESENTATION_STYLE_ASSIGNMENT((#19632));
#19632 = SURFACE_STYLE_USAGE(.BOTH.,#19633);
#19633 = SURFACE_SIDE_STYLE('',(#19634));
#19634 = SURFACE_STYLE_FILL_AREA(#19635);
#19635 = FILL_AREA_STYLE('',(#19636));
#19636 = FILL_AREA_STYLE_COLOUR('',#18256);
#19637 = STYLED_ITEM('color',(#19638),#9572);
#19638 = PRESENTATION_STYLE_ASSIGNMENT((#19639));
#19639 = SURFACE_STYLE_USAGE(.BOTH.,#19640);
#19640 = SURFACE_SIDE_STYLE('',(#19641));
#19641 = SURFACE_STYLE_FILL_AREA(#19642);
#19642 = FILL_AREA_STYLE('',(#19643));
#19643 = FILL_AREA_STYLE_COLOUR('',#18256);
#19644 = STYLED_ITEM('color',(#19645),#9589);
#19645 = PRESENTATION_STYLE_ASSIGNMENT((#19646));
#19646 = SURFACE_STYLE_USAGE(.BOTH.,#19647);
#19647 = SURFACE_SIDE_STYLE('',(#19648));
#19648 = SURFACE_STYLE_FILL_AREA(#19649);
#19649 = FILL_AREA_STYLE('',(#19650));
#19650 = FILL_AREA_STYLE_COLOUR('',#18256);
#19651 = STYLED_ITEM('color',(#19652),#9601);
#19652 = PRESENTATION_STYLE_ASSIGNMENT((#19653));
#19653 = SURFACE_STYLE_USAGE(.BOTH.,#19654);
#19654 = SURFACE_SIDE_STYLE('',(#19655));
#19655 = SURFACE_STYLE_FILL_AREA(#19656);
#19656 = FILL_AREA_STYLE('',(#19657));
#19657 = FILL_AREA_STYLE_COLOUR('',#18256);
#19658 = STYLED_ITEM('color',(#19659),#9618);
#19659 = PRESENTATION_STYLE_ASSIGNMENT((#19660));
#19660 = SURFACE_STYLE_USAGE(.BOTH.,#19661);
#19661 = SURFACE_SIDE_STYLE('',(#19662));
#19662 = SURFACE_STYLE_FILL_AREA(#19663);
#19663 = FILL_AREA_STYLE('',(#19664));
#19664 = FILL_AREA_STYLE_COLOUR('',#18256);
#19665 = STYLED_ITEM('color',(#19666),#9630);
#19666 = PRESENTATION_STYLE_ASSIGNMENT((#19667));
#19667 = SURFACE_STYLE_USAGE(.BOTH.,#19668);
#19668 = SURFACE_SIDE_STYLE('',(#19669));
#19669 = SURFACE_STYLE_FILL_AREA(#19670);
#19670 = FILL_AREA_STYLE('',(#19671));
#19671 = FILL_AREA_STYLE_COLOUR('',#18256);
#19672 = STYLED_ITEM('color',(#19673),#9647);
#19673 = PRESENTATION_STYLE_ASSIGNMENT((#19674));
#19674 = SURFACE_STYLE_USAGE(.BOTH.,#19675);
#19675 = SURFACE_SIDE_STYLE('',(#19676));
#19676 = SURFACE_STYLE_FILL_AREA(#19677);
#19677 = FILL_AREA_STYLE('',(#19678));
#19678 = FILL_AREA_STYLE_COLOUR('',#18256);
#19679 = STYLED_ITEM('color',(#19680),#9659);
#19680 = PRESENTATION_STYLE_ASSIGNMENT((#19681));
#19681 = SURFACE_STYLE_USAGE(.BOTH.,#19682);
#19682 = SURFACE_SIDE_STYLE('',(#19683));
#19683 = SURFACE_STYLE_FILL_AREA(#19684);
#19684 = FILL_AREA_STYLE('',(#19685));
#19685 = FILL_AREA_STYLE_COLOUR('',#19686);
#19686 = COLOUR_RGB('',0.690999977303,0.663999984767,0.597999987832);
#19687 = STYLED_ITEM('color',(#19688),#9684);
#19688 = PRESENTATION_STYLE_ASSIGNMENT((#19689));
#19689 = SURFACE_STYLE_USAGE(.BOTH.,#19690);
#19690 = SURFACE_SIDE_STYLE('',(#19691));
#19691 = SURFACE_STYLE_FILL_AREA(#19692);
#19692 = FILL_AREA_STYLE('',(#19693));
#19693 = FILL_AREA_STYLE_COLOUR('',#19686);
#19694 = MECHANICAL_DESIGN_GEOMETRIC_PRESENTATION_REPRESENTATION('',(
    #19695,#19702,#19709,#19716,#19723,#19730,#19737,#19744,#19752,
    #19759,#19766,#19773,#19780,#19787,#19795,#19802,#19809,#19816,
    #19823,#19830,#19837,#19844,#19851,#19858,#19865,#19872),#2876);
#19695 = STYLED_ITEM('color',(#19696),#2088);
#19696 = PRESENTATION_STYLE_ASSIGNMENT((#19697));
#19697 = SURFACE_STYLE_USAGE(.BOTH.,#19698);
#19698 = SURFACE_SIDE_STYLE('',(#19699));
#19699 = SURFACE_STYLE_FILL_AREA(#19700);
#19700 = FILL_AREA_STYLE('',(#19701));
#19701 = FILL_AREA_STYLE_COLOUR('',#18256);
#19702 = STYLED_ITEM('color',(#19703),#2128);
#19703 = PRESENTATION_STYLE_ASSIGNMENT((#19704));
#19704 = SURFACE_STYLE_USAGE(.BOTH.,#19705);
#19705 = SURFACE_SIDE_STYLE('',(#19706));
#19706 = SURFACE_STYLE_FILL_AREA(#19707);
#19707 = FILL_AREA_STYLE('',(#19708));
#19708 = FILL_AREA_STYLE_COLOUR('',#18256);
#19709 = STYLED_ITEM('color',(#19710),#2211);
#19710 = PRESENTATION_STYLE_ASSIGNMENT((#19711));
#19711 = SURFACE_STYLE_USAGE(.BOTH.,#19712);
#19712 = SURFACE_SIDE_STYLE('',(#19713));
#19713 = SURFACE_STYLE_FILL_AREA(#19714);
#19714 = FILL_AREA_STYLE('',(#19715));
#19715 = FILL_AREA_STYLE_COLOUR('',#18256);
#19716 = STYLED_ITEM('color',(#19717),#2236);
#19717 = PRESENTATION_STYLE_ASSIGNMENT((#19718));
#19718 = SURFACE_STYLE_USAGE(.BOTH.,#19719);
#19719 = SURFACE_SIDE_STYLE('',(#19720));
#19720 = SURFACE_STYLE_FILL_AREA(#19721);
#19721 = FILL_AREA_STYLE('',(#19722));
#19722 = FILL_AREA_STYLE_COLOUR('',#18256);
#19723 = STYLED_ITEM('color',(#19724),#2261);
#19724 = PRESENTATION_STYLE_ASSIGNMENT((#19725));
#19725 = SURFACE_STYLE_USAGE(.BOTH.,#19726);
#19726 = SURFACE_SIDE_STYLE('',(#19727));
#19727 = SURFACE_STYLE_FILL_AREA(#19728);
#19728 = FILL_AREA_STYLE('',(#19729));
#19729 = FILL_AREA_STYLE_COLOUR('',#18256);
#19730 = STYLED_ITEM('color',(#19731),#2328);
#19731 = PRESENTATION_STYLE_ASSIGNMENT((#19732));
#19732 = SURFACE_STYLE_USAGE(.BOTH.,#19733);
#19733 = SURFACE_SIDE_STYLE('',(#19734));
#19734 = SURFACE_STYLE_FILL_AREA(#19735);
#19735 = FILL_AREA_STYLE('',(#19736));
#19736 = FILL_AREA_STYLE_COLOUR('',#18256);
#19737 = STYLED_ITEM('color',(#19738),#2345);
#19738 = PRESENTATION_STYLE_ASSIGNMENT((#19739));
#19739 = SURFACE_STYLE_USAGE(.BOTH.,#19740);
#19740 = SURFACE_SIDE_STYLE('',(#19741));
#19741 = SURFACE_STYLE_FILL_AREA(#19742);
#19742 = FILL_AREA_STYLE('',(#19743));
#19743 = FILL_AREA_STYLE_COLOUR('',#18256);
#19744 = STYLED_ITEM('color',(#19745),#2362);
#19745 = PRESENTATION_STYLE_ASSIGNMENT((#19746));
#19746 = SURFACE_STYLE_USAGE(.BOTH.,#19747);
#19747 = SURFACE_SIDE_STYLE('',(#19748));
#19748 = SURFACE_STYLE_FILL_AREA(#19749);
#19749 = FILL_AREA_STYLE('',(#19750));
#19750 = FILL_AREA_STYLE_COLOUR('',#19751);
#19751 = COLOUR_RGB('',0.894999966383,0.890999961016,0.813000030345);
#19752 = STYLED_ITEM('color',(#19753),#2411);
#19753 = PRESENTATION_STYLE_ASSIGNMENT((#19754));
#19754 = SURFACE_STYLE_USAGE(.BOTH.,#19755);
#19755 = SURFACE_SIDE_STYLE('',(#19756));
#19756 = SURFACE_STYLE_FILL_AREA(#19757);
#19757 = FILL_AREA_STYLE('',(#19758));
#19758 = FILL_AREA_STYLE_COLOUR('',#18256);
#19759 = STYLED_ITEM('color',(#19760),#2428);
#19760 = PRESENTATION_STYLE_ASSIGNMENT((#19761));
#19761 = SURFACE_STYLE_USAGE(.BOTH.,#19762);
#19762 = SURFACE_SIDE_STYLE('',(#19763));
#19763 = SURFACE_STYLE_FILL_AREA(#19764);
#19764 = FILL_AREA_STYLE('',(#19765));
#19765 = FILL_AREA_STYLE_COLOUR('',#18256);
#19766 = STYLED_ITEM('color',(#19767),#2445);
#19767 = PRESENTATION_STYLE_ASSIGNMENT((#19768));
#19768 = SURFACE_STYLE_USAGE(.BOTH.,#19769);
#19769 = SURFACE_SIDE_STYLE('',(#19770));
#19770 = SURFACE_STYLE_FILL_AREA(#19771);
#19771 = FILL_AREA_STYLE('',(#19772));
#19772 = FILL_AREA_STYLE_COLOUR('',#19751);
#19773 = STYLED_ITEM('color',(#19774),#2494);
#19774 = PRESENTATION_STYLE_ASSIGNMENT((#19775));
#19775 = SURFACE_STYLE_USAGE(.BOTH.,#19776);
#19776 = SURFACE_SIDE_STYLE('',(#19777));
#19777 = SURFACE_STYLE_FILL_AREA(#19778);
#19778 = FILL_AREA_STYLE('',(#19779));
#19779 = FILL_AREA_STYLE_COLOUR('',#19751);
#19780 = STYLED_ITEM('color',(#19781),#2511);
#19781 = PRESENTATION_STYLE_ASSIGNMENT((#19782));
#19782 = SURFACE_STYLE_USAGE(.BOTH.,#19783);
#19783 = SURFACE_SIDE_STYLE('',(#19784));
#19784 = SURFACE_STYLE_FILL_AREA(#19785);
#19785 = FILL_AREA_STYLE('',(#19786));
#19786 = FILL_AREA_STYLE_COLOUR('',#18256);
#19787 = STYLED_ITEM('color',(#19788),#2580);
#19788 = PRESENTATION_STYLE_ASSIGNMENT((#19789));
#19789 = SURFACE_STYLE_USAGE(.BOTH.,#19790);
#19790 = SURFACE_SIDE_STYLE('',(#19791));
#19791 = SURFACE_STYLE_FILL_AREA(#19792);
#19792 = FILL_AREA_STYLE('',(#19793));
#19793 = FILL_AREA_STYLE_COLOUR('',#19794);
#19794 = COLOUR_RGB('',8.200000279077E-02,8.600000121357E-02,
  9.399999706163E-02);
#19795 = STYLED_ITEM('color',(#19796),#2611);
#19796 = PRESENTATION_STYLE_ASSIGNMENT((#19797));
#19797 = SURFACE_STYLE_USAGE(.BOTH.,#19798);
#19798 = SURFACE_SIDE_STYLE('',(#19799));
#19799 = SURFACE_STYLE_FILL_AREA(#19800);
#19800 = FILL_AREA_STYLE('',(#19801));
#19801 = FILL_AREA_STYLE_COLOUR('',#19794);
#19802 = STYLED_ITEM('color',(#19803),#2635);
#19803 = PRESENTATION_STYLE_ASSIGNMENT((#19804));
#19804 = SURFACE_STYLE_USAGE(.BOTH.,#19805);
#19805 = SURFACE_SIDE_STYLE('',(#19806));
#19806 = SURFACE_STYLE_FILL_AREA(#19807);
#19807 = FILL_AREA_STYLE('',(#19808));
#19808 = FILL_AREA_STYLE_COLOUR('',#18256);
#19809 = STYLED_ITEM('color',(#19810),#2704);
#19810 = PRESENTATION_STYLE_ASSIGNMENT((#19811));
#19811 = SURFACE_STYLE_USAGE(.BOTH.,#19812);
#19812 = SURFACE_SIDE_STYLE('',(#19813));
#19813 = SURFACE_STYLE_FILL_AREA(#19814);
#19814 = FILL_AREA_STYLE('',(#19815));
#19815 = FILL_AREA_STYLE_COLOUR('',#19794);
#19816 = STYLED_ITEM('color',(#19817),#2728);
#19817 = PRESENTATION_STYLE_ASSIGNMENT((#19818));
#19818 = SURFACE_STYLE_USAGE(.BOTH.,#19819);
#19819 = SURFACE_SIDE_STYLE('',(#19820));
#19820 = SURFACE_STYLE_FILL_AREA(#19821);
#19821 = FILL_AREA_STYLE('',(#19822));
#19822 = FILL_AREA_STYLE_COLOUR('',#18256);
#19823 = STYLED_ITEM('color',(#19824),#2745);
#19824 = PRESENTATION_STYLE_ASSIGNMENT((#19825));
#19825 = SURFACE_STYLE_USAGE(.BOTH.,#19826);
#19826 = SURFACE_SIDE_STYLE('',(#19827));
#19827 = SURFACE_STYLE_FILL_AREA(#19828);
#19828 = FILL_AREA_STYLE('',(#19829));
#19829 = FILL_AREA_STYLE_COLOUR('',#18256);
#19830 = STYLED_ITEM('color',(#19831),#2762);
#19831 = PRESENTATION_STYLE_ASSIGNMENT((#19832));
#19832 = SURFACE_STYLE_USAGE(.BOTH.,#19833);
#19833 = SURFACE_SIDE_STYLE('',(#19834));
#19834 = SURFACE_STYLE_FILL_AREA(#19835);
#19835 = FILL_AREA_STYLE('',(#19836));
#19836 = FILL_AREA_STYLE_COLOUR('',#18256);
#19837 = STYLED_ITEM('color',(#19838),#2779);
#19838 = PRESENTATION_STYLE_ASSIGNMENT((#19839));
#19839 = SURFACE_STYLE_USAGE(.BOTH.,#19840);
#19840 = SURFACE_SIDE_STYLE('',(#19841));
#19841 = SURFACE_STYLE_FILL_AREA(#19842);
#19842 = FILL_AREA_STYLE('',(#19843));
#19843 = FILL_AREA_STYLE_COLOUR('',#18256);
#19844 = STYLED_ITEM('color',(#19845),#2796);
#19845 = PRESENTATION_STYLE_ASSIGNMENT((#19846));
#19846 = SURFACE_STYLE_USAGE(.BOTH.,#19847);
#19847 = SURFACE_SIDE_STYLE('',(#19848));
#19848 = SURFACE_STYLE_FILL_AREA(#19849);
#19849 = FILL_AREA_STYLE('',(#19850));
#19850 = FILL_AREA_STYLE_COLOUR('',#18256);
#19851 = STYLED_ITEM('color',(#19852),#2813);
#19852 = PRESENTATION_STYLE_ASSIGNMENT((#19853));
#19853 = SURFACE_STYLE_USAGE(.BOTH.,#19854);
#19854 = SURFACE_SIDE_STYLE('',(#19855));
#19855 = SURFACE_STYLE_FILL_AREA(#19856);
#19856 = FILL_AREA_STYLE('',(#19857));
#19857 = FILL_AREA_STYLE_COLOUR('',#18256);
#19858 = STYLED_ITEM('color',(#19859),#2830);
#19859 = PRESENTATION_STYLE_ASSIGNMENT((#19860));
#19860 = SURFACE_STYLE_USAGE(.BOTH.,#19861);
#19861 = SURFACE_SIDE_STYLE('',(#19862));
#19862 = SURFACE_STYLE_FILL_AREA(#19863);
#19863 = FILL_AREA_STYLE('',(#19864));
#19864 = FILL_AREA_STYLE_COLOUR('',#18256);
#19865 = STYLED_ITEM('color',(#19866),#2847);
#19866 = PRESENTATION_STYLE_ASSIGNMENT((#19867));
#19867 = SURFACE_STYLE_USAGE(.BOTH.,#19868);
#19868 = SURFACE_SIDE_STYLE('',(#19869));
#19869 = SURFACE_STYLE_FILL_AREA(#19870);
#19870 = FILL_AREA_STYLE('',(#19871));
#19871 = FILL_AREA_STYLE_COLOUR('',#19794);
#19872 = STYLED_ITEM('color',(#19873),#2864);
#19873 = PRESENTATION_STYLE_ASSIGNMENT((#19874));
#19874 = SURFACE_STYLE_USAGE(.BOTH.,#19875);
#19875 = SURFACE_SIDE_STYLE('',(#19876));
#19876 = SURFACE_STYLE_FILL_AREA(#19877);
#19877 = FILL_AREA_STYLE('',(#19878));
#19878 = FILL_AREA_STYLE_COLOUR('',#19794);
#19879 = MECHANICAL_DESIGN_GEOMETRIC_PRESENTATION_REPRESENTATION('',(
    #19880,#19887,#19894,#19901,#19908,#19915,#19922,#19929,#19936,
    #19943,#19950,#19957,#19964,#19971,#19978,#19985,#19992,#19999,
    #20006,#20013,#20020,#20027,#20034,#20041,#20048,#20055,#20062,
    #20069,#20076,#20083,#20090,#20097,#20104),#2044);
#19880 = STYLED_ITEM('color',(#19881),#1054);
#19881 = PRESENTATION_STYLE_ASSIGNMENT((#19882));
#19882 = SURFACE_STYLE_USAGE(.BOTH.,#19883);
#19883 = SURFACE_SIDE_STYLE('',(#19884));
#19884 = SURFACE_STYLE_FILL_AREA(#19885);
#19885 = FILL_AREA_STYLE('',(#19886));
#19886 = FILL_AREA_STYLE_COLOUR('',#18256);
#19887 = STYLED_ITEM('color',(#19888),#1130);
#19888 = PRESENTATION_STYLE_ASSIGNMENT((#19889));
#19889 = SURFACE_STYLE_USAGE(.BOTH.,#19890);
#19890 = SURFACE_SIDE_STYLE('',(#19891));
#19891 = SURFACE_STYLE_FILL_AREA(#19892);
#19892 = FILL_AREA_STYLE('',(#19893));
#19893 = FILL_AREA_STYLE_COLOUR('',#18256);
#19894 = STYLED_ITEM('color',(#19895),#1161);
#19895 = PRESENTATION_STYLE_ASSIGNMENT((#19896));
#19896 = SURFACE_STYLE_USAGE(.BOTH.,#19897);
#19897 = SURFACE_SIDE_STYLE('',(#19898));
#19898 = SURFACE_STYLE_FILL_AREA(#19899);
#19899 = FILL_AREA_STYLE('',(#19900));
#19900 = FILL_AREA_STYLE_COLOUR('',#18256);
#19901 = STYLED_ITEM('color',(#19902),#1186);
#19902 = PRESENTATION_STYLE_ASSIGNMENT((#19903));
#19903 = SURFACE_STYLE_USAGE(.BOTH.,#19904);
#19904 = SURFACE_SIDE_STYLE('',(#19905));
#19905 = SURFACE_STYLE_FILL_AREA(#19906);
#19906 = FILL_AREA_STYLE('',(#19907));
#19907 = FILL_AREA_STYLE_COLOUR('',#18256);
#19908 = STYLED_ITEM('color',(#19909),#1211);
#19909 = PRESENTATION_STYLE_ASSIGNMENT((#19910));
#19910 = SURFACE_STYLE_USAGE(.BOTH.,#19911);
#19911 = SURFACE_SIDE_STYLE('',(#19912));
#19912 = SURFACE_STYLE_FILL_AREA(#19913);
#19913 = FILL_AREA_STYLE('',(#19914));
#19914 = FILL_AREA_STYLE_COLOUR('',#18256);
#19915 = STYLED_ITEM('color',(#19916),#1235);
#19916 = PRESENTATION_STYLE_ASSIGNMENT((#19917));
#19917 = SURFACE_STYLE_USAGE(.BOTH.,#19918);
#19918 = SURFACE_SIDE_STYLE('',(#19919));
#19919 = SURFACE_STYLE_FILL_AREA(#19920);
#19920 = FILL_AREA_STYLE('',(#19921));
#19921 = FILL_AREA_STYLE_COLOUR('',#18256);
#19922 = STYLED_ITEM('color',(#19923),#1259);
#19923 = PRESENTATION_STYLE_ASSIGNMENT((#19924));
#19924 = SURFACE_STYLE_USAGE(.BOTH.,#19925);
#19925 = SURFACE_SIDE_STYLE('',(#19926));
#19926 = SURFACE_STYLE_FILL_AREA(#19927);
#19927 = FILL_AREA_STYLE('',(#19928));
#19928 = FILL_AREA_STYLE_COLOUR('',#18256);
#19929 = STYLED_ITEM('color',(#19930),#1284);
#19930 = PRESENTATION_STYLE_ASSIGNMENT((#19931));
#19931 = SURFACE_STYLE_USAGE(.BOTH.,#19932);
#19932 = SURFACE_SIDE_STYLE('',(#19933));
#19933 = SURFACE_STYLE_FILL_AREA(#19934);
#19934 = FILL_AREA_STYLE('',(#19935));
#19935 = FILL_AREA_STYLE_COLOUR('',#18256);
#19936 = STYLED_ITEM('color',(#19937),#1309);
#19937 = PRESENTATION_STYLE_ASSIGNMENT((#19938));
#19938 = SURFACE_STYLE_USAGE(.BOTH.,#19939);
#19939 = SURFACE_SIDE_STYLE('',(#19940));
#19940 = SURFACE_STYLE_FILL_AREA(#19941);
#19941 = FILL_AREA_STYLE('',(#19942));
#19942 = FILL_AREA_STYLE_COLOUR('',#18256);
#19943 = STYLED_ITEM('color',(#19944),#1326);
#19944 = PRESENTATION_STYLE_ASSIGNMENT((#19945));
#19945 = SURFACE_STYLE_USAGE(.BOTH.,#19946);
#19946 = SURFACE_SIDE_STYLE('',(#19947));
#19947 = SURFACE_STYLE_FILL_AREA(#19948);
#19948 = FILL_AREA_STYLE('',(#19949));
#19949 = FILL_AREA_STYLE_COLOUR('',#18256);
#19950 = STYLED_ITEM('color',(#19951),#1412);
#19951 = PRESENTATION_STYLE_ASSIGNMENT((#19952));
#19952 = SURFACE_STYLE_USAGE(.BOTH.,#19953);
#19953 = SURFACE_SIDE_STYLE('',(#19954));
#19954 = SURFACE_STYLE_FILL_AREA(#19955);
#19955 = FILL_AREA_STYLE('',(#19956));
#19956 = FILL_AREA_STYLE_COLOUR('',#19751);
#19957 = STYLED_ITEM('color',(#19958),#1444);
#19958 = PRESENTATION_STYLE_ASSIGNMENT((#19959));
#19959 = SURFACE_STYLE_USAGE(.BOTH.,#19960);
#19960 = SURFACE_SIDE_STYLE('',(#19961));
#19961 = SURFACE_STYLE_FILL_AREA(#19962);
#19962 = FILL_AREA_STYLE('',(#19963));
#19963 = FILL_AREA_STYLE_COLOUR('',#19751);
#19964 = STYLED_ITEM('color',(#19965),#1468);
#19965 = PRESENTATION_STYLE_ASSIGNMENT((#19966));
#19966 = SURFACE_STYLE_USAGE(.BOTH.,#19967);
#19967 = SURFACE_SIDE_STYLE('',(#19968));
#19968 = SURFACE_STYLE_FILL_AREA(#19969);
#19969 = FILL_AREA_STYLE('',(#19970));
#19970 = FILL_AREA_STYLE_COLOUR('',#19751);
#19971 = STYLED_ITEM('color',(#19972),#1493);
#19972 = PRESENTATION_STYLE_ASSIGNMENT((#19973));
#19973 = SURFACE_STYLE_USAGE(.BOTH.,#19974);
#19974 = SURFACE_SIDE_STYLE('',(#19975));
#19975 = SURFACE_STYLE_FILL_AREA(#19976);
#19976 = FILL_AREA_STYLE('',(#19977));
#19977 = FILL_AREA_STYLE_COLOUR('',#19751);
#19978 = STYLED_ITEM('color',(#19979),#1517);
#19979 = PRESENTATION_STYLE_ASSIGNMENT((#19980));
#19980 = SURFACE_STYLE_USAGE(.BOTH.,#19981);
#19981 = SURFACE_SIDE_STYLE('',(#19982));
#19982 = SURFACE_STYLE_FILL_AREA(#19983);
#19983 = FILL_AREA_STYLE('',(#19984));
#19984 = FILL_AREA_STYLE_COLOUR('',#19751);
#19985 = STYLED_ITEM('color',(#19986),#1542);
#19986 = PRESENTATION_STYLE_ASSIGNMENT((#19987));
#19987 = SURFACE_STYLE_USAGE(.BOTH.,#19988);
#19988 = SURFACE_SIDE_STYLE('',(#19989));
#19989 = SURFACE_STYLE_FILL_AREA(#19990);
#19990 = FILL_AREA_STYLE('',(#19991));
#19991 = FILL_AREA_STYLE_COLOUR('',#19751);
#19992 = STYLED_ITEM('color',(#19993),#1600);
#19993 = PRESENTATION_STYLE_ASSIGNMENT((#19994));
#19994 = SURFACE_STYLE_USAGE(.BOTH.,#19995);
#19995 = SURFACE_SIDE_STYLE('',(#19996));
#19996 = SURFACE_STYLE_FILL_AREA(#19997);
#19997 = FILL_AREA_STYLE('',(#19998));
#19998 = FILL_AREA_STYLE_COLOUR('',#19751);
#19999 = STYLED_ITEM('color',(#20000),#1625);
#20000 = PRESENTATION_STYLE_ASSIGNMENT((#20001));
#20001 = SURFACE_STYLE_USAGE(.BOTH.,#20002);
#20002 = SURFACE_SIDE_STYLE('',(#20003));
#20003 = SURFACE_STYLE_FILL_AREA(#20004);
#20004 = FILL_AREA_STYLE('',(#20005));
#20005 = FILL_AREA_STYLE_COLOUR('',#19751);
#20006 = STYLED_ITEM('color',(#20007),#1642);
#20007 = PRESENTATION_STYLE_ASSIGNMENT((#20008));
#20008 = SURFACE_STYLE_USAGE(.BOTH.,#20009);
#20009 = SURFACE_SIDE_STYLE('',(#20010));
#20010 = SURFACE_STYLE_FILL_AREA(#20011);
#20011 = FILL_AREA_STYLE('',(#20012));
#20012 = FILL_AREA_STYLE_COLOUR('',#18256);
#20013 = STYLED_ITEM('color',(#20014),#1728);
#20014 = PRESENTATION_STYLE_ASSIGNMENT((#20015));
#20015 = SURFACE_STYLE_USAGE(.BOTH.,#20016);
#20016 = SURFACE_SIDE_STYLE('',(#20017));
#20017 = SURFACE_STYLE_FILL_AREA(#20018);
#20018 = FILL_AREA_STYLE('',(#20019));
#20019 = FILL_AREA_STYLE_COLOUR('',#19686);
#20020 = STYLED_ITEM('color',(#20021),#1757);
#20021 = PRESENTATION_STYLE_ASSIGNMENT((#20022));
#20022 = SURFACE_STYLE_USAGE(.BOTH.,#20023);
#20023 = SURFACE_SIDE_STYLE('',(#20024));
#20024 = SURFACE_STYLE_FILL_AREA(#20025);
#20025 = FILL_AREA_STYLE('',(#20026));
#20026 = FILL_AREA_STYLE_COLOUR('',#19686);
#20027 = STYLED_ITEM('color',(#20028),#1780);
#20028 = PRESENTATION_STYLE_ASSIGNMENT((#20029));
#20029 = SURFACE_STYLE_USAGE(.BOTH.,#20030);
#20030 = SURFACE_SIDE_STYLE('',(#20031));
#20031 = SURFACE_STYLE_FILL_AREA(#20032);
#20032 = FILL_AREA_STYLE('',(#20033));
#20033 = FILL_AREA_STYLE_COLOUR('',#19686);
#20034 = STYLED_ITEM('color',(#20035),#1803);
#20035 = PRESENTATION_STYLE_ASSIGNMENT((#20036));
#20036 = SURFACE_STYLE_USAGE(.BOTH.,#20037);
#20037 = SURFACE_SIDE_STYLE('',(#20038));
#20038 = SURFACE_STYLE_FILL_AREA(#20039);
#20039 = FILL_AREA_STYLE('',(#20040));
#20040 = FILL_AREA_STYLE_COLOUR('',#19686);
#20041 = STYLED_ITEM('color',(#20042),#1820);
#20042 = PRESENTATION_STYLE_ASSIGNMENT((#20043));
#20043 = SURFACE_STYLE_USAGE(.BOTH.,#20044);
#20044 = SURFACE_SIDE_STYLE('',(#20045));
#20045 = SURFACE_STYLE_FILL_AREA(#20046);
#20046 = FILL_AREA_STYLE('',(#20047));
#20047 = FILL_AREA_STYLE_COLOUR('',#18256);
#20048 = STYLED_ITEM('color',(#20049),#1851);
#20049 = PRESENTATION_STYLE_ASSIGNMENT((#20050));
#20050 = SURFACE_STYLE_USAGE(.BOTH.,#20051);
#20051 = SURFACE_SIDE_STYLE('',(#20052));
#20052 = SURFACE_STYLE_FILL_AREA(#20053);
#20053 = FILL_AREA_STYLE('',(#20054));
#20054 = FILL_AREA_STYLE_COLOUR('',#18256);
#20055 = STYLED_ITEM('color',(#20056),#1876);
#20056 = PRESENTATION_STYLE_ASSIGNMENT((#20057));
#20057 = SURFACE_STYLE_USAGE(.BOTH.,#20058);
#20058 = SURFACE_SIDE_STYLE('',(#20059));
#20059 = SURFACE_STYLE_FILL_AREA(#20060);
#20060 = FILL_AREA_STYLE('',(#20061));
#20061 = FILL_AREA_STYLE_COLOUR('',#18256);
#20062 = STYLED_ITEM('color',(#20063),#1901);
#20063 = PRESENTATION_STYLE_ASSIGNMENT((#20064));
#20064 = SURFACE_STYLE_USAGE(.BOTH.,#20065);
#20065 = SURFACE_SIDE_STYLE('',(#20066));
#20066 = SURFACE_STYLE_FILL_AREA(#20067);
#20067 = FILL_AREA_STYLE('',(#20068));
#20068 = FILL_AREA_STYLE_COLOUR('',#18256);
#20069 = STYLED_ITEM('color',(#20070),#1925);
#20070 = PRESENTATION_STYLE_ASSIGNMENT((#20071));
#20071 = SURFACE_STYLE_USAGE(.BOTH.,#20072);
#20072 = SURFACE_SIDE_STYLE('',(#20073));
#20073 = SURFACE_STYLE_FILL_AREA(#20074);
#20074 = FILL_AREA_STYLE('',(#20075));
#20075 = FILL_AREA_STYLE_COLOUR('',#18256);
#20076 = STYLED_ITEM('color',(#20077),#1949);
#20077 = PRESENTATION_STYLE_ASSIGNMENT((#20078));
#20078 = SURFACE_STYLE_USAGE(.BOTH.,#20079);
#20079 = SURFACE_SIDE_STYLE('',(#20080));
#20080 = SURFACE_STYLE_FILL_AREA(#20081);
#20081 = FILL_AREA_STYLE('',(#20082));
#20082 = FILL_AREA_STYLE_COLOUR('',#18256);
#20083 = STYLED_ITEM('color',(#20084),#1974);
#20084 = PRESENTATION_STYLE_ASSIGNMENT((#20085));
#20085 = SURFACE_STYLE_USAGE(.BOTH.,#20086);
#20086 = SURFACE_SIDE_STYLE('',(#20087));
#20087 = SURFACE_STYLE_FILL_AREA(#20088);
#20088 = FILL_AREA_STYLE('',(#20089));
#20089 = FILL_AREA_STYLE_COLOUR('',#18256);
#20090 = STYLED_ITEM('color',(#20091),#1999);
#20091 = PRESENTATION_STYLE_ASSIGNMENT((#20092));
#20092 = SURFACE_STYLE_USAGE(.BOTH.,#20093);
#20093 = SURFACE_SIDE_STYLE('',(#20094));
#20094 = SURFACE_STYLE_FILL_AREA(#20095);
#20095 = FILL_AREA_STYLE('',(#20096));
#20096 = FILL_AREA_STYLE_COLOUR('',#18256);
#20097 = STYLED_ITEM('color',(#20098),#2016);
#20098 = PRESENTATION_STYLE_ASSIGNMENT((#20099));
#20099 = SURFACE_STYLE_USAGE(.BOTH.,#20100);
#20100 = SURFACE_SIDE_STYLE('',(#20101));
#20101 = SURFACE_STYLE_FILL_AREA(#20102);
#20102 = FILL_AREA_STYLE('',(#20103));
#20103 = FILL_AREA_STYLE_COLOUR('',#19686);
#20104 = STYLED_ITEM('color',(#20105),#2028);
#20105 = PRESENTATION_STYLE_ASSIGNMENT((#20106));
#20106 = SURFACE_STYLE_USAGE(.BOTH.,#20107);
#20107 = SURFACE_SIDE_STYLE('',(#20108));
#20108 = SURFACE_STYLE_FILL_AREA(#20109);
#20109 = FILL_AREA_STYLE('',(#20110));
#20110 = FILL_AREA_STYLE_COLOUR('',#18256);
#20111 = MECHANICAL_DESIGN_GEOMETRIC_PRESENTATION_REPRESENTATION('',(
    #20112,#20119,#20126,#20133,#20140,#20147,#20154,#20161,#20168,
    #20175,#20182,#20190,#20197,#20204,#20211,#20218,#20225,#20232,
    #20239,#20246,#20253,#20260,#20267,#20274,#20281,#20288,#20295,
    #20302),#10589);
#20112 = STYLED_ITEM('color',(#20113),#9737);
#20113 = PRESENTATION_STYLE_ASSIGNMENT((#20114));
#20114 = SURFACE_STYLE_USAGE(.BOTH.,#20115);
#20115 = SURFACE_SIDE_STYLE('',(#20116));
#20116 = SURFACE_STYLE_FILL_AREA(#20117);
#20117 = FILL_AREA_STYLE('',(#20118));
#20118 = FILL_AREA_STYLE_COLOUR('',#18256);
#20119 = STYLED_ITEM('color',(#20120),#9813);
#20120 = PRESENTATION_STYLE_ASSIGNMENT((#20121));
#20121 = SURFACE_STYLE_USAGE(.BOTH.,#20122);
#20122 = SURFACE_SIDE_STYLE('',(#20123));
#20123 = SURFACE_STYLE_FILL_AREA(#20124);
#20124 = FILL_AREA_STYLE('',(#20125));
#20125 = FILL_AREA_STYLE_COLOUR('',#18256);
#20126 = STYLED_ITEM('color',(#20127),#9844);
#20127 = PRESENTATION_STYLE_ASSIGNMENT((#20128));
#20128 = SURFACE_STYLE_USAGE(.BOTH.,#20129);
#20129 = SURFACE_SIDE_STYLE('',(#20130));
#20130 = SURFACE_STYLE_FILL_AREA(#20131);
#20131 = FILL_AREA_STYLE('',(#20132));
#20132 = FILL_AREA_STYLE_COLOUR('',#18256);
#20133 = STYLED_ITEM('color',(#20134),#9869);
#20134 = PRESENTATION_STYLE_ASSIGNMENT((#20135));
#20135 = SURFACE_STYLE_USAGE(.BOTH.,#20136);
#20136 = SURFACE_SIDE_STYLE('',(#20137));
#20137 = SURFACE_STYLE_FILL_AREA(#20138);
#20138 = FILL_AREA_STYLE('',(#20139));
#20139 = FILL_AREA_STYLE_COLOUR('',#18256);
#20140 = STYLED_ITEM('color',(#20141),#9894);
#20141 = PRESENTATION_STYLE_ASSIGNMENT((#20142));
#20142 = SURFACE_STYLE_USAGE(.BOTH.,#20143);
#20143 = SURFACE_SIDE_STYLE('',(#20144));
#20144 = SURFACE_STYLE_FILL_AREA(#20145);
#20145 = FILL_AREA_STYLE('',(#20146));
#20146 = FILL_AREA_STYLE_COLOUR('',#18256);
#20147 = STYLED_ITEM('color',(#20148),#9918);
#20148 = PRESENTATION_STYLE_ASSIGNMENT((#20149));
#20149 = SURFACE_STYLE_USAGE(.BOTH.,#20150);
#20150 = SURFACE_SIDE_STYLE('',(#20151));
#20151 = SURFACE_STYLE_FILL_AREA(#20152);
#20152 = FILL_AREA_STYLE('',(#20153));
#20153 = FILL_AREA_STYLE_COLOUR('',#18256);
#20154 = STYLED_ITEM('color',(#20155),#9942);
#20155 = PRESENTATION_STYLE_ASSIGNMENT((#20156));
#20156 = SURFACE_STYLE_USAGE(.BOTH.,#20157);
#20157 = SURFACE_SIDE_STYLE('',(#20158));
#20158 = SURFACE_STYLE_FILL_AREA(#20159);
#20159 = FILL_AREA_STYLE('',(#20160));
#20160 = FILL_AREA_STYLE_COLOUR('',#18256);
#20161 = STYLED_ITEM('color',(#20162),#9967);
#20162 = PRESENTATION_STYLE_ASSIGNMENT((#20163));
#20163 = SURFACE_STYLE_USAGE(.BOTH.,#20164);
#20164 = SURFACE_SIDE_STYLE('',(#20165));
#20165 = SURFACE_STYLE_FILL_AREA(#20166);
#20166 = FILL_AREA_STYLE('',(#20167));
#20167 = FILL_AREA_STYLE_COLOUR('',#18256);
#20168 = STYLED_ITEM('color',(#20169),#9992);
#20169 = PRESENTATION_STYLE_ASSIGNMENT((#20170));
#20170 = SURFACE_STYLE_USAGE(.BOTH.,#20171);
#20171 = SURFACE_SIDE_STYLE('',(#20172));
#20172 = SURFACE_STYLE_FILL_AREA(#20173);
#20173 = FILL_AREA_STYLE('',(#20174));
#20174 = FILL_AREA_STYLE_COLOUR('',#18256);
#20175 = STYLED_ITEM('color',(#20176),#10009);
#20176 = PRESENTATION_STYLE_ASSIGNMENT((#20177));
#20177 = SURFACE_STYLE_USAGE(.BOTH.,#20178);
#20178 = SURFACE_SIDE_STYLE('',(#20179));
#20179 = SURFACE_STYLE_FILL_AREA(#20180);
#20180 = FILL_AREA_STYLE('',(#20181));
#20181 = FILL_AREA_STYLE_COLOUR('',#18256);
#20182 = STYLED_ITEM('color',(#20183),#10095);
#20183 = PRESENTATION_STYLE_ASSIGNMENT((#20184));
#20184 = SURFACE_STYLE_USAGE(.BOTH.,#20185);
#20185 = SURFACE_SIDE_STYLE('',(#20186));
#20186 = SURFACE_STYLE_FILL_AREA(#20187);
#20187 = FILL_AREA_STYLE('',(#20188));
#20188 = FILL_AREA_STYLE_COLOUR('',#20189);
#20189 = COLOUR_RGB('',0.272999999305,0.272999999305,0.272999999305);
#20190 = STYLED_ITEM('color',(#20191),#10127);
#20191 = PRESENTATION_STYLE_ASSIGNMENT((#20192));
#20192 = SURFACE_STYLE_USAGE(.BOTH.,#20193);
#20193 = SURFACE_SIDE_STYLE('',(#20194));
#20194 = SURFACE_STYLE_FILL_AREA(#20195);
#20195 = FILL_AREA_STYLE('',(#20196));
#20196 = FILL_AREA_STYLE_COLOUR('',#20189);
#20197 = STYLED_ITEM('color',(#20198),#10151);
#20198 = PRESENTATION_STYLE_ASSIGNMENT((#20199));
#20199 = SURFACE_STYLE_USAGE(.BOTH.,#20200);
#20200 = SURFACE_SIDE_STYLE('',(#20201));
#20201 = SURFACE_STYLE_FILL_AREA(#20202);
#20202 = FILL_AREA_STYLE('',(#20203));
#20203 = FILL_AREA_STYLE_COLOUR('',#20189);
#20204 = STYLED_ITEM('color',(#20205),#10176);
#20205 = PRESENTATION_STYLE_ASSIGNMENT((#20206));
#20206 = SURFACE_STYLE_USAGE(.BOTH.,#20207);
#20207 = SURFACE_SIDE_STYLE('',(#20208));
#20208 = SURFACE_STYLE_FILL_AREA(#20209);
#20209 = FILL_AREA_STYLE('',(#20210));
#20210 = FILL_AREA_STYLE_COLOUR('',#20189);
#20211 = STYLED_ITEM('color',(#20212),#10200);
#20212 = PRESENTATION_STYLE_ASSIGNMENT((#20213));
#20213 = SURFACE_STYLE_USAGE(.BOTH.,#20214);
#20214 = SURFACE_SIDE_STYLE('',(#20215));
#20215 = SURFACE_STYLE_FILL_AREA(#20216);
#20216 = FILL_AREA_STYLE('',(#20217));
#20217 = FILL_AREA_STYLE_COLOUR('',#20189);
#20218 = STYLED_ITEM('color',(#20219),#10225);
#20219 = PRESENTATION_STYLE_ASSIGNMENT((#20220));
#20220 = SURFACE_STYLE_USAGE(.BOTH.,#20221);
#20221 = SURFACE_SIDE_STYLE('',(#20222));
#20222 = SURFACE_STYLE_FILL_AREA(#20223);
#20223 = FILL_AREA_STYLE('',(#20224));
#20224 = FILL_AREA_STYLE_COLOUR('',#20189);
#20225 = STYLED_ITEM('color',(#20226),#10249);
#20226 = PRESENTATION_STYLE_ASSIGNMENT((#20227));
#20227 = SURFACE_STYLE_USAGE(.BOTH.,#20228);
#20228 = SURFACE_SIDE_STYLE('',(#20229));
#20229 = SURFACE_STYLE_FILL_AREA(#20230);
#20230 = FILL_AREA_STYLE('',(#20231));
#20231 = FILL_AREA_STYLE_COLOUR('',#20189);
#20232 = STYLED_ITEM('color',(#20233),#10274);
#20233 = PRESENTATION_STYLE_ASSIGNMENT((#20234));
#20234 = SURFACE_STYLE_USAGE(.BOTH.,#20235);
#20235 = SURFACE_SIDE_STYLE('',(#20236));
#20236 = SURFACE_STYLE_FILL_AREA(#20237);
#20237 = FILL_AREA_STYLE('',(#20238));
#20238 = FILL_AREA_STYLE_COLOUR('',#20189);
#20239 = STYLED_ITEM('color',(#20240),#10291);
#20240 = PRESENTATION_STYLE_ASSIGNMENT((#20241));
#20241 = SURFACE_STYLE_USAGE(.BOTH.,#20242);
#20242 = SURFACE_SIDE_STYLE('',(#20243));
#20243 = SURFACE_STYLE_FILL_AREA(#20244);
#20244 = FILL_AREA_STYLE('',(#20245));
#20245 = FILL_AREA_STYLE_COLOUR('',#18256);
#20246 = STYLED_ITEM('color',(#20247),#10377);
#20247 = PRESENTATION_STYLE_ASSIGNMENT((#20248));
#20248 = SURFACE_STYLE_USAGE(.BOTH.,#20249);
#20249 = SURFACE_SIDE_STYLE('',(#20250));
#20250 = SURFACE_STYLE_FILL_AREA(#20251);
#20251 = FILL_AREA_STYLE('',(#20252));
#20252 = FILL_AREA_STYLE_COLOUR('',#18256);
#20253 = STYLED_ITEM('color',(#20254),#10408);
#20254 = PRESENTATION_STYLE_ASSIGNMENT((#20255));
#20255 = SURFACE_STYLE_USAGE(.BOTH.,#20256);
#20256 = SURFACE_SIDE_STYLE('',(#20257));
#20257 = SURFACE_STYLE_FILL_AREA(#20258);
#20258 = FILL_AREA_STYLE('',(#20259));
#20259 = FILL_AREA_STYLE_COLOUR('',#18256);
#20260 = STYLED_ITEM('color',(#20261),#10433);
#20261 = PRESENTATION_STYLE_ASSIGNMENT((#20262));
#20262 = SURFACE_STYLE_USAGE(.BOTH.,#20263);
#20263 = SURFACE_SIDE_STYLE('',(#20264));
#20264 = SURFACE_STYLE_FILL_AREA(#20265);
#20265 = FILL_AREA_STYLE('',(#20266));
#20266 = FILL_AREA_STYLE_COLOUR('',#18256);
#20267 = STYLED_ITEM('color',(#20268),#10458);
#20268 = PRESENTATION_STYLE_ASSIGNMENT((#20269));
#20269 = SURFACE_STYLE_USAGE(.BOTH.,#20270);
#20270 = SURFACE_SIDE_STYLE('',(#20271));
#20271 = SURFACE_STYLE_FILL_AREA(#20272);
#20272 = FILL_AREA_STYLE('',(#20273));
#20273 = FILL_AREA_STYLE_COLOUR('',#18256);
#20274 = STYLED_ITEM('color',(#20275),#10482);
#20275 = PRESENTATION_STYLE_ASSIGNMENT((#20276));
#20276 = SURFACE_STYLE_USAGE(.BOTH.,#20277);
#20277 = SURFACE_SIDE_STYLE('',(#20278));
#20278 = SURFACE_STYLE_FILL_AREA(#20279);
#20279 = FILL_AREA_STYLE('',(#20280));
#20280 = FILL_AREA_STYLE_COLOUR('',#18256);
#20281 = STYLED_ITEM('color',(#20282),#10506);
#20282 = PRESENTATION_STYLE_ASSIGNMENT((#20283));
#20283 = SURFACE_STYLE_USAGE(.BOTH.,#20284);
#20284 = SURFACE_SIDE_STYLE('',(#20285));
#20285 = SURFACE_STYLE_FILL_AREA(#20286);
#20286 = FILL_AREA_STYLE('',(#20287));
#20287 = FILL_AREA_STYLE_COLOUR('',#18256);
#20288 = STYLED_ITEM('color',(#20289),#10531);
#20289 = PRESENTATION_STYLE_ASSIGNMENT((#20290));
#20290 = SURFACE_STYLE_USAGE(.BOTH.,#20291);
#20291 = SURFACE_SIDE_STYLE('',(#20292));
#20292 = SURFACE_STYLE_FILL_AREA(#20293);
#20293 = FILL_AREA_STYLE('',(#20294));
#20294 = FILL_AREA_STYLE_COLOUR('',#18256);
#20295 = STYLED_ITEM('color',(#20296),#10556);
#20296 = PRESENTATION_STYLE_ASSIGNMENT((#20297));
#20297 = SURFACE_STYLE_USAGE(.BOTH.,#20298);
#20298 = SURFACE_SIDE_STYLE('',(#20299));
#20299 = SURFACE_STYLE_FILL_AREA(#20300);
#20300 = FILL_AREA_STYLE('',(#20301));
#20301 = FILL_AREA_STYLE_COLOUR('',#18256);
#20302 = STYLED_ITEM('color',(#20303),#10573);
#20303 = PRESENTATION_STYLE_ASSIGNMENT((#20304));
#20304 = SURFACE_STYLE_USAGE(.BOTH.,#20305);
#20305 = SURFACE_SIDE_STYLE('',(#20306));
#20306 = SURFACE_STYLE_FILL_AREA(#20307);
#20307 = FILL_AREA_STYLE('',(#20308));
#20308 = FILL_AREA_STYLE_COLOUR('',#18256);
#20309 = MECHANICAL_DESIGN_GEOMETRIC_PRESENTATION_REPRESENTATION('',(
    #20310,#20317,#20324,#20331,#20338,#20345,#20352,#20359,#20366,
    #20373,#20381,#20388,#20395,#20402,#20409,#20416,#20423,#20430,
    #20437,#20445,#20452,#20459,#20466,#20473,#20480,#20487,#20494,
    #20501),#17702);
#20310 = STYLED_ITEM('color',(#20311),#16850);
#20311 = PRESENTATION_STYLE_ASSIGNMENT((#20312));
#20312 = SURFACE_STYLE_USAGE(.BOTH.,#20313);
#20313 = SURFACE_SIDE_STYLE('',(#20314));
#20314 = SURFACE_STYLE_FILL_AREA(#20315);
#20315 = FILL_AREA_STYLE('',(#20316));
#20316 = FILL_AREA_STYLE_COLOUR('',#18256);
#20317 = STYLED_ITEM('color',(#20318),#16926);
#20318 = PRESENTATION_STYLE_ASSIGNMENT((#20319));
#20319 = SURFACE_STYLE_USAGE(.BOTH.,#20320);
#20320 = SURFACE_SIDE_STYLE('',(#20321));
#20321 = SURFACE_STYLE_FILL_AREA(#20322);
#20322 = FILL_AREA_STYLE('',(#20323));
#20323 = FILL_AREA_STYLE_COLOUR('',#18256);
#20324 = STYLED_ITEM('color',(#20325),#16957);
#20325 = PRESENTATION_STYLE_ASSIGNMENT((#20326));
#20326 = SURFACE_STYLE_USAGE(.BOTH.,#20327);
#20327 = SURFACE_SIDE_STYLE('',(#20328));
#20328 = SURFACE_STYLE_FILL_AREA(#20329);
#20329 = FILL_AREA_STYLE('',(#20330));
#20330 = FILL_AREA_STYLE_COLOUR('',#18256);
#20331 = STYLED_ITEM('color',(#20332),#16982);
#20332 = PRESENTATION_STYLE_ASSIGNMENT((#20333));
#20333 = SURFACE_STYLE_USAGE(.BOTH.,#20334);
#20334 = SURFACE_SIDE_STYLE('',(#20335));
#20335 = SURFACE_STYLE_FILL_AREA(#20336);
#20336 = FILL_AREA_STYLE('',(#20337));
#20337 = FILL_AREA_STYLE_COLOUR('',#18256);
#20338 = STYLED_ITEM('color',(#20339),#17006);
#20339 = PRESENTATION_STYLE_ASSIGNMENT((#20340));
#20340 = SURFACE_STYLE_USAGE(.BOTH.,#20341);
#20341 = SURFACE_SIDE_STYLE('',(#20342));
#20342 = SURFACE_STYLE_FILL_AREA(#20343);
#20343 = FILL_AREA_STYLE('',(#20344));
#20344 = FILL_AREA_STYLE_COLOUR('',#18256);
#20345 = STYLED_ITEM('color',(#20346),#17031);
#20346 = PRESENTATION_STYLE_ASSIGNMENT((#20347));
#20347 = SURFACE_STYLE_USAGE(.BOTH.,#20348);
#20348 = SURFACE_SIDE_STYLE('',(#20349));
#20349 = SURFACE_STYLE_FILL_AREA(#20350);
#20350 = FILL_AREA_STYLE('',(#20351));
#20351 = FILL_AREA_STYLE_COLOUR('',#18256);
#20352 = STYLED_ITEM('color',(#20353),#17055);
#20353 = PRESENTATION_STYLE_ASSIGNMENT((#20354));
#20354 = SURFACE_STYLE_USAGE(.BOTH.,#20355);
#20355 = SURFACE_SIDE_STYLE('',(#20356));
#20356 = SURFACE_STYLE_FILL_AREA(#20357);
#20357 = FILL_AREA_STYLE('',(#20358));
#20358 = FILL_AREA_STYLE_COLOUR('',#18256);
#20359 = STYLED_ITEM('color',(#20360),#17080);
#20360 = PRESENTATION_STYLE_ASSIGNMENT((#20361));
#20361 = SURFACE_STYLE_USAGE(.BOTH.,#20362);
#20362 = SURFACE_SIDE_STYLE('',(#20363));
#20363 = SURFACE_STYLE_FILL_AREA(#20364);
#20364 = FILL_AREA_STYLE('',(#20365));
#20365 = FILL_AREA_STYLE_COLOUR('',#18256);
#20366 = STYLED_ITEM('color',(#20367),#17104);
#20367 = PRESENTATION_STYLE_ASSIGNMENT((#20368));
#20368 = SURFACE_STYLE_USAGE(.BOTH.,#20369);
#20369 = SURFACE_SIDE_STYLE('',(#20370));
#20370 = SURFACE_STYLE_FILL_AREA(#20371);
#20371 = FILL_AREA_STYLE('',(#20372));
#20372 = FILL_AREA_STYLE_COLOUR('',#18256);
#20373 = STYLED_ITEM('color',(#20374),#17122);
#20374 = PRESENTATION_STYLE_ASSIGNMENT((#20375));
#20375 = SURFACE_STYLE_USAGE(.BOTH.,#20376);
#20376 = SURFACE_SIDE_STYLE('',(#20377));
#20377 = SURFACE_STYLE_FILL_AREA(#20378);
#20378 = FILL_AREA_STYLE('',(#20379));
#20379 = FILL_AREA_STYLE_COLOUR('',#20380);
#20380 = COLOUR_RGB('',0.859000020776,0.737999965183,0.495999988746);
#20381 = STYLED_ITEM('color',(#20382),#17208);
#20382 = PRESENTATION_STYLE_ASSIGNMENT((#20383));
#20383 = SURFACE_STYLE_USAGE(.BOTH.,#20384);
#20384 = SURFACE_SIDE_STYLE('',(#20385));
#20385 = SURFACE_STYLE_FILL_AREA(#20386);
#20386 = FILL_AREA_STYLE('',(#20387));
#20387 = FILL_AREA_STYLE_COLOUR('',#20380);
#20388 = STYLED_ITEM('color',(#20389),#17239);
#20389 = PRESENTATION_STYLE_ASSIGNMENT((#20390));
#20390 = SURFACE_STYLE_USAGE(.BOTH.,#20391);
#20391 = SURFACE_SIDE_STYLE('',(#20392));
#20392 = SURFACE_STYLE_FILL_AREA(#20393);
#20393 = FILL_AREA_STYLE('',(#20394));
#20394 = FILL_AREA_STYLE_COLOUR('',#20380);
#20395 = STYLED_ITEM('color',(#20396),#17264);
#20396 = PRESENTATION_STYLE_ASSIGNMENT((#20397));
#20397 = SURFACE_STYLE_USAGE(.BOTH.,#20398);
#20398 = SURFACE_SIDE_STYLE('',(#20399));
#20399 = SURFACE_STYLE_FILL_AREA(#20400);
#20400 = FILL_AREA_STYLE('',(#20401));
#20401 = FILL_AREA_STYLE_COLOUR('',#20380);
#20402 = STYLED_ITEM('color',(#20403),#17289);
#20403 = PRESENTATION_STYLE_ASSIGNMENT((#20404));
#20404 = SURFACE_STYLE_USAGE(.BOTH.,#20405);
#20405 = SURFACE_SIDE_STYLE('',(#20406));
#20406 = SURFACE_STYLE_FILL_AREA(#20407);
#20407 = FILL_AREA_STYLE('',(#20408));
#20408 = FILL_AREA_STYLE_COLOUR('',#20380);
#20409 = STYLED_ITEM('color',(#20410),#17313);
#20410 = PRESENTATION_STYLE_ASSIGNMENT((#20411));
#20411 = SURFACE_STYLE_USAGE(.BOTH.,#20412);
#20412 = SURFACE_SIDE_STYLE('',(#20413));
#20413 = SURFACE_STYLE_FILL_AREA(#20414);
#20414 = FILL_AREA_STYLE('',(#20415));
#20415 = FILL_AREA_STYLE_COLOUR('',#20380);
#20416 = STYLED_ITEM('color',(#20417),#17337);
#20417 = PRESENTATION_STYLE_ASSIGNMENT((#20418));
#20418 = SURFACE_STYLE_USAGE(.BOTH.,#20419);
#20419 = SURFACE_SIDE_STYLE('',(#20420));
#20420 = SURFACE_STYLE_FILL_AREA(#20421);
#20421 = FILL_AREA_STYLE('',(#20422));
#20422 = FILL_AREA_STYLE_COLOUR('',#20380);
#20423 = STYLED_ITEM('color',(#20424),#17362);
#20424 = PRESENTATION_STYLE_ASSIGNMENT((#20425));
#20425 = SURFACE_STYLE_USAGE(.BOTH.,#20426);
#20426 = SURFACE_SIDE_STYLE('',(#20427));
#20427 = SURFACE_STYLE_FILL_AREA(#20428);
#20428 = FILL_AREA_STYLE('',(#20429));
#20429 = FILL_AREA_STYLE_COLOUR('',#20380);
#20430 = STYLED_ITEM('color',(#20431),#17387);
#20431 = PRESENTATION_STYLE_ASSIGNMENT((#20432));
#20432 = SURFACE_STYLE_USAGE(.BOTH.,#20433);
#20433 = SURFACE_SIDE_STYLE('',(#20434));
#20434 = SURFACE_STYLE_FILL_AREA(#20435);
#20435 = FILL_AREA_STYLE('',(#20436));
#20436 = FILL_AREA_STYLE_COLOUR('',#20380);
#20437 = STYLED_ITEM('color',(#20438),#17404);
#20438 = PRESENTATION_STYLE_ASSIGNMENT((#20439));
#20439 = SURFACE_STYLE_USAGE(.BOTH.,#20440);
#20440 = SURFACE_SIDE_STYLE('',(#20441));
#20441 = SURFACE_STYLE_FILL_AREA(#20442);
#20442 = FILL_AREA_STYLE('',(#20443));
#20443 = FILL_AREA_STYLE_COLOUR('',#20444);
#20444 = COLOUR_RGB('',0.1599999992,0.1599999992,0.1599999992);
#20445 = STYLED_ITEM('color',(#20446),#17490);
#20446 = PRESENTATION_STYLE_ASSIGNMENT((#20447));
#20447 = SURFACE_STYLE_USAGE(.BOTH.,#20448);
#20448 = SURFACE_SIDE_STYLE('',(#20449));
#20449 = SURFACE_STYLE_FILL_AREA(#20450);
#20450 = FILL_AREA_STYLE('',(#20451));
#20451 = FILL_AREA_STYLE_COLOUR('',#20444);
#20452 = STYLED_ITEM('color',(#20453),#17521);
#20453 = PRESENTATION_STYLE_ASSIGNMENT((#20454));
#20454 = SURFACE_STYLE_USAGE(.BOTH.,#20455);
#20455 = SURFACE_SIDE_STYLE('',(#20456));
#20456 = SURFACE_STYLE_FILL_AREA(#20457);
#20457 = FILL_AREA_STYLE('',(#20458));
#20458 = FILL_AREA_STYLE_COLOUR('',#20444);
#20459 = STYLED_ITEM('color',(#20460),#17546);
#20460 = PRESENTATION_STYLE_ASSIGNMENT((#20461));
#20461 = SURFACE_STYLE_USAGE(.BOTH.,#20462);
#20462 = SURFACE_SIDE_STYLE('',(#20463));
#20463 = SURFACE_STYLE_FILL_AREA(#20464);
#20464 = FILL_AREA_STYLE('',(#20465));
#20465 = FILL_AREA_STYLE_COLOUR('',#20444);
#20466 = STYLED_ITEM('color',(#20467),#17571);
#20467 = PRESENTATION_STYLE_ASSIGNMENT((#20468));
#20468 = SURFACE_STYLE_USAGE(.BOTH.,#20469);
#20469 = SURFACE_SIDE_STYLE('',(#20470));
#20470 = SURFACE_STYLE_FILL_AREA(#20471);
#20471 = FILL_AREA_STYLE('',(#20472));
#20472 = FILL_AREA_STYLE_COLOUR('',#20444);
#20473 = STYLED_ITEM('color',(#20474),#17595);
#20474 = PRESENTATION_STYLE_ASSIGNMENT((#20475));
#20475 = SURFACE_STYLE_USAGE(.BOTH.,#20476);
#20476 = SURFACE_SIDE_STYLE('',(#20477));
#20477 = SURFACE_STYLE_FILL_AREA(#20478);
#20478 = FILL_AREA_STYLE('',(#20479));
#20479 = FILL_AREA_STYLE_COLOUR('',#20444);
#20480 = STYLED_ITEM('color',(#20481),#17619);
#20481 = PRESENTATION_STYLE_ASSIGNMENT((#20482));
#20482 = SURFACE_STYLE_USAGE(.BOTH.,#20483);
#20483 = SURFACE_SIDE_STYLE('',(#20484));
#20484 = SURFACE_STYLE_FILL_AREA(#20485);
#20485 = FILL_AREA_STYLE('',(#20486));
#20486 = FILL_AREA_STYLE_COLOUR('',#20444);
#20487 = STYLED_ITEM('color',(#20488),#17644);
#20488 = PRESENTATION_STYLE_ASSIGNMENT((#20489));
#20489 = SURFACE_STYLE_USAGE(.BOTH.,#20490);
#20490 = SURFACE_SIDE_STYLE('',(#20491));
#20491 = SURFACE_STYLE_FILL_AREA(#20492);
#20492 = FILL_AREA_STYLE('',(#20493));
#20493 = FILL_AREA_STYLE_COLOUR('',#20444);
#20494 = STYLED_ITEM('color',(#20495),#17669);
#20495 = PRESENTATION_STYLE_ASSIGNMENT((#20496));
#20496 = SURFACE_STYLE_USAGE(.BOTH.,#20497);
#20497 = SURFACE_SIDE_STYLE('',(#20498));
#20498 = SURFACE_STYLE_FILL_AREA(#20499);
#20499 = FILL_AREA_STYLE('',(#20500));
#20500 = FILL_AREA_STYLE_COLOUR('',#20444);
#20501 = STYLED_ITEM('color',(#20502),#17686);
#20502 = PRESENTATION_STYLE_ASSIGNMENT((#20503));
#20503 = SURFACE_STYLE_USAGE(.BOTH.,#20504);
#20504 = SURFACE_SIDE_STYLE('',(#20505));
#20505 = SURFACE_STYLE_FILL_AREA(#20506);
#20506 = FILL_AREA_STYLE('',(#20507));
#20507 = FILL_AREA_STYLE_COLOUR('',#20444);
#20508 = MECHANICAL_DESIGN_GEOMETRIC_PRESENTATION_REPRESENTATION('',(
    #20509),#18237);
#20509 = STYLED_ITEM('color',(#20510),#17736);
#20510 = PRESENTATION_STYLE_ASSIGNMENT((#20511));
#20511 = SURFACE_STYLE_USAGE(.BOTH.,#20512);
#20512 = SURFACE_SIDE_STYLE('',(#20513));
#20513 = SURFACE_STYLE_FILL_AREA(#20514);
#20514 = FILL_AREA_STYLE('',(#20515));
#20515 = FILL_AREA_STYLE_COLOUR('',#20516);
#20516 = COLOUR_RGB('',0.313304153717,0.484529207832,0.410020903123);
#20517 = MECHANICAL_DESIGN_GEOMETRIC_PRESENTATION_REPRESENTATION('',(
    #20518,#20525,#20532,#20539,#20546,#20553,#20560,#20567,#20574,
    #20581,#20588,#20595,#20602,#20609,#20616,#20623,#20630,#20637,
    #20644,#20651,#20658,#20665,#20672,#20679,#20686,#20693,#20700,
    #20707,#20714,#20721,#20728,#20735,#20742,#20749,#20756,#20763,
    #20770,#20777,#20784,#20791,#20798,#20805,#20812,#20819,#20826,
    #20833,#20840,#20847,#20854,#20861,#20868,#20875,#20882,#20889,
    #20896,#20903,#20910,#20917,#20924,#20931,#20938,#20945,#20952,
    #20959,#20966,#20973,#20980,#20987,#20994,#21001,#21008,#21015,
    #21022,#21029,#21036,#21043,#21050,#21057,#21064,#21071,#21078,
    #21085,#21092,#21099,#21106,#21113,#21120,#21127,#21134,#21141,
    #21148,#21155,#21162,#21169,#21176,#21183,#21190,#21197,#21204,
    #21211,#21218,#21225,#21232,#21239,#21246,#21253,#21260,#21267,
    #21274,#21281,#21288,#21295,#21302,#21309,#21316,#21323,#21330,
    #21337,#21344,#21351,#21358,#21365,#21372,#21379,#21386,#21393,
    #21400,#21407,#21414,#21421,#21428,#21435,#21442,#21449,#21456,
    #21463,#21470,#21477,#21484,#21491,#21498,#21505,#21512,#21519,
    #21526,#21533,#21540,#21547,#21554,#21561,#21568,#21575,#21582,
    #21589,#21596,#21603,#21610,#21617,#21624,#21631,#21638,#21645,
    #21652,#21659,#21666,#21673,#21680,#21687,#21694,#21701,#21708,
    #21715,#21722,#21729,#21736,#21743,#21750,#21757,#21764,#21771,
    #21778,#21785,#21792,#21799,#21806,#21813,#21820,#21827,#21834,
    #21841,#21848,#21855,#21862,#21869,#21876,#21883,#21890,#21897,
    #21904,#21911,#21918,#21925,#21932,#21939,#21946,#21953,#21960,
    #21967,#21974,#21981,#21988,#21995,#22002,#22009,#22016,#22023,
    #22030,#22037,#22044,#22051),#16796);
#20518 = STYLED_ITEM('color',(#20519),#10648);
#20519 = PRESENTATION_STYLE_ASSIGNMENT((#20520));
#20520 = SURFACE_STYLE_USAGE(.BOTH.,#20521);
#20521 = SURFACE_SIDE_STYLE('',(#20522));
#20522 = SURFACE_STYLE_FILL_AREA(#20523);
#20523 = FILL_AREA_STYLE('',(#20524));
#20524 = FILL_AREA_STYLE_COLOUR('',#18278);
#20525 = STYLED_ITEM('color',(#20526),#10688);
#20526 = PRESENTATION_STYLE_ASSIGNMENT((#20527));
#20527 = SURFACE_STYLE_USAGE(.BOTH.,#20528);
#20528 = SURFACE_SIDE_STYLE('',(#20529));
#20529 = SURFACE_STYLE_FILL_AREA(#20530);
#20530 = FILL_AREA_STYLE('',(#20531));
#20531 = FILL_AREA_STYLE_COLOUR('',#18278);
#20532 = STYLED_ITEM('color',(#20533),#10719);
#20533 = PRESENTATION_STYLE_ASSIGNMENT((#20534));
#20534 = SURFACE_STYLE_USAGE(.BOTH.,#20535);
#20535 = SURFACE_SIDE_STYLE('',(#20536));
#20536 = SURFACE_STYLE_FILL_AREA(#20537);
#20537 = FILL_AREA_STYLE('',(#20538));
#20538 = FILL_AREA_STYLE_COLOUR('',#18278);
#20539 = STYLED_ITEM('color',(#20540),#10750);
#20540 = PRESENTATION_STYLE_ASSIGNMENT((#20541));
#20541 = SURFACE_STYLE_USAGE(.BOTH.,#20542);
#20542 = SURFACE_SIDE_STYLE('',(#20543));
#20543 = SURFACE_STYLE_FILL_AREA(#20544);
#20544 = FILL_AREA_STYLE('',(#20545));
#20545 = FILL_AREA_STYLE_COLOUR('',#18278);
#20546 = STYLED_ITEM('color',(#20547),#11489);
#20547 = PRESENTATION_STYLE_ASSIGNMENT((#20548));
#20548 = SURFACE_STYLE_USAGE(.BOTH.,#20549);
#20549 = SURFACE_SIDE_STYLE('',(#20550));
#20550 = SURFACE_STYLE_FILL_AREA(#20551);
#20551 = FILL_AREA_STYLE('',(#20552));
#20552 = FILL_AREA_STYLE_COLOUR('',#18278);
#20553 = STYLED_ITEM('color',(#20554),#12228);
#20554 = PRESENTATION_STYLE_ASSIGNMENT((#20555));
#20555 = SURFACE_STYLE_USAGE(.BOTH.,#20556);
#20556 = SURFACE_SIDE_STYLE('',(#20557));
#20557 = SURFACE_STYLE_FILL_AREA(#20558);
#20558 = FILL_AREA_STYLE('',(#20559));
#20559 = FILL_AREA_STYLE_COLOUR('',#18278);
#20560 = STYLED_ITEM('color',(#20561),#12245);
#20561 = PRESENTATION_STYLE_ASSIGNMENT((#20562));
#20562 = SURFACE_STYLE_USAGE(.BOTH.,#20563);
#20563 = SURFACE_SIDE_STYLE('',(#20564));
#20564 = SURFACE_STYLE_FILL_AREA(#20565);
#20565 = FILL_AREA_STYLE('',(#20566));
#20566 = FILL_AREA_STYLE_COLOUR('',#18278);
#20567 = STYLED_ITEM('color',(#20568),#12262);
#20568 = PRESENTATION_STYLE_ASSIGNMENT((#20569));
#20569 = SURFACE_STYLE_USAGE(.BOTH.,#20570);
#20570 = SURFACE_SIDE_STYLE('',(#20571));
#20571 = SURFACE_STYLE_FILL_AREA(#20572);
#20572 = FILL_AREA_STYLE('',(#20573));
#20573 = FILL_AREA_STYLE_COLOUR('',#18278);
#20574 = STYLED_ITEM('color',(#20575),#12279);
#20575 = PRESENTATION_STYLE_ASSIGNMENT((#20576));
#20576 = SURFACE_STYLE_USAGE(.BOTH.,#20577);
#20577 = SURFACE_SIDE_STYLE('',(#20578));
#20578 = SURFACE_STYLE_FILL_AREA(#20579);
#20579 = FILL_AREA_STYLE('',(#20580));
#20580 = FILL_AREA_STYLE_COLOUR('',#18278);
#20581 = STYLED_ITEM('color',(#20582),#12296);
#20582 = PRESENTATION_STYLE_ASSIGNMENT((#20583));
#20583 = SURFACE_STYLE_USAGE(.BOTH.,#20584);
#20584 = SURFACE_SIDE_STYLE('',(#20585));
#20585 = SURFACE_STYLE_FILL_AREA(#20586);
#20586 = FILL_AREA_STYLE('',(#20587));
#20587 = FILL_AREA_STYLE_COLOUR('',#18278);
#20588 = STYLED_ITEM('color',(#20589),#12313);
#20589 = PRESENTATION_STYLE_ASSIGNMENT((#20590));
#20590 = SURFACE_STYLE_USAGE(.BOTH.,#20591);
#20591 = SURFACE_SIDE_STYLE('',(#20592));
#20592 = SURFACE_STYLE_FILL_AREA(#20593);
#20593 = FILL_AREA_STYLE('',(#20594));
#20594 = FILL_AREA_STYLE_COLOUR('',#18278);
#20595 = STYLED_ITEM('color',(#20596),#12330);
#20596 = PRESENTATION_STYLE_ASSIGNMENT((#20597));
#20597 = SURFACE_STYLE_USAGE(.BOTH.,#20598);
#20598 = SURFACE_SIDE_STYLE('',(#20599));
#20599 = SURFACE_STYLE_FILL_AREA(#20600);
#20600 = FILL_AREA_STYLE('',(#20601));
#20601 = FILL_AREA_STYLE_COLOUR('',#18278);
#20602 = STYLED_ITEM('color',(#20603),#12347);
#20603 = PRESENTATION_STYLE_ASSIGNMENT((#20604));
#20604 = SURFACE_STYLE_USAGE(.BOTH.,#20605);
#20605 = SURFACE_SIDE_STYLE('',(#20606));
#20606 = SURFACE_STYLE_FILL_AREA(#20607);
#20607 = FILL_AREA_STYLE('',(#20608));
#20608 = FILL_AREA_STYLE_COLOUR('',#18278);
#20609 = STYLED_ITEM('color',(#20610),#12364);
#20610 = PRESENTATION_STYLE_ASSIGNMENT((#20611));
#20611 = SURFACE_STYLE_USAGE(.BOTH.,#20612);
#20612 = SURFACE_SIDE_STYLE('',(#20613));
#20613 = SURFACE_STYLE_FILL_AREA(#20614);
#20614 = FILL_AREA_STYLE('',(#20615));
#20615 = FILL_AREA_STYLE_COLOUR('',#18278);
#20616 = STYLED_ITEM('color',(#20617),#12381);
#20617 = PRESENTATION_STYLE_ASSIGNMENT((#20618));
#20618 = SURFACE_STYLE_USAGE(.BOTH.,#20619);
#20619 = SURFACE_SIDE_STYLE('',(#20620));
#20620 = SURFACE_STYLE_FILL_AREA(#20621);
#20621 = FILL_AREA_STYLE('',(#20622));
#20622 = FILL_AREA_STYLE_COLOUR('',#18278);
#20623 = STYLED_ITEM('color',(#20624),#12398);
#20624 = PRESENTATION_STYLE_ASSIGNMENT((#20625));
#20625 = SURFACE_STYLE_USAGE(.BOTH.,#20626);
#20626 = SURFACE_SIDE_STYLE('',(#20627));
#20627 = SURFACE_STYLE_FILL_AREA(#20628);
#20628 = FILL_AREA_STYLE('',(#20629));
#20629 = FILL_AREA_STYLE_COLOUR('',#18278);
#20630 = STYLED_ITEM('color',(#20631),#12415);
#20631 = PRESENTATION_STYLE_ASSIGNMENT((#20632));
#20632 = SURFACE_STYLE_USAGE(.BOTH.,#20633);
#20633 = SURFACE_SIDE_STYLE('',(#20634));
#20634 = SURFACE_STYLE_FILL_AREA(#20635);
#20635 = FILL_AREA_STYLE('',(#20636));
#20636 = FILL_AREA_STYLE_COLOUR('',#18278);
#20637 = STYLED_ITEM('color',(#20638),#12432);
#20638 = PRESENTATION_STYLE_ASSIGNMENT((#20639));
#20639 = SURFACE_STYLE_USAGE(.BOTH.,#20640);
#20640 = SURFACE_SIDE_STYLE('',(#20641));
#20641 = SURFACE_STYLE_FILL_AREA(#20642);
#20642 = FILL_AREA_STYLE('',(#20643));
#20643 = FILL_AREA_STYLE_COLOUR('',#18278);
#20644 = STYLED_ITEM('color',(#20645),#12449);
#20645 = PRESENTATION_STYLE_ASSIGNMENT((#20646));
#20646 = SURFACE_STYLE_USAGE(.BOTH.,#20647);
#20647 = SURFACE_SIDE_STYLE('',(#20648));
#20648 = SURFACE_STYLE_FILL_AREA(#20649);
#20649 = FILL_AREA_STYLE('',(#20650));
#20650 = FILL_AREA_STYLE_COLOUR('',#18278);
#20651 = STYLED_ITEM('color',(#20652),#12466);
#20652 = PRESENTATION_STYLE_ASSIGNMENT((#20653));
#20653 = SURFACE_STYLE_USAGE(.BOTH.,#20654);
#20654 = SURFACE_SIDE_STYLE('',(#20655));
#20655 = SURFACE_STYLE_FILL_AREA(#20656);
#20656 = FILL_AREA_STYLE('',(#20657));
#20657 = FILL_AREA_STYLE_COLOUR('',#18278);
#20658 = STYLED_ITEM('color',(#20659),#12483);
#20659 = PRESENTATION_STYLE_ASSIGNMENT((#20660));
#20660 = SURFACE_STYLE_USAGE(.BOTH.,#20661);
#20661 = SURFACE_SIDE_STYLE('',(#20662));
#20662 = SURFACE_STYLE_FILL_AREA(#20663);
#20663 = FILL_AREA_STYLE('',(#20664));
#20664 = FILL_AREA_STYLE_COLOUR('',#18278);
#20665 = STYLED_ITEM('color',(#20666),#12500);
#20666 = PRESENTATION_STYLE_ASSIGNMENT((#20667));
#20667 = SURFACE_STYLE_USAGE(.BOTH.,#20668);
#20668 = SURFACE_SIDE_STYLE('',(#20669));
#20669 = SURFACE_STYLE_FILL_AREA(#20670);
#20670 = FILL_AREA_STYLE('',(#20671));
#20671 = FILL_AREA_STYLE_COLOUR('',#18278);
#20672 = STYLED_ITEM('color',(#20673),#12517);
#20673 = PRESENTATION_STYLE_ASSIGNMENT((#20674));
#20674 = SURFACE_STYLE_USAGE(.BOTH.,#20675);
#20675 = SURFACE_SIDE_STYLE('',(#20676));
#20676 = SURFACE_STYLE_FILL_AREA(#20677);
#20677 = FILL_AREA_STYLE('',(#20678));
#20678 = FILL_AREA_STYLE_COLOUR('',#18278);
#20679 = STYLED_ITEM('color',(#20680),#12534);
#20680 = PRESENTATION_STYLE_ASSIGNMENT((#20681));
#20681 = SURFACE_STYLE_USAGE(.BOTH.,#20682);
#20682 = SURFACE_SIDE_STYLE('',(#20683));
#20683 = SURFACE_STYLE_FILL_AREA(#20684);
#20684 = FILL_AREA_STYLE('',(#20685));
#20685 = FILL_AREA_STYLE_COLOUR('',#18278);
#20686 = STYLED_ITEM('color',(#20687),#12551);
#20687 = PRESENTATION_STYLE_ASSIGNMENT((#20688));
#20688 = SURFACE_STYLE_USAGE(.BOTH.,#20689);
#20689 = SURFACE_SIDE_STYLE('',(#20690));
#20690 = SURFACE_STYLE_FILL_AREA(#20691);
#20691 = FILL_AREA_STYLE('',(#20692));
#20692 = FILL_AREA_STYLE_COLOUR('',#18278);
#20693 = STYLED_ITEM('color',(#20694),#12568);
#20694 = PRESENTATION_STYLE_ASSIGNMENT((#20695));
#20695 = SURFACE_STYLE_USAGE(.BOTH.,#20696);
#20696 = SURFACE_SIDE_STYLE('',(#20697));
#20697 = SURFACE_STYLE_FILL_AREA(#20698);
#20698 = FILL_AREA_STYLE('',(#20699));
#20699 = FILL_AREA_STYLE_COLOUR('',#18278);
#20700 = STYLED_ITEM('color',(#20701),#12585);
#20701 = PRESENTATION_STYLE_ASSIGNMENT((#20702));
#20702 = SURFACE_STYLE_USAGE(.BOTH.,#20703);
#20703 = SURFACE_SIDE_STYLE('',(#20704));
#20704 = SURFACE_STYLE_FILL_AREA(#20705);
#20705 = FILL_AREA_STYLE('',(#20706));
#20706 = FILL_AREA_STYLE_COLOUR('',#18278);
#20707 = STYLED_ITEM('color',(#20708),#12602);
#20708 = PRESENTATION_STYLE_ASSIGNMENT((#20709));
#20709 = SURFACE_STYLE_USAGE(.BOTH.,#20710);
#20710 = SURFACE_SIDE_STYLE('',(#20711));
#20711 = SURFACE_STYLE_FILL_AREA(#20712);
#20712 = FILL_AREA_STYLE('',(#20713));
#20713 = FILL_AREA_STYLE_COLOUR('',#18278);
#20714 = STYLED_ITEM('color',(#20715),#12619);
#20715 = PRESENTATION_STYLE_ASSIGNMENT((#20716));
#20716 = SURFACE_STYLE_USAGE(.BOTH.,#20717);
#20717 = SURFACE_SIDE_STYLE('',(#20718));
#20718 = SURFACE_STYLE_FILL_AREA(#20719);
#20719 = FILL_AREA_STYLE('',(#20720));
#20720 = FILL_AREA_STYLE_COLOUR('',#18278);
#20721 = STYLED_ITEM('color',(#20722),#12636);
#20722 = PRESENTATION_STYLE_ASSIGNMENT((#20723));
#20723 = SURFACE_STYLE_USAGE(.BOTH.,#20724);
#20724 = SURFACE_SIDE_STYLE('',(#20725));
#20725 = SURFACE_STYLE_FILL_AREA(#20726);
#20726 = FILL_AREA_STYLE('',(#20727));
#20727 = FILL_AREA_STYLE_COLOUR('',#18278);
#20728 = STYLED_ITEM('color',(#20729),#12653);
#20729 = PRESENTATION_STYLE_ASSIGNMENT((#20730));
#20730 = SURFACE_STYLE_USAGE(.BOTH.,#20731);
#20731 = SURFACE_SIDE_STYLE('',(#20732));
#20732 = SURFACE_STYLE_FILL_AREA(#20733);
#20733 = FILL_AREA_STYLE('',(#20734));
#20734 = FILL_AREA_STYLE_COLOUR('',#18278);
#20735 = STYLED_ITEM('color',(#20736),#12670);
#20736 = PRESENTATION_STYLE_ASSIGNMENT((#20737));
#20737 = SURFACE_STYLE_USAGE(.BOTH.,#20738);
#20738 = SURFACE_SIDE_STYLE('',(#20739));
#20739 = SURFACE_STYLE_FILL_AREA(#20740);
#20740 = FILL_AREA_STYLE('',(#20741));
#20741 = FILL_AREA_STYLE_COLOUR('',#18278);
#20742 = STYLED_ITEM('color',(#20743),#12687);
#20743 = PRESENTATION_STYLE_ASSIGNMENT((#20744));
#20744 = SURFACE_STYLE_USAGE(.BOTH.,#20745);
#20745 = SURFACE_SIDE_STYLE('',(#20746));
#20746 = SURFACE_STYLE_FILL_AREA(#20747);
#20747 = FILL_AREA_STYLE('',(#20748));
#20748 = FILL_AREA_STYLE_COLOUR('',#18278);
#20749 = STYLED_ITEM('color',(#20750),#12704);
#20750 = PRESENTATION_STYLE_ASSIGNMENT((#20751));
#20751 = SURFACE_STYLE_USAGE(.BOTH.,#20752);
#20752 = SURFACE_SIDE_STYLE('',(#20753));
#20753 = SURFACE_STYLE_FILL_AREA(#20754);
#20754 = FILL_AREA_STYLE('',(#20755));
#20755 = FILL_AREA_STYLE_COLOUR('',#18278);
#20756 = STYLED_ITEM('color',(#20757),#12721);
#20757 = PRESENTATION_STYLE_ASSIGNMENT((#20758));
#20758 = SURFACE_STYLE_USAGE(.BOTH.,#20759);
#20759 = SURFACE_SIDE_STYLE('',(#20760));
#20760 = SURFACE_STYLE_FILL_AREA(#20761);
#20761 = FILL_AREA_STYLE('',(#20762));
#20762 = FILL_AREA_STYLE_COLOUR('',#18278);
#20763 = STYLED_ITEM('color',(#20764),#12738);
#20764 = PRESENTATION_STYLE_ASSIGNMENT((#20765));
#20765 = SURFACE_STYLE_USAGE(.BOTH.,#20766);
#20766 = SURFACE_SIDE_STYLE('',(#20767));
#20767 = SURFACE_STYLE_FILL_AREA(#20768);
#20768 = FILL_AREA_STYLE('',(#20769));
#20769 = FILL_AREA_STYLE_COLOUR('',#18278);
#20770 = STYLED_ITEM('color',(#20771),#12755);
#20771 = PRESENTATION_STYLE_ASSIGNMENT((#20772));
#20772 = SURFACE_STYLE_USAGE(.BOTH.,#20773);
#20773 = SURFACE_SIDE_STYLE('',(#20774));
#20774 = SURFACE_STYLE_FILL_AREA(#20775);
#20775 = FILL_AREA_STYLE('',(#20776));
#20776 = FILL_AREA_STYLE_COLOUR('',#18278);
#20777 = STYLED_ITEM('color',(#20778),#12772);
#20778 = PRESENTATION_STYLE_ASSIGNMENT((#20779));
#20779 = SURFACE_STYLE_USAGE(.BOTH.,#20780);
#20780 = SURFACE_SIDE_STYLE('',(#20781));
#20781 = SURFACE_STYLE_FILL_AREA(#20782);
#20782 = FILL_AREA_STYLE('',(#20783));
#20783 = FILL_AREA_STYLE_COLOUR('',#18278);
#20784 = STYLED_ITEM('color',(#20785),#12789);
#20785 = PRESENTATION_STYLE_ASSIGNMENT((#20786));
#20786 = SURFACE_STYLE_USAGE(.BOTH.,#20787);
#20787 = SURFACE_SIDE_STYLE('',(#20788));
#20788 = SURFACE_STYLE_FILL_AREA(#20789);
#20789 = FILL_AREA_STYLE('',(#20790));
#20790 = FILL_AREA_STYLE_COLOUR('',#18278);
#20791 = STYLED_ITEM('color',(#20792),#12806);
#20792 = PRESENTATION_STYLE_ASSIGNMENT((#20793));
#20793 = SURFACE_STYLE_USAGE(.BOTH.,#20794);
#20794 = SURFACE_SIDE_STYLE('',(#20795));
#20795 = SURFACE_STYLE_FILL_AREA(#20796);
#20796 = FILL_AREA_STYLE('',(#20797));
#20797 = FILL_AREA_STYLE_COLOUR('',#18278);
#20798 = STYLED_ITEM('color',(#20799),#12823);
#20799 = PRESENTATION_STYLE_ASSIGNMENT((#20800));
#20800 = SURFACE_STYLE_USAGE(.BOTH.,#20801);
#20801 = SURFACE_SIDE_STYLE('',(#20802));
#20802 = SURFACE_STYLE_FILL_AREA(#20803);
#20803 = FILL_AREA_STYLE('',(#20804));
#20804 = FILL_AREA_STYLE_COLOUR('',#18278);
#20805 = STYLED_ITEM('color',(#20806),#12840);
#20806 = PRESENTATION_STYLE_ASSIGNMENT((#20807));
#20807 = SURFACE_STYLE_USAGE(.BOTH.,#20808);
#20808 = SURFACE_SIDE_STYLE('',(#20809));
#20809 = SURFACE_STYLE_FILL_AREA(#20810);
#20810 = FILL_AREA_STYLE('',(#20811));
#20811 = FILL_AREA_STYLE_COLOUR('',#18278);
#20812 = STYLED_ITEM('color',(#20813),#12857);
#20813 = PRESENTATION_STYLE_ASSIGNMENT((#20814));
#20814 = SURFACE_STYLE_USAGE(.BOTH.,#20815);
#20815 = SURFACE_SIDE_STYLE('',(#20816));
#20816 = SURFACE_STYLE_FILL_AREA(#20817);
#20817 = FILL_AREA_STYLE('',(#20818));
#20818 = FILL_AREA_STYLE_COLOUR('',#18278);
#20819 = STYLED_ITEM('color',(#20820),#12874);
#20820 = PRESENTATION_STYLE_ASSIGNMENT((#20821));
#20821 = SURFACE_STYLE_USAGE(.BOTH.,#20822);
#20822 = SURFACE_SIDE_STYLE('',(#20823));
#20823 = SURFACE_STYLE_FILL_AREA(#20824);
#20824 = FILL_AREA_STYLE('',(#20825));
#20825 = FILL_AREA_STYLE_COLOUR('',#18278);
#20826 = STYLED_ITEM('color',(#20827),#12891);
#20827 = PRESENTATION_STYLE_ASSIGNMENT((#20828));
#20828 = SURFACE_STYLE_USAGE(.BOTH.,#20829);
#20829 = SURFACE_SIDE_STYLE('',(#20830));
#20830 = SURFACE_STYLE_FILL_AREA(#20831);
#20831 = FILL_AREA_STYLE('',(#20832));
#20832 = FILL_AREA_STYLE_COLOUR('',#18278);
#20833 = STYLED_ITEM('color',(#20834),#12908);
#20834 = PRESENTATION_STYLE_ASSIGNMENT((#20835));
#20835 = SURFACE_STYLE_USAGE(.BOTH.,#20836);
#20836 = SURFACE_SIDE_STYLE('',(#20837));
#20837 = SURFACE_STYLE_FILL_AREA(#20838);
#20838 = FILL_AREA_STYLE('',(#20839));
#20839 = FILL_AREA_STYLE_COLOUR('',#18278);
#20840 = STYLED_ITEM('color',(#20841),#12925);
#20841 = PRESENTATION_STYLE_ASSIGNMENT((#20842));
#20842 = SURFACE_STYLE_USAGE(.BOTH.,#20843);
#20843 = SURFACE_SIDE_STYLE('',(#20844));
#20844 = SURFACE_STYLE_FILL_AREA(#20845);
#20845 = FILL_AREA_STYLE('',(#20846));
#20846 = FILL_AREA_STYLE_COLOUR('',#18278);
#20847 = STYLED_ITEM('color',(#20848),#12942);
#20848 = PRESENTATION_STYLE_ASSIGNMENT((#20849));
#20849 = SURFACE_STYLE_USAGE(.BOTH.,#20850);
#20850 = SURFACE_SIDE_STYLE('',(#20851));
#20851 = SURFACE_STYLE_FILL_AREA(#20852);
#20852 = FILL_AREA_STYLE('',(#20853));
#20853 = FILL_AREA_STYLE_COLOUR('',#18278);
#20854 = STYLED_ITEM('color',(#20855),#12959);
#20855 = PRESENTATION_STYLE_ASSIGNMENT((#20856));
#20856 = SURFACE_STYLE_USAGE(.BOTH.,#20857);
#20857 = SURFACE_SIDE_STYLE('',(#20858));
#20858 = SURFACE_STYLE_FILL_AREA(#20859);
#20859 = FILL_AREA_STYLE('',(#20860));
#20860 = FILL_AREA_STYLE_COLOUR('',#18278);
#20861 = STYLED_ITEM('color',(#20862),#12976);
#20862 = PRESENTATION_STYLE_ASSIGNMENT((#20863));
#20863 = SURFACE_STYLE_USAGE(.BOTH.,#20864);
#20864 = SURFACE_SIDE_STYLE('',(#20865));
#20865 = SURFACE_STYLE_FILL_AREA(#20866);
#20866 = FILL_AREA_STYLE('',(#20867));
#20867 = FILL_AREA_STYLE_COLOUR('',#18278);
#20868 = STYLED_ITEM('color',(#20869),#12993);
#20869 = PRESENTATION_STYLE_ASSIGNMENT((#20870));
#20870 = SURFACE_STYLE_USAGE(.BOTH.,#20871);
#20871 = SURFACE_SIDE_STYLE('',(#20872));
#20872 = SURFACE_STYLE_FILL_AREA(#20873);
#20873 = FILL_AREA_STYLE('',(#20874));
#20874 = FILL_AREA_STYLE_COLOUR('',#18278);
#20875 = STYLED_ITEM('color',(#20876),#13010);
#20876 = PRESENTATION_STYLE_ASSIGNMENT((#20877));
#20877 = SURFACE_STYLE_USAGE(.BOTH.,#20878);
#20878 = SURFACE_SIDE_STYLE('',(#20879));
#20879 = SURFACE_STYLE_FILL_AREA(#20880);
#20880 = FILL_AREA_STYLE('',(#20881));
#20881 = FILL_AREA_STYLE_COLOUR('',#18278);
#20882 = STYLED_ITEM('color',(#20883),#13027);
#20883 = PRESENTATION_STYLE_ASSIGNMENT((#20884));
#20884 = SURFACE_STYLE_USAGE(.BOTH.,#20885);
#20885 = SURFACE_SIDE_STYLE('',(#20886));
#20886 = SURFACE_STYLE_FILL_AREA(#20887);
#20887 = FILL_AREA_STYLE('',(#20888));
#20888 = FILL_AREA_STYLE_COLOUR('',#18278);
#20889 = STYLED_ITEM('color',(#20890),#13044);
#20890 = PRESENTATION_STYLE_ASSIGNMENT((#20891));
#20891 = SURFACE_STYLE_USAGE(.BOTH.,#20892);
#20892 = SURFACE_SIDE_STYLE('',(#20893));
#20893 = SURFACE_STYLE_FILL_AREA(#20894);
#20894 = FILL_AREA_STYLE('',(#20895));
#20895 = FILL_AREA_STYLE_COLOUR('',#18278);
#20896 = STYLED_ITEM('color',(#20897),#13061);
#20897 = PRESENTATION_STYLE_ASSIGNMENT((#20898));
#20898 = SURFACE_STYLE_USAGE(.BOTH.,#20899);
#20899 = SURFACE_SIDE_STYLE('',(#20900));
#20900 = SURFACE_STYLE_FILL_AREA(#20901);
#20901 = FILL_AREA_STYLE('',(#20902));
#20902 = FILL_AREA_STYLE_COLOUR('',#18278);
#20903 = STYLED_ITEM('color',(#20904),#13078);
#20904 = PRESENTATION_STYLE_ASSIGNMENT((#20905));
#20905 = SURFACE_STYLE_USAGE(.BOTH.,#20906);
#20906 = SURFACE_SIDE_STYLE('',(#20907));
#20907 = SURFACE_STYLE_FILL_AREA(#20908);
#20908 = FILL_AREA_STYLE('',(#20909));
#20909 = FILL_AREA_STYLE_COLOUR('',#18278);
#20910 = STYLED_ITEM('color',(#20911),#13095);
#20911 = PRESENTATION_STYLE_ASSIGNMENT((#20912));
#20912 = SURFACE_STYLE_USAGE(.BOTH.,#20913);
#20913 = SURFACE_SIDE_STYLE('',(#20914));
#20914 = SURFACE_STYLE_FILL_AREA(#20915);
#20915 = FILL_AREA_STYLE('',(#20916));
#20916 = FILL_AREA_STYLE_COLOUR('',#18278);
#20917 = STYLED_ITEM('color',(#20918),#13112);
#20918 = PRESENTATION_STYLE_ASSIGNMENT((#20919));
#20919 = SURFACE_STYLE_USAGE(.BOTH.,#20920);
#20920 = SURFACE_SIDE_STYLE('',(#20921));
#20921 = SURFACE_STYLE_FILL_AREA(#20922);
#20922 = FILL_AREA_STYLE('',(#20923));
#20923 = FILL_AREA_STYLE_COLOUR('',#18278);
#20924 = STYLED_ITEM('color',(#20925),#13124);
#20925 = PRESENTATION_STYLE_ASSIGNMENT((#20926));
#20926 = SURFACE_STYLE_USAGE(.BOTH.,#20927);
#20927 = SURFACE_SIDE_STYLE('',(#20928));
#20928 = SURFACE_STYLE_FILL_AREA(#20929);
#20929 = FILL_AREA_STYLE('',(#20930));
#20930 = FILL_AREA_STYLE_COLOUR('',#20380);
#20931 = STYLED_ITEM('color',(#20932),#13155);
#20932 = PRESENTATION_STYLE_ASSIGNMENT((#20933));
#20933 = SURFACE_STYLE_USAGE(.BOTH.,#20934);
#20934 = SURFACE_SIDE_STYLE('',(#20935));
#20935 = SURFACE_STYLE_FILL_AREA(#20936);
#20936 = FILL_AREA_STYLE('',(#20937));
#20937 = FILL_AREA_STYLE_COLOUR('',#20380);
#20938 = STYLED_ITEM('color',(#20939),#13179);
#20939 = PRESENTATION_STYLE_ASSIGNMENT((#20940));
#20940 = SURFACE_STYLE_USAGE(.BOTH.,#20941);
#20941 = SURFACE_SIDE_STYLE('',(#20942));
#20942 = SURFACE_STYLE_FILL_AREA(#20943);
#20943 = FILL_AREA_STYLE('',(#20944));
#20944 = FILL_AREA_STYLE_COLOUR('',#20380);
#20945 = STYLED_ITEM('color',(#20946),#13203);
#20946 = PRESENTATION_STYLE_ASSIGNMENT((#20947));
#20947 = SURFACE_STYLE_USAGE(.BOTH.,#20948);
#20948 = SURFACE_SIDE_STYLE('',(#20949));
#20949 = SURFACE_STYLE_FILL_AREA(#20950);
#20950 = FILL_AREA_STYLE('',(#20951));
#20951 = FILL_AREA_STYLE_COLOUR('',#20380);
#20952 = STYLED_ITEM('color',(#20953),#13220);
#20953 = PRESENTATION_STYLE_ASSIGNMENT((#20954));
#20954 = SURFACE_STYLE_USAGE(.BOTH.,#20955);
#20955 = SURFACE_SIDE_STYLE('',(#20956));
#20956 = SURFACE_STYLE_FILL_AREA(#20957);
#20957 = FILL_AREA_STYLE('',(#20958));
#20958 = FILL_AREA_STYLE_COLOUR('',#20380);
#20959 = STYLED_ITEM('color',(#20960),#13251);
#20960 = PRESENTATION_STYLE_ASSIGNMENT((#20961));
#20961 = SURFACE_STYLE_USAGE(.BOTH.,#20962);
#20962 = SURFACE_SIDE_STYLE('',(#20963));
#20963 = SURFACE_STYLE_FILL_AREA(#20964);
#20964 = FILL_AREA_STYLE('',(#20965));
#20965 = FILL_AREA_STYLE_COLOUR('',#20380);
#20966 = STYLED_ITEM('color',(#20967),#13275);
#20967 = PRESENTATION_STYLE_ASSIGNMENT((#20968));
#20968 = SURFACE_STYLE_USAGE(.BOTH.,#20969);
#20969 = SURFACE_SIDE_STYLE('',(#20970));
#20970 = SURFACE_STYLE_FILL_AREA(#20971);
#20971 = FILL_AREA_STYLE('',(#20972));
#20972 = FILL_AREA_STYLE_COLOUR('',#20380);
#20973 = STYLED_ITEM('color',(#20974),#13299);
#20974 = PRESENTATION_STYLE_ASSIGNMENT((#20975));
#20975 = SURFACE_STYLE_USAGE(.BOTH.,#20976);
#20976 = SURFACE_SIDE_STYLE('',(#20977));
#20977 = SURFACE_STYLE_FILL_AREA(#20978);
#20978 = FILL_AREA_STYLE('',(#20979));
#20979 = FILL_AREA_STYLE_COLOUR('',#20380);
#20980 = STYLED_ITEM('color',(#20981),#13316);
#20981 = PRESENTATION_STYLE_ASSIGNMENT((#20982));
#20982 = SURFACE_STYLE_USAGE(.BOTH.,#20983);
#20983 = SURFACE_SIDE_STYLE('',(#20984));
#20984 = SURFACE_STYLE_FILL_AREA(#20985);
#20985 = FILL_AREA_STYLE('',(#20986));
#20986 = FILL_AREA_STYLE_COLOUR('',#20380);
#20987 = STYLED_ITEM('color',(#20988),#13347);
#20988 = PRESENTATION_STYLE_ASSIGNMENT((#20989));
#20989 = SURFACE_STYLE_USAGE(.BOTH.,#20990);
#20990 = SURFACE_SIDE_STYLE('',(#20991));
#20991 = SURFACE_STYLE_FILL_AREA(#20992);
#20992 = FILL_AREA_STYLE('',(#20993));
#20993 = FILL_AREA_STYLE_COLOUR('',#20380);
#20994 = STYLED_ITEM('color',(#20995),#13371);
#20995 = PRESENTATION_STYLE_ASSIGNMENT((#20996));
#20996 = SURFACE_STYLE_USAGE(.BOTH.,#20997);
#20997 = SURFACE_SIDE_STYLE('',(#20998));
#20998 = SURFACE_STYLE_FILL_AREA(#20999);
#20999 = FILL_AREA_STYLE('',(#21000));
#21000 = FILL_AREA_STYLE_COLOUR('',#20380);
#21001 = STYLED_ITEM('color',(#21002),#13395);
#21002 = PRESENTATION_STYLE_ASSIGNMENT((#21003));
#21003 = SURFACE_STYLE_USAGE(.BOTH.,#21004);
#21004 = SURFACE_SIDE_STYLE('',(#21005));
#21005 = SURFACE_STYLE_FILL_AREA(#21006);
#21006 = FILL_AREA_STYLE('',(#21007));
#21007 = FILL_AREA_STYLE_COLOUR('',#20380);
#21008 = STYLED_ITEM('color',(#21009),#13412);
#21009 = PRESENTATION_STYLE_ASSIGNMENT((#21010));
#21010 = SURFACE_STYLE_USAGE(.BOTH.,#21011);
#21011 = SURFACE_SIDE_STYLE('',(#21012));
#21012 = SURFACE_STYLE_FILL_AREA(#21013);
#21013 = FILL_AREA_STYLE('',(#21014));
#21014 = FILL_AREA_STYLE_COLOUR('',#20380);
#21015 = STYLED_ITEM('color',(#21016),#13443);
#21016 = PRESENTATION_STYLE_ASSIGNMENT((#21017));
#21017 = SURFACE_STYLE_USAGE(.BOTH.,#21018);
#21018 = SURFACE_SIDE_STYLE('',(#21019));
#21019 = SURFACE_STYLE_FILL_AREA(#21020);
#21020 = FILL_AREA_STYLE('',(#21021));
#21021 = FILL_AREA_STYLE_COLOUR('',#20380);
#21022 = STYLED_ITEM('color',(#21023),#13467);
#21023 = PRESENTATION_STYLE_ASSIGNMENT((#21024));
#21024 = SURFACE_STYLE_USAGE(.BOTH.,#21025);
#21025 = SURFACE_SIDE_STYLE('',(#21026));
#21026 = SURFACE_STYLE_FILL_AREA(#21027);
#21027 = FILL_AREA_STYLE('',(#21028));
#21028 = FILL_AREA_STYLE_COLOUR('',#20380);
#21029 = STYLED_ITEM('color',(#21030),#13491);
#21030 = PRESENTATION_STYLE_ASSIGNMENT((#21031));
#21031 = SURFACE_STYLE_USAGE(.BOTH.,#21032);
#21032 = SURFACE_SIDE_STYLE('',(#21033));
#21033 = SURFACE_STYLE_FILL_AREA(#21034);
#21034 = FILL_AREA_STYLE('',(#21035));
#21035 = FILL_AREA_STYLE_COLOUR('',#20380);
#21036 = STYLED_ITEM('color',(#21037),#13508);
#21037 = PRESENTATION_STYLE_ASSIGNMENT((#21038));
#21038 = SURFACE_STYLE_USAGE(.BOTH.,#21039);
#21039 = SURFACE_SIDE_STYLE('',(#21040));
#21040 = SURFACE_STYLE_FILL_AREA(#21041);
#21041 = FILL_AREA_STYLE('',(#21042));
#21042 = FILL_AREA_STYLE_COLOUR('',#20380);
#21043 = STYLED_ITEM('color',(#21044),#13539);
#21044 = PRESENTATION_STYLE_ASSIGNMENT((#21045));
#21045 = SURFACE_STYLE_USAGE(.BOTH.,#21046);
#21046 = SURFACE_SIDE_STYLE('',(#21047));
#21047 = SURFACE_STYLE_FILL_AREA(#21048);
#21048 = FILL_AREA_STYLE('',(#21049));
#21049 = FILL_AREA_STYLE_COLOUR('',#20380);
#21050 = STYLED_ITEM('color',(#21051),#13563);
#21051 = PRESENTATION_STYLE_ASSIGNMENT((#21052));
#21052 = SURFACE_STYLE_USAGE(.BOTH.,#21053);
#21053 = SURFACE_SIDE_STYLE('',(#21054));
#21054 = SURFACE_STYLE_FILL_AREA(#21055);
#21055 = FILL_AREA_STYLE('',(#21056));
#21056 = FILL_AREA_STYLE_COLOUR('',#20380);
#21057 = STYLED_ITEM('color',(#21058),#13587);
#21058 = PRESENTATION_STYLE_ASSIGNMENT((#21059));
#21059 = SURFACE_STYLE_USAGE(.BOTH.,#21060);
#21060 = SURFACE_SIDE_STYLE('',(#21061));
#21061 = SURFACE_STYLE_FILL_AREA(#21062);
#21062 = FILL_AREA_STYLE('',(#21063));
#21063 = FILL_AREA_STYLE_COLOUR('',#20380);
#21064 = STYLED_ITEM('color',(#21065),#13604);
#21065 = PRESENTATION_STYLE_ASSIGNMENT((#21066));
#21066 = SURFACE_STYLE_USAGE(.BOTH.,#21067);
#21067 = SURFACE_SIDE_STYLE('',(#21068));
#21068 = SURFACE_STYLE_FILL_AREA(#21069);
#21069 = FILL_AREA_STYLE('',(#21070));
#21070 = FILL_AREA_STYLE_COLOUR('',#20380);
#21071 = STYLED_ITEM('color',(#21072),#13635);
#21072 = PRESENTATION_STYLE_ASSIGNMENT((#21073));
#21073 = SURFACE_STYLE_USAGE(.BOTH.,#21074);
#21074 = SURFACE_SIDE_STYLE('',(#21075));
#21075 = SURFACE_STYLE_FILL_AREA(#21076);
#21076 = FILL_AREA_STYLE('',(#21077));
#21077 = FILL_AREA_STYLE_COLOUR('',#20380);
#21078 = STYLED_ITEM('color',(#21079),#13659);
#21079 = PRESENTATION_STYLE_ASSIGNMENT((#21080));
#21080 = SURFACE_STYLE_USAGE(.BOTH.,#21081);
#21081 = SURFACE_SIDE_STYLE('',(#21082));
#21082 = SURFACE_STYLE_FILL_AREA(#21083);
#21083 = FILL_AREA_STYLE('',(#21084));
#21084 = FILL_AREA_STYLE_COLOUR('',#20380);
#21085 = STYLED_ITEM('color',(#21086),#13683);
#21086 = PRESENTATION_STYLE_ASSIGNMENT((#21087));
#21087 = SURFACE_STYLE_USAGE(.BOTH.,#21088);
#21088 = SURFACE_SIDE_STYLE('',(#21089));
#21089 = SURFACE_STYLE_FILL_AREA(#21090);
#21090 = FILL_AREA_STYLE('',(#21091));
#21091 = FILL_AREA_STYLE_COLOUR('',#20380);
#21092 = STYLED_ITEM('color',(#21093),#13700);
#21093 = PRESENTATION_STYLE_ASSIGNMENT((#21094));
#21094 = SURFACE_STYLE_USAGE(.BOTH.,#21095);
#21095 = SURFACE_SIDE_STYLE('',(#21096));
#21096 = SURFACE_STYLE_FILL_AREA(#21097);
#21097 = FILL_AREA_STYLE('',(#21098));
#21098 = FILL_AREA_STYLE_COLOUR('',#20380);
#21099 = STYLED_ITEM('color',(#21100),#13731);
#21100 = PRESENTATION_STYLE_ASSIGNMENT((#21101));
#21101 = SURFACE_STYLE_USAGE(.BOTH.,#21102);
#21102 = SURFACE_SIDE_STYLE('',(#21103));
#21103 = SURFACE_STYLE_FILL_AREA(#21104);
#21104 = FILL_AREA_STYLE('',(#21105));
#21105 = FILL_AREA_STYLE_COLOUR('',#20380);
#21106 = STYLED_ITEM('color',(#21107),#13755);
#21107 = PRESENTATION_STYLE_ASSIGNMENT((#21108));
#21108 = SURFACE_STYLE_USAGE(.BOTH.,#21109);
#21109 = SURFACE_SIDE_STYLE('',(#21110));
#21110 = SURFACE_STYLE_FILL_AREA(#21111);
#21111 = FILL_AREA_STYLE('',(#21112));
#21112 = FILL_AREA_STYLE_COLOUR('',#20380);
#21113 = STYLED_ITEM('color',(#21114),#13779);
#21114 = PRESENTATION_STYLE_ASSIGNMENT((#21115));
#21115 = SURFACE_STYLE_USAGE(.BOTH.,#21116);
#21116 = SURFACE_SIDE_STYLE('',(#21117));
#21117 = SURFACE_STYLE_FILL_AREA(#21118);
#21118 = FILL_AREA_STYLE('',(#21119));
#21119 = FILL_AREA_STYLE_COLOUR('',#20380);
#21120 = STYLED_ITEM('color',(#21121),#13796);
#21121 = PRESENTATION_STYLE_ASSIGNMENT((#21122));
#21122 = SURFACE_STYLE_USAGE(.BOTH.,#21123);
#21123 = SURFACE_SIDE_STYLE('',(#21124));
#21124 = SURFACE_STYLE_FILL_AREA(#21125);
#21125 = FILL_AREA_STYLE('',(#21126));
#21126 = FILL_AREA_STYLE_COLOUR('',#20380);
#21127 = STYLED_ITEM('color',(#21128),#13827);
#21128 = PRESENTATION_STYLE_ASSIGNMENT((#21129));
#21129 = SURFACE_STYLE_USAGE(.BOTH.,#21130);
#21130 = SURFACE_SIDE_STYLE('',(#21131));
#21131 = SURFACE_STYLE_FILL_AREA(#21132);
#21132 = FILL_AREA_STYLE('',(#21133));
#21133 = FILL_AREA_STYLE_COLOUR('',#20380);
#21134 = STYLED_ITEM('color',(#21135),#13851);
#21135 = PRESENTATION_STYLE_ASSIGNMENT((#21136));
#21136 = SURFACE_STYLE_USAGE(.BOTH.,#21137);
#21137 = SURFACE_SIDE_STYLE('',(#21138));
#21138 = SURFACE_STYLE_FILL_AREA(#21139);
#21139 = FILL_AREA_STYLE('',(#21140));
#21140 = FILL_AREA_STYLE_COLOUR('',#20380);
#21141 = STYLED_ITEM('color',(#21142),#13875);
#21142 = PRESENTATION_STYLE_ASSIGNMENT((#21143));
#21143 = SURFACE_STYLE_USAGE(.BOTH.,#21144);
#21144 = SURFACE_SIDE_STYLE('',(#21145));
#21145 = SURFACE_STYLE_FILL_AREA(#21146);
#21146 = FILL_AREA_STYLE('',(#21147));
#21147 = FILL_AREA_STYLE_COLOUR('',#20380);
#21148 = STYLED_ITEM('color',(#21149),#13892);
#21149 = PRESENTATION_STYLE_ASSIGNMENT((#21150));
#21150 = SURFACE_STYLE_USAGE(.BOTH.,#21151);
#21151 = SURFACE_SIDE_STYLE('',(#21152));
#21152 = SURFACE_STYLE_FILL_AREA(#21153);
#21153 = FILL_AREA_STYLE('',(#21154));
#21154 = FILL_AREA_STYLE_COLOUR('',#20380);
#21155 = STYLED_ITEM('color',(#21156),#13923);
#21156 = PRESENTATION_STYLE_ASSIGNMENT((#21157));
#21157 = SURFACE_STYLE_USAGE(.BOTH.,#21158);
#21158 = SURFACE_SIDE_STYLE('',(#21159));
#21159 = SURFACE_STYLE_FILL_AREA(#21160);
#21160 = FILL_AREA_STYLE('',(#21161));
#21161 = FILL_AREA_STYLE_COLOUR('',#20380);
#21162 = STYLED_ITEM('color',(#21163),#13947);
#21163 = PRESENTATION_STYLE_ASSIGNMENT((#21164));
#21164 = SURFACE_STYLE_USAGE(.BOTH.,#21165);
#21165 = SURFACE_SIDE_STYLE('',(#21166));
#21166 = SURFACE_STYLE_FILL_AREA(#21167);
#21167 = FILL_AREA_STYLE('',(#21168));
#21168 = FILL_AREA_STYLE_COLOUR('',#20380);
#21169 = STYLED_ITEM('color',(#21170),#13971);
#21170 = PRESENTATION_STYLE_ASSIGNMENT((#21171));
#21171 = SURFACE_STYLE_USAGE(.BOTH.,#21172);
#21172 = SURFACE_SIDE_STYLE('',(#21173));
#21173 = SURFACE_STYLE_FILL_AREA(#21174);
#21174 = FILL_AREA_STYLE('',(#21175));
#21175 = FILL_AREA_STYLE_COLOUR('',#20380);
#21176 = STYLED_ITEM('color',(#21177),#13988);
#21177 = PRESENTATION_STYLE_ASSIGNMENT((#21178));
#21178 = SURFACE_STYLE_USAGE(.BOTH.,#21179);
#21179 = SURFACE_SIDE_STYLE('',(#21180));
#21180 = SURFACE_STYLE_FILL_AREA(#21181);
#21181 = FILL_AREA_STYLE('',(#21182));
#21182 = FILL_AREA_STYLE_COLOUR('',#20380);
#21183 = STYLED_ITEM('color',(#21184),#14019);
#21184 = PRESENTATION_STYLE_ASSIGNMENT((#21185));
#21185 = SURFACE_STYLE_USAGE(.BOTH.,#21186);
#21186 = SURFACE_SIDE_STYLE('',(#21187));
#21187 = SURFACE_STYLE_FILL_AREA(#21188);
#21188 = FILL_AREA_STYLE('',(#21189));
#21189 = FILL_AREA_STYLE_COLOUR('',#20380);
#21190 = STYLED_ITEM('color',(#21191),#14043);
#21191 = PRESENTATION_STYLE_ASSIGNMENT((#21192));
#21192 = SURFACE_STYLE_USAGE(.BOTH.,#21193);
#21193 = SURFACE_SIDE_STYLE('',(#21194));
#21194 = SURFACE_STYLE_FILL_AREA(#21195);
#21195 = FILL_AREA_STYLE('',(#21196));
#21196 = FILL_AREA_STYLE_COLOUR('',#20380);
#21197 = STYLED_ITEM('color',(#21198),#14067);
#21198 = PRESENTATION_STYLE_ASSIGNMENT((#21199));
#21199 = SURFACE_STYLE_USAGE(.BOTH.,#21200);
#21200 = SURFACE_SIDE_STYLE('',(#21201));
#21201 = SURFACE_STYLE_FILL_AREA(#21202);
#21202 = FILL_AREA_STYLE('',(#21203));
#21203 = FILL_AREA_STYLE_COLOUR('',#20380);
#21204 = STYLED_ITEM('color',(#21205),#14084);
#21205 = PRESENTATION_STYLE_ASSIGNMENT((#21206));
#21206 = SURFACE_STYLE_USAGE(.BOTH.,#21207);
#21207 = SURFACE_SIDE_STYLE('',(#21208));
#21208 = SURFACE_STYLE_FILL_AREA(#21209);
#21209 = FILL_AREA_STYLE('',(#21210));
#21210 = FILL_AREA_STYLE_COLOUR('',#20380);
#21211 = STYLED_ITEM('color',(#21212),#14115);
#21212 = PRESENTATION_STYLE_ASSIGNMENT((#21213));
#21213 = SURFACE_STYLE_USAGE(.BOTH.,#21214);
#21214 = SURFACE_SIDE_STYLE('',(#21215));
#21215 = SURFACE_STYLE_FILL_AREA(#21216);
#21216 = FILL_AREA_STYLE('',(#21217));
#21217 = FILL_AREA_STYLE_COLOUR('',#20380);
#21218 = STYLED_ITEM('color',(#21219),#14139);
#21219 = PRESENTATION_STYLE_ASSIGNMENT((#21220));
#21220 = SURFACE_STYLE_USAGE(.BOTH.,#21221);
#21221 = SURFACE_SIDE_STYLE('',(#21222));
#21222 = SURFACE_STYLE_FILL_AREA(#21223);
#21223 = FILL_AREA_STYLE('',(#21224));
#21224 = FILL_AREA_STYLE_COLOUR('',#20380);
#21225 = STYLED_ITEM('color',(#21226),#14163);
#21226 = PRESENTATION_STYLE_ASSIGNMENT((#21227));
#21227 = SURFACE_STYLE_USAGE(.BOTH.,#21228);
#21228 = SURFACE_SIDE_STYLE('',(#21229));
#21229 = SURFACE_STYLE_FILL_AREA(#21230);
#21230 = FILL_AREA_STYLE('',(#21231));
#21231 = FILL_AREA_STYLE_COLOUR('',#20380);
#21232 = STYLED_ITEM('color',(#21233),#14180);
#21233 = PRESENTATION_STYLE_ASSIGNMENT((#21234));
#21234 = SURFACE_STYLE_USAGE(.BOTH.,#21235);
#21235 = SURFACE_SIDE_STYLE('',(#21236));
#21236 = SURFACE_STYLE_FILL_AREA(#21237);
#21237 = FILL_AREA_STYLE('',(#21238));
#21238 = FILL_AREA_STYLE_COLOUR('',#20380);
#21239 = STYLED_ITEM('color',(#21240),#14211);
#21240 = PRESENTATION_STYLE_ASSIGNMENT((#21241));
#21241 = SURFACE_STYLE_USAGE(.BOTH.,#21242);
#21242 = SURFACE_SIDE_STYLE('',(#21243));
#21243 = SURFACE_STYLE_FILL_AREA(#21244);
#21244 = FILL_AREA_STYLE('',(#21245));
#21245 = FILL_AREA_STYLE_COLOUR('',#20380);
#21246 = STYLED_ITEM('color',(#21247),#14235);
#21247 = PRESENTATION_STYLE_ASSIGNMENT((#21248));
#21248 = SURFACE_STYLE_USAGE(.BOTH.,#21249);
#21249 = SURFACE_SIDE_STYLE('',(#21250));
#21250 = SURFACE_STYLE_FILL_AREA(#21251);
#21251 = FILL_AREA_STYLE('',(#21252));
#21252 = FILL_AREA_STYLE_COLOUR('',#20380);
#21253 = STYLED_ITEM('color',(#21254),#14259);
#21254 = PRESENTATION_STYLE_ASSIGNMENT((#21255));
#21255 = SURFACE_STYLE_USAGE(.BOTH.,#21256);
#21256 = SURFACE_SIDE_STYLE('',(#21257));
#21257 = SURFACE_STYLE_FILL_AREA(#21258);
#21258 = FILL_AREA_STYLE('',(#21259));
#21259 = FILL_AREA_STYLE_COLOUR('',#20380);
#21260 = STYLED_ITEM('color',(#21261),#14276);
#21261 = PRESENTATION_STYLE_ASSIGNMENT((#21262));
#21262 = SURFACE_STYLE_USAGE(.BOTH.,#21263);
#21263 = SURFACE_SIDE_STYLE('',(#21264));
#21264 = SURFACE_STYLE_FILL_AREA(#21265);
#21265 = FILL_AREA_STYLE('',(#21266));
#21266 = FILL_AREA_STYLE_COLOUR('',#20380);
#21267 = STYLED_ITEM('color',(#21268),#14307);
#21268 = PRESENTATION_STYLE_ASSIGNMENT((#21269));
#21269 = SURFACE_STYLE_USAGE(.BOTH.,#21270);
#21270 = SURFACE_SIDE_STYLE('',(#21271));
#21271 = SURFACE_STYLE_FILL_AREA(#21272);
#21272 = FILL_AREA_STYLE('',(#21273));
#21273 = FILL_AREA_STYLE_COLOUR('',#20380);
#21274 = STYLED_ITEM('color',(#21275),#14331);
#21275 = PRESENTATION_STYLE_ASSIGNMENT((#21276));
#21276 = SURFACE_STYLE_USAGE(.BOTH.,#21277);
#21277 = SURFACE_SIDE_STYLE('',(#21278));
#21278 = SURFACE_STYLE_FILL_AREA(#21279);
#21279 = FILL_AREA_STYLE('',(#21280));
#21280 = FILL_AREA_STYLE_COLOUR('',#20380);
#21281 = STYLED_ITEM('color',(#21282),#14355);
#21282 = PRESENTATION_STYLE_ASSIGNMENT((#21283));
#21283 = SURFACE_STYLE_USAGE(.BOTH.,#21284);
#21284 = SURFACE_SIDE_STYLE('',(#21285));
#21285 = SURFACE_STYLE_FILL_AREA(#21286);
#21286 = FILL_AREA_STYLE('',(#21287));
#21287 = FILL_AREA_STYLE_COLOUR('',#20380);
#21288 = STYLED_ITEM('color',(#21289),#14372);
#21289 = PRESENTATION_STYLE_ASSIGNMENT((#21290));
#21290 = SURFACE_STYLE_USAGE(.BOTH.,#21291);
#21291 = SURFACE_SIDE_STYLE('',(#21292));
#21292 = SURFACE_STYLE_FILL_AREA(#21293);
#21293 = FILL_AREA_STYLE('',(#21294));
#21294 = FILL_AREA_STYLE_COLOUR('',#20380);
#21295 = STYLED_ITEM('color',(#21296),#14403);
#21296 = PRESENTATION_STYLE_ASSIGNMENT((#21297));
#21297 = SURFACE_STYLE_USAGE(.BOTH.,#21298);
#21298 = SURFACE_SIDE_STYLE('',(#21299));
#21299 = SURFACE_STYLE_FILL_AREA(#21300);
#21300 = FILL_AREA_STYLE('',(#21301));
#21301 = FILL_AREA_STYLE_COLOUR('',#20380);
#21302 = STYLED_ITEM('color',(#21303),#14427);
#21303 = PRESENTATION_STYLE_ASSIGNMENT((#21304));
#21304 = SURFACE_STYLE_USAGE(.BOTH.,#21305);
#21305 = SURFACE_SIDE_STYLE('',(#21306));
#21306 = SURFACE_STYLE_FILL_AREA(#21307);
#21307 = FILL_AREA_STYLE('',(#21308));
#21308 = FILL_AREA_STYLE_COLOUR('',#20380);
#21309 = STYLED_ITEM('color',(#21310),#14451);
#21310 = PRESENTATION_STYLE_ASSIGNMENT((#21311));
#21311 = SURFACE_STYLE_USAGE(.BOTH.,#21312);
#21312 = SURFACE_SIDE_STYLE('',(#21313));
#21313 = SURFACE_STYLE_FILL_AREA(#21314);
#21314 = FILL_AREA_STYLE('',(#21315));
#21315 = FILL_AREA_STYLE_COLOUR('',#20380);
#21316 = STYLED_ITEM('color',(#21317),#14468);
#21317 = PRESENTATION_STYLE_ASSIGNMENT((#21318));
#21318 = SURFACE_STYLE_USAGE(.BOTH.,#21319);
#21319 = SURFACE_SIDE_STYLE('',(#21320));
#21320 = SURFACE_STYLE_FILL_AREA(#21321);
#21321 = FILL_AREA_STYLE('',(#21322));
#21322 = FILL_AREA_STYLE_COLOUR('',#20380);
#21323 = STYLED_ITEM('color',(#21324),#14499);
#21324 = PRESENTATION_STYLE_ASSIGNMENT((#21325));
#21325 = SURFACE_STYLE_USAGE(.BOTH.,#21326);
#21326 = SURFACE_SIDE_STYLE('',(#21327));
#21327 = SURFACE_STYLE_FILL_AREA(#21328);
#21328 = FILL_AREA_STYLE('',(#21329));
#21329 = FILL_AREA_STYLE_COLOUR('',#20380);
#21330 = STYLED_ITEM('color',(#21331),#14523);
#21331 = PRESENTATION_STYLE_ASSIGNMENT((#21332));
#21332 = SURFACE_STYLE_USAGE(.BOTH.,#21333);
#21333 = SURFACE_SIDE_STYLE('',(#21334));
#21334 = SURFACE_STYLE_FILL_AREA(#21335);
#21335 = FILL_AREA_STYLE('',(#21336));
#21336 = FILL_AREA_STYLE_COLOUR('',#20380);
#21337 = STYLED_ITEM('color',(#21338),#14547);
#21338 = PRESENTATION_STYLE_ASSIGNMENT((#21339));
#21339 = SURFACE_STYLE_USAGE(.BOTH.,#21340);
#21340 = SURFACE_SIDE_STYLE('',(#21341));
#21341 = SURFACE_STYLE_FILL_AREA(#21342);
#21342 = FILL_AREA_STYLE('',(#21343));
#21343 = FILL_AREA_STYLE_COLOUR('',#20380);
#21344 = STYLED_ITEM('color',(#21345),#14564);
#21345 = PRESENTATION_STYLE_ASSIGNMENT((#21346));
#21346 = SURFACE_STYLE_USAGE(.BOTH.,#21347);
#21347 = SURFACE_SIDE_STYLE('',(#21348));
#21348 = SURFACE_STYLE_FILL_AREA(#21349);
#21349 = FILL_AREA_STYLE('',(#21350));
#21350 = FILL_AREA_STYLE_COLOUR('',#20380);
#21351 = STYLED_ITEM('color',(#21352),#14595);
#21352 = PRESENTATION_STYLE_ASSIGNMENT((#21353));
#21353 = SURFACE_STYLE_USAGE(.BOTH.,#21354);
#21354 = SURFACE_SIDE_STYLE('',(#21355));
#21355 = SURFACE_STYLE_FILL_AREA(#21356);
#21356 = FILL_AREA_STYLE('',(#21357));
#21357 = FILL_AREA_STYLE_COLOUR('',#20380);
#21358 = STYLED_ITEM('color',(#21359),#14619);
#21359 = PRESENTATION_STYLE_ASSIGNMENT((#21360));
#21360 = SURFACE_STYLE_USAGE(.BOTH.,#21361);
#21361 = SURFACE_SIDE_STYLE('',(#21362));
#21362 = SURFACE_STYLE_FILL_AREA(#21363);
#21363 = FILL_AREA_STYLE('',(#21364));
#21364 = FILL_AREA_STYLE_COLOUR('',#20380);
#21365 = STYLED_ITEM('color',(#21366),#14643);
#21366 = PRESENTATION_STYLE_ASSIGNMENT((#21367));
#21367 = SURFACE_STYLE_USAGE(.BOTH.,#21368);
#21368 = SURFACE_SIDE_STYLE('',(#21369));
#21369 = SURFACE_STYLE_FILL_AREA(#21370);
#21370 = FILL_AREA_STYLE('',(#21371));
#21371 = FILL_AREA_STYLE_COLOUR('',#20380);
#21372 = STYLED_ITEM('color',(#21373),#14660);
#21373 = PRESENTATION_STYLE_ASSIGNMENT((#21374));
#21374 = SURFACE_STYLE_USAGE(.BOTH.,#21375);
#21375 = SURFACE_SIDE_STYLE('',(#21376));
#21376 = SURFACE_STYLE_FILL_AREA(#21377);
#21377 = FILL_AREA_STYLE('',(#21378));
#21378 = FILL_AREA_STYLE_COLOUR('',#20380);
#21379 = STYLED_ITEM('color',(#21380),#14691);
#21380 = PRESENTATION_STYLE_ASSIGNMENT((#21381));
#21381 = SURFACE_STYLE_USAGE(.BOTH.,#21382);
#21382 = SURFACE_SIDE_STYLE('',(#21383));
#21383 = SURFACE_STYLE_FILL_AREA(#21384);
#21384 = FILL_AREA_STYLE('',(#21385));
#21385 = FILL_AREA_STYLE_COLOUR('',#20380);
#21386 = STYLED_ITEM('color',(#21387),#14715);
#21387 = PRESENTATION_STYLE_ASSIGNMENT((#21388));
#21388 = SURFACE_STYLE_USAGE(.BOTH.,#21389);
#21389 = SURFACE_SIDE_STYLE('',(#21390));
#21390 = SURFACE_STYLE_FILL_AREA(#21391);
#21391 = FILL_AREA_STYLE('',(#21392));
#21392 = FILL_AREA_STYLE_COLOUR('',#20380);
#21393 = STYLED_ITEM('color',(#21394),#14739);
#21394 = PRESENTATION_STYLE_ASSIGNMENT((#21395));
#21395 = SURFACE_STYLE_USAGE(.BOTH.,#21396);
#21396 = SURFACE_SIDE_STYLE('',(#21397));
#21397 = SURFACE_STYLE_FILL_AREA(#21398);
#21398 = FILL_AREA_STYLE('',(#21399));
#21399 = FILL_AREA_STYLE_COLOUR('',#20380);
#21400 = STYLED_ITEM('color',(#21401),#14756);
#21401 = PRESENTATION_STYLE_ASSIGNMENT((#21402));
#21402 = SURFACE_STYLE_USAGE(.BOTH.,#21403);
#21403 = SURFACE_SIDE_STYLE('',(#21404));
#21404 = SURFACE_STYLE_FILL_AREA(#21405);
#21405 = FILL_AREA_STYLE('',(#21406));
#21406 = FILL_AREA_STYLE_COLOUR('',#20380);
#21407 = STYLED_ITEM('color',(#21408),#14787);
#21408 = PRESENTATION_STYLE_ASSIGNMENT((#21409));
#21409 = SURFACE_STYLE_USAGE(.BOTH.,#21410);
#21410 = SURFACE_SIDE_STYLE('',(#21411));
#21411 = SURFACE_STYLE_FILL_AREA(#21412);
#21412 = FILL_AREA_STYLE('',(#21413));
#21413 = FILL_AREA_STYLE_COLOUR('',#20380);
#21414 = STYLED_ITEM('color',(#21415),#14811);
#21415 = PRESENTATION_STYLE_ASSIGNMENT((#21416));
#21416 = SURFACE_STYLE_USAGE(.BOTH.,#21417);
#21417 = SURFACE_SIDE_STYLE('',(#21418));
#21418 = SURFACE_STYLE_FILL_AREA(#21419);
#21419 = FILL_AREA_STYLE('',(#21420));
#21420 = FILL_AREA_STYLE_COLOUR('',#20380);
#21421 = STYLED_ITEM('color',(#21422),#14835);
#21422 = PRESENTATION_STYLE_ASSIGNMENT((#21423));
#21423 = SURFACE_STYLE_USAGE(.BOTH.,#21424);
#21424 = SURFACE_SIDE_STYLE('',(#21425));
#21425 = SURFACE_STYLE_FILL_AREA(#21426);
#21426 = FILL_AREA_STYLE('',(#21427));
#21427 = FILL_AREA_STYLE_COLOUR('',#20380);
#21428 = STYLED_ITEM('color',(#21429),#14852);
#21429 = PRESENTATION_STYLE_ASSIGNMENT((#21430));
#21430 = SURFACE_STYLE_USAGE(.BOTH.,#21431);
#21431 = SURFACE_SIDE_STYLE('',(#21432));
#21432 = SURFACE_STYLE_FILL_AREA(#21433);
#21433 = FILL_AREA_STYLE('',(#21434));
#21434 = FILL_AREA_STYLE_COLOUR('',#20380);
#21435 = STYLED_ITEM('color',(#21436),#14883);
#21436 = PRESENTATION_STYLE_ASSIGNMENT((#21437));
#21437 = SURFACE_STYLE_USAGE(.BOTH.,#21438);
#21438 = SURFACE_SIDE_STYLE('',(#21439));
#21439 = SURFACE_STYLE_FILL_AREA(#21440);
#21440 = FILL_AREA_STYLE('',(#21441));
#21441 = FILL_AREA_STYLE_COLOUR('',#20380);
#21442 = STYLED_ITEM('color',(#21443),#14907);
#21443 = PRESENTATION_STYLE_ASSIGNMENT((#21444));
#21444 = SURFACE_STYLE_USAGE(.BOTH.,#21445);
#21445 = SURFACE_SIDE_STYLE('',(#21446));
#21446 = SURFACE_STYLE_FILL_AREA(#21447);
#21447 = FILL_AREA_STYLE('',(#21448));
#21448 = FILL_AREA_STYLE_COLOUR('',#20380);
#21449 = STYLED_ITEM('color',(#21450),#14931);
#21450 = PRESENTATION_STYLE_ASSIGNMENT((#21451));
#21451 = SURFACE_STYLE_USAGE(.BOTH.,#21452);
#21452 = SURFACE_SIDE_STYLE('',(#21453));
#21453 = SURFACE_STYLE_FILL_AREA(#21454);
#21454 = FILL_AREA_STYLE('',(#21455));
#21455 = FILL_AREA_STYLE_COLOUR('',#20380);
#21456 = STYLED_ITEM('color',(#21457),#14948);
#21457 = PRESENTATION_STYLE_ASSIGNMENT((#21458));
#21458 = SURFACE_STYLE_USAGE(.BOTH.,#21459);
#21459 = SURFACE_SIDE_STYLE('',(#21460));
#21460 = SURFACE_STYLE_FILL_AREA(#21461);
#21461 = FILL_AREA_STYLE('',(#21462));
#21462 = FILL_AREA_STYLE_COLOUR('',#20380);
#21463 = STYLED_ITEM('color',(#21464),#14979);
#21464 = PRESENTATION_STYLE_ASSIGNMENT((#21465));
#21465 = SURFACE_STYLE_USAGE(.BOTH.,#21466);
#21466 = SURFACE_SIDE_STYLE('',(#21467));
#21467 = SURFACE_STYLE_FILL_AREA(#21468);
#21468 = FILL_AREA_STYLE('',(#21469));
#21469 = FILL_AREA_STYLE_COLOUR('',#20380);
#21470 = STYLED_ITEM('color',(#21471),#15003);
#21471 = PRESENTATION_STYLE_ASSIGNMENT((#21472));
#21472 = SURFACE_STYLE_USAGE(.BOTH.,#21473);
#21473 = SURFACE_SIDE_STYLE('',(#21474));
#21474 = SURFACE_STYLE_FILL_AREA(#21475);
#21475 = FILL_AREA_STYLE('',(#21476));
#21476 = FILL_AREA_STYLE_COLOUR('',#20380);
#21477 = STYLED_ITEM('color',(#21478),#15027);
#21478 = PRESENTATION_STYLE_ASSIGNMENT((#21479));
#21479 = SURFACE_STYLE_USAGE(.BOTH.,#21480);
#21480 = SURFACE_SIDE_STYLE('',(#21481));
#21481 = SURFACE_STYLE_FILL_AREA(#21482);
#21482 = FILL_AREA_STYLE('',(#21483));
#21483 = FILL_AREA_STYLE_COLOUR('',#20380);
#21484 = STYLED_ITEM('color',(#21485),#15044);
#21485 = PRESENTATION_STYLE_ASSIGNMENT((#21486));
#21486 = SURFACE_STYLE_USAGE(.BOTH.,#21487);
#21487 = SURFACE_SIDE_STYLE('',(#21488));
#21488 = SURFACE_STYLE_FILL_AREA(#21489);
#21489 = FILL_AREA_STYLE('',(#21490));
#21490 = FILL_AREA_STYLE_COLOUR('',#20380);
#21491 = STYLED_ITEM('color',(#21492),#15075);
#21492 = PRESENTATION_STYLE_ASSIGNMENT((#21493));
#21493 = SURFACE_STYLE_USAGE(.BOTH.,#21494);
#21494 = SURFACE_SIDE_STYLE('',(#21495));
#21495 = SURFACE_STYLE_FILL_AREA(#21496);
#21496 = FILL_AREA_STYLE('',(#21497));
#21497 = FILL_AREA_STYLE_COLOUR('',#20380);
#21498 = STYLED_ITEM('color',(#21499),#15099);
#21499 = PRESENTATION_STYLE_ASSIGNMENT((#21500));
#21500 = SURFACE_STYLE_USAGE(.BOTH.,#21501);
#21501 = SURFACE_SIDE_STYLE('',(#21502));
#21502 = SURFACE_STYLE_FILL_AREA(#21503);
#21503 = FILL_AREA_STYLE('',(#21504));
#21504 = FILL_AREA_STYLE_COLOUR('',#20380);
#21505 = STYLED_ITEM('color',(#21506),#15123);
#21506 = PRESENTATION_STYLE_ASSIGNMENT((#21507));
#21507 = SURFACE_STYLE_USAGE(.BOTH.,#21508);
#21508 = SURFACE_SIDE_STYLE('',(#21509));
#21509 = SURFACE_STYLE_FILL_AREA(#21510);
#21510 = FILL_AREA_STYLE('',(#21511));
#21511 = FILL_AREA_STYLE_COLOUR('',#20380);
#21512 = STYLED_ITEM('color',(#21513),#15140);
#21513 = PRESENTATION_STYLE_ASSIGNMENT((#21514));
#21514 = SURFACE_STYLE_USAGE(.BOTH.,#21515);
#21515 = SURFACE_SIDE_STYLE('',(#21516));
#21516 = SURFACE_STYLE_FILL_AREA(#21517);
#21517 = FILL_AREA_STYLE('',(#21518));
#21518 = FILL_AREA_STYLE_COLOUR('',#20380);
#21519 = STYLED_ITEM('color',(#21520),#15171);
#21520 = PRESENTATION_STYLE_ASSIGNMENT((#21521));
#21521 = SURFACE_STYLE_USAGE(.BOTH.,#21522);
#21522 = SURFACE_SIDE_STYLE('',(#21523));
#21523 = SURFACE_STYLE_FILL_AREA(#21524);
#21524 = FILL_AREA_STYLE('',(#21525));
#21525 = FILL_AREA_STYLE_COLOUR('',#20380);
#21526 = STYLED_ITEM('color',(#21527),#15195);
#21527 = PRESENTATION_STYLE_ASSIGNMENT((#21528));
#21528 = SURFACE_STYLE_USAGE(.BOTH.,#21529);
#21529 = SURFACE_SIDE_STYLE('',(#21530));
#21530 = SURFACE_STYLE_FILL_AREA(#21531);
#21531 = FILL_AREA_STYLE('',(#21532));
#21532 = FILL_AREA_STYLE_COLOUR('',#20380);
#21533 = STYLED_ITEM('color',(#21534),#15219);
#21534 = PRESENTATION_STYLE_ASSIGNMENT((#21535));
#21535 = SURFACE_STYLE_USAGE(.BOTH.,#21536);
#21536 = SURFACE_SIDE_STYLE('',(#21537));
#21537 = SURFACE_STYLE_FILL_AREA(#21538);
#21538 = FILL_AREA_STYLE('',(#21539));
#21539 = FILL_AREA_STYLE_COLOUR('',#20380);
#21540 = STYLED_ITEM('color',(#21541),#15236);
#21541 = PRESENTATION_STYLE_ASSIGNMENT((#21542));
#21542 = SURFACE_STYLE_USAGE(.BOTH.,#21543);
#21543 = SURFACE_SIDE_STYLE('',(#21544));
#21544 = SURFACE_STYLE_FILL_AREA(#21545);
#21545 = FILL_AREA_STYLE('',(#21546));
#21546 = FILL_AREA_STYLE_COLOUR('',#20380);
#21547 = STYLED_ITEM('color',(#21548),#15267);
#21548 = PRESENTATION_STYLE_ASSIGNMENT((#21549));
#21549 = SURFACE_STYLE_USAGE(.BOTH.,#21550);
#21550 = SURFACE_SIDE_STYLE('',(#21551));
#21551 = SURFACE_STYLE_FILL_AREA(#21552);
#21552 = FILL_AREA_STYLE('',(#21553));
#21553 = FILL_AREA_STYLE_COLOUR('',#20380);
#21554 = STYLED_ITEM('color',(#21555),#15291);
#21555 = PRESENTATION_STYLE_ASSIGNMENT((#21556));
#21556 = SURFACE_STYLE_USAGE(.BOTH.,#21557);
#21557 = SURFACE_SIDE_STYLE('',(#21558));
#21558 = SURFACE_STYLE_FILL_AREA(#21559);
#21559 = FILL_AREA_STYLE('',(#21560));
#21560 = FILL_AREA_STYLE_COLOUR('',#20380);
#21561 = STYLED_ITEM('color',(#21562),#15315);
#21562 = PRESENTATION_STYLE_ASSIGNMENT((#21563));
#21563 = SURFACE_STYLE_USAGE(.BOTH.,#21564);
#21564 = SURFACE_SIDE_STYLE('',(#21565));
#21565 = SURFACE_STYLE_FILL_AREA(#21566);
#21566 = FILL_AREA_STYLE('',(#21567));
#21567 = FILL_AREA_STYLE_COLOUR('',#20380);
#21568 = STYLED_ITEM('color',(#21569),#15332);
#21569 = PRESENTATION_STYLE_ASSIGNMENT((#21570));
#21570 = SURFACE_STYLE_USAGE(.BOTH.,#21571);
#21571 = SURFACE_SIDE_STYLE('',(#21572));
#21572 = SURFACE_STYLE_FILL_AREA(#21573);
#21573 = FILL_AREA_STYLE('',(#21574));
#21574 = FILL_AREA_STYLE_COLOUR('',#20380);
#21575 = STYLED_ITEM('color',(#21576),#15363);
#21576 = PRESENTATION_STYLE_ASSIGNMENT((#21577));
#21577 = SURFACE_STYLE_USAGE(.BOTH.,#21578);
#21578 = SURFACE_SIDE_STYLE('',(#21579));
#21579 = SURFACE_STYLE_FILL_AREA(#21580);
#21580 = FILL_AREA_STYLE('',(#21581));
#21581 = FILL_AREA_STYLE_COLOUR('',#20380);
#21582 = STYLED_ITEM('color',(#21583),#15387);
#21583 = PRESENTATION_STYLE_ASSIGNMENT((#21584));
#21584 = SURFACE_STYLE_USAGE(.BOTH.,#21585);
#21585 = SURFACE_SIDE_STYLE('',(#21586));
#21586 = SURFACE_STYLE_FILL_AREA(#21587);
#21587 = FILL_AREA_STYLE('',(#21588));
#21588 = FILL_AREA_STYLE_COLOUR('',#20380);
#21589 = STYLED_ITEM('color',(#21590),#15411);
#21590 = PRESENTATION_STYLE_ASSIGNMENT((#21591));
#21591 = SURFACE_STYLE_USAGE(.BOTH.,#21592);
#21592 = SURFACE_SIDE_STYLE('',(#21593));
#21593 = SURFACE_STYLE_FILL_AREA(#21594);
#21594 = FILL_AREA_STYLE('',(#21595));
#21595 = FILL_AREA_STYLE_COLOUR('',#20380);
#21596 = STYLED_ITEM('color',(#21597),#15428);
#21597 = PRESENTATION_STYLE_ASSIGNMENT((#21598));
#21598 = SURFACE_STYLE_USAGE(.BOTH.,#21599);
#21599 = SURFACE_SIDE_STYLE('',(#21600));
#21600 = SURFACE_STYLE_FILL_AREA(#21601);
#21601 = FILL_AREA_STYLE('',(#21602));
#21602 = FILL_AREA_STYLE_COLOUR('',#20380);
#21603 = STYLED_ITEM('color',(#21604),#15459);
#21604 = PRESENTATION_STYLE_ASSIGNMENT((#21605));
#21605 = SURFACE_STYLE_USAGE(.BOTH.,#21606);
#21606 = SURFACE_SIDE_STYLE('',(#21607));
#21607 = SURFACE_STYLE_FILL_AREA(#21608);
#21608 = FILL_AREA_STYLE('',(#21609));
#21609 = FILL_AREA_STYLE_COLOUR('',#20380);
#21610 = STYLED_ITEM('color',(#21611),#15483);
#21611 = PRESENTATION_STYLE_ASSIGNMENT((#21612));
#21612 = SURFACE_STYLE_USAGE(.BOTH.,#21613);
#21613 = SURFACE_SIDE_STYLE('',(#21614));
#21614 = SURFACE_STYLE_FILL_AREA(#21615);
#21615 = FILL_AREA_STYLE('',(#21616));
#21616 = FILL_AREA_STYLE_COLOUR('',#20380);
#21617 = STYLED_ITEM('color',(#21618),#15507);
#21618 = PRESENTATION_STYLE_ASSIGNMENT((#21619));
#21619 = SURFACE_STYLE_USAGE(.BOTH.,#21620);
#21620 = SURFACE_SIDE_STYLE('',(#21621));
#21621 = SURFACE_STYLE_FILL_AREA(#21622);
#21622 = FILL_AREA_STYLE('',(#21623));
#21623 = FILL_AREA_STYLE_COLOUR('',#20380);
#21624 = STYLED_ITEM('color',(#21625),#15524);
#21625 = PRESENTATION_STYLE_ASSIGNMENT((#21626));
#21626 = SURFACE_STYLE_USAGE(.BOTH.,#21627);
#21627 = SURFACE_SIDE_STYLE('',(#21628));
#21628 = SURFACE_STYLE_FILL_AREA(#21629);
#21629 = FILL_AREA_STYLE('',(#21630));
#21630 = FILL_AREA_STYLE_COLOUR('',#20380);
#21631 = STYLED_ITEM('color',(#21632),#15555);
#21632 = PRESENTATION_STYLE_ASSIGNMENT((#21633));
#21633 = SURFACE_STYLE_USAGE(.BOTH.,#21634);
#21634 = SURFACE_SIDE_STYLE('',(#21635));
#21635 = SURFACE_STYLE_FILL_AREA(#21636);
#21636 = FILL_AREA_STYLE('',(#21637));
#21637 = FILL_AREA_STYLE_COLOUR('',#20380);
#21638 = STYLED_ITEM('color',(#21639),#15579);
#21639 = PRESENTATION_STYLE_ASSIGNMENT((#21640));
#21640 = SURFACE_STYLE_USAGE(.BOTH.,#21641);
#21641 = SURFACE_SIDE_STYLE('',(#21642));
#21642 = SURFACE_STYLE_FILL_AREA(#21643);
#21643 = FILL_AREA_STYLE('',(#21644));
#21644 = FILL_AREA_STYLE_COLOUR('',#20380);
#21645 = STYLED_ITEM('color',(#21646),#15603);
#21646 = PRESENTATION_STYLE_ASSIGNMENT((#21647));
#21647 = SURFACE_STYLE_USAGE(.BOTH.,#21648);
#21648 = SURFACE_SIDE_STYLE('',(#21649));
#21649 = SURFACE_STYLE_FILL_AREA(#21650);
#21650 = FILL_AREA_STYLE('',(#21651));
#21651 = FILL_AREA_STYLE_COLOUR('',#20380);
#21652 = STYLED_ITEM('color',(#21653),#15620);
#21653 = PRESENTATION_STYLE_ASSIGNMENT((#21654));
#21654 = SURFACE_STYLE_USAGE(.BOTH.,#21655);
#21655 = SURFACE_SIDE_STYLE('',(#21656));
#21656 = SURFACE_STYLE_FILL_AREA(#21657);
#21657 = FILL_AREA_STYLE('',(#21658));
#21658 = FILL_AREA_STYLE_COLOUR('',#20380);
#21659 = STYLED_ITEM('color',(#21660),#15651);
#21660 = PRESENTATION_STYLE_ASSIGNMENT((#21661));
#21661 = SURFACE_STYLE_USAGE(.BOTH.,#21662);
#21662 = SURFACE_SIDE_STYLE('',(#21663));
#21663 = SURFACE_STYLE_FILL_AREA(#21664);
#21664 = FILL_AREA_STYLE('',(#21665));
#21665 = FILL_AREA_STYLE_COLOUR('',#20380);
#21666 = STYLED_ITEM('color',(#21667),#15675);
#21667 = PRESENTATION_STYLE_ASSIGNMENT((#21668));
#21668 = SURFACE_STYLE_USAGE(.BOTH.,#21669);
#21669 = SURFACE_SIDE_STYLE('',(#21670));
#21670 = SURFACE_STYLE_FILL_AREA(#21671);
#21671 = FILL_AREA_STYLE('',(#21672));
#21672 = FILL_AREA_STYLE_COLOUR('',#20380);
#21673 = STYLED_ITEM('color',(#21674),#15699);
#21674 = PRESENTATION_STYLE_ASSIGNMENT((#21675));
#21675 = SURFACE_STYLE_USAGE(.BOTH.,#21676);
#21676 = SURFACE_SIDE_STYLE('',(#21677));
#21677 = SURFACE_STYLE_FILL_AREA(#21678);
#21678 = FILL_AREA_STYLE('',(#21679));
#21679 = FILL_AREA_STYLE_COLOUR('',#20380);
#21680 = STYLED_ITEM('color',(#21681),#15716);
#21681 = PRESENTATION_STYLE_ASSIGNMENT((#21682));
#21682 = SURFACE_STYLE_USAGE(.BOTH.,#21683);
#21683 = SURFACE_SIDE_STYLE('',(#21684));
#21684 = SURFACE_STYLE_FILL_AREA(#21685);
#21685 = FILL_AREA_STYLE('',(#21686));
#21686 = FILL_AREA_STYLE_COLOUR('',#20380);
#21687 = STYLED_ITEM('color',(#21688),#15747);
#21688 = PRESENTATION_STYLE_ASSIGNMENT((#21689));
#21689 = SURFACE_STYLE_USAGE(.BOTH.,#21690);
#21690 = SURFACE_SIDE_STYLE('',(#21691));
#21691 = SURFACE_STYLE_FILL_AREA(#21692);
#21692 = FILL_AREA_STYLE('',(#21693));
#21693 = FILL_AREA_STYLE_COLOUR('',#20380);
#21694 = STYLED_ITEM('color',(#21695),#15771);
#21695 = PRESENTATION_STYLE_ASSIGNMENT((#21696));
#21696 = SURFACE_STYLE_USAGE(.BOTH.,#21697);
#21697 = SURFACE_SIDE_STYLE('',(#21698));
#21698 = SURFACE_STYLE_FILL_AREA(#21699);
#21699 = FILL_AREA_STYLE('',(#21700));
#21700 = FILL_AREA_STYLE_COLOUR('',#20380);
#21701 = STYLED_ITEM('color',(#21702),#15795);
#21702 = PRESENTATION_STYLE_ASSIGNMENT((#21703));
#21703 = SURFACE_STYLE_USAGE(.BOTH.,#21704);
#21704 = SURFACE_SIDE_STYLE('',(#21705));
#21705 = SURFACE_STYLE_FILL_AREA(#21706);
#21706 = FILL_AREA_STYLE('',(#21707));
#21707 = FILL_AREA_STYLE_COLOUR('',#20380);
#21708 = STYLED_ITEM('color',(#21709),#15812);
#21709 = PRESENTATION_STYLE_ASSIGNMENT((#21710));
#21710 = SURFACE_STYLE_USAGE(.BOTH.,#21711);
#21711 = SURFACE_SIDE_STYLE('',(#21712));
#21712 = SURFACE_STYLE_FILL_AREA(#21713);
#21713 = FILL_AREA_STYLE('',(#21714));
#21714 = FILL_AREA_STYLE_COLOUR('',#20380);
#21715 = STYLED_ITEM('color',(#21716),#15843);
#21716 = PRESENTATION_STYLE_ASSIGNMENT((#21717));
#21717 = SURFACE_STYLE_USAGE(.BOTH.,#21718);
#21718 = SURFACE_SIDE_STYLE('',(#21719));
#21719 = SURFACE_STYLE_FILL_AREA(#21720);
#21720 = FILL_AREA_STYLE('',(#21721));
#21721 = FILL_AREA_STYLE_COLOUR('',#20380);
#21722 = STYLED_ITEM('color',(#21723),#15867);
#21723 = PRESENTATION_STYLE_ASSIGNMENT((#21724));
#21724 = SURFACE_STYLE_USAGE(.BOTH.,#21725);
#21725 = SURFACE_SIDE_STYLE('',(#21726));
#21726 = SURFACE_STYLE_FILL_AREA(#21727);
#21727 = FILL_AREA_STYLE('',(#21728));
#21728 = FILL_AREA_STYLE_COLOUR('',#20380);
#21729 = STYLED_ITEM('color',(#21730),#15891);
#21730 = PRESENTATION_STYLE_ASSIGNMENT((#21731));
#21731 = SURFACE_STYLE_USAGE(.BOTH.,#21732);
#21732 = SURFACE_SIDE_STYLE('',(#21733));
#21733 = SURFACE_STYLE_FILL_AREA(#21734);
#21734 = FILL_AREA_STYLE('',(#21735));
#21735 = FILL_AREA_STYLE_COLOUR('',#20380);
#21736 = STYLED_ITEM('color',(#21737),#15908);
#21737 = PRESENTATION_STYLE_ASSIGNMENT((#21738));
#21738 = SURFACE_STYLE_USAGE(.BOTH.,#21739);
#21739 = SURFACE_SIDE_STYLE('',(#21740));
#21740 = SURFACE_STYLE_FILL_AREA(#21741);
#21741 = FILL_AREA_STYLE('',(#21742));
#21742 = FILL_AREA_STYLE_COLOUR('',#20380);
#21743 = STYLED_ITEM('color',(#21744),#15939);
#21744 = PRESENTATION_STYLE_ASSIGNMENT((#21745));
#21745 = SURFACE_STYLE_USAGE(.BOTH.,#21746);
#21746 = SURFACE_SIDE_STYLE('',(#21747));
#21747 = SURFACE_STYLE_FILL_AREA(#21748);
#21748 = FILL_AREA_STYLE('',(#21749));
#21749 = FILL_AREA_STYLE_COLOUR('',#20380);
#21750 = STYLED_ITEM('color',(#21751),#15963);
#21751 = PRESENTATION_STYLE_ASSIGNMENT((#21752));
#21752 = SURFACE_STYLE_USAGE(.BOTH.,#21753);
#21753 = SURFACE_SIDE_STYLE('',(#21754));
#21754 = SURFACE_STYLE_FILL_AREA(#21755);
#21755 = FILL_AREA_STYLE('',(#21756));
#21756 = FILL_AREA_STYLE_COLOUR('',#20380);
#21757 = STYLED_ITEM('color',(#21758),#15987);
#21758 = PRESENTATION_STYLE_ASSIGNMENT((#21759));
#21759 = SURFACE_STYLE_USAGE(.BOTH.,#21760);
#21760 = SURFACE_SIDE_STYLE('',(#21761));
#21761 = SURFACE_STYLE_FILL_AREA(#21762);
#21762 = FILL_AREA_STYLE('',(#21763));
#21763 = FILL_AREA_STYLE_COLOUR('',#20380);
#21764 = STYLED_ITEM('color',(#21765),#16004);
#21765 = PRESENTATION_STYLE_ASSIGNMENT((#21766));
#21766 = SURFACE_STYLE_USAGE(.BOTH.,#21767);
#21767 = SURFACE_SIDE_STYLE('',(#21768));
#21768 = SURFACE_STYLE_FILL_AREA(#21769);
#21769 = FILL_AREA_STYLE('',(#21770));
#21770 = FILL_AREA_STYLE_COLOUR('',#20380);
#21771 = STYLED_ITEM('color',(#21772),#16035);
#21772 = PRESENTATION_STYLE_ASSIGNMENT((#21773));
#21773 = SURFACE_STYLE_USAGE(.BOTH.,#21774);
#21774 = SURFACE_SIDE_STYLE('',(#21775));
#21775 = SURFACE_STYLE_FILL_AREA(#21776);
#21776 = FILL_AREA_STYLE('',(#21777));
#21777 = FILL_AREA_STYLE_COLOUR('',#20380);
#21778 = STYLED_ITEM('color',(#21779),#16059);
#21779 = PRESENTATION_STYLE_ASSIGNMENT((#21780));
#21780 = SURFACE_STYLE_USAGE(.BOTH.,#21781);
#21781 = SURFACE_SIDE_STYLE('',(#21782));
#21782 = SURFACE_STYLE_FILL_AREA(#21783);
#21783 = FILL_AREA_STYLE('',(#21784));
#21784 = FILL_AREA_STYLE_COLOUR('',#20380);
#21785 = STYLED_ITEM('color',(#21786),#16083);
#21786 = PRESENTATION_STYLE_ASSIGNMENT((#21787));
#21787 = SURFACE_STYLE_USAGE(.BOTH.,#21788);
#21788 = SURFACE_SIDE_STYLE('',(#21789));
#21789 = SURFACE_STYLE_FILL_AREA(#21790);
#21790 = FILL_AREA_STYLE('',(#21791));
#21791 = FILL_AREA_STYLE_COLOUR('',#20380);
#21792 = STYLED_ITEM('color',(#21793),#16100);
#21793 = PRESENTATION_STYLE_ASSIGNMENT((#21794));
#21794 = SURFACE_STYLE_USAGE(.BOTH.,#21795);
#21795 = SURFACE_SIDE_STYLE('',(#21796));
#21796 = SURFACE_STYLE_FILL_AREA(#21797);
#21797 = FILL_AREA_STYLE('',(#21798));
#21798 = FILL_AREA_STYLE_COLOUR('',#20380);
#21799 = STYLED_ITEM('color',(#21800),#16131);
#21800 = PRESENTATION_STYLE_ASSIGNMENT((#21801));
#21801 = SURFACE_STYLE_USAGE(.BOTH.,#21802);
#21802 = SURFACE_SIDE_STYLE('',(#21803));
#21803 = SURFACE_STYLE_FILL_AREA(#21804);
#21804 = FILL_AREA_STYLE('',(#21805));
#21805 = FILL_AREA_STYLE_COLOUR('',#20380);
#21806 = STYLED_ITEM('color',(#21807),#16155);
#21807 = PRESENTATION_STYLE_ASSIGNMENT((#21808));
#21808 = SURFACE_STYLE_USAGE(.BOTH.,#21809);
#21809 = SURFACE_SIDE_STYLE('',(#21810));
#21810 = SURFACE_STYLE_FILL_AREA(#21811);
#21811 = FILL_AREA_STYLE('',(#21812));
#21812 = FILL_AREA_STYLE_COLOUR('',#20380);
#21813 = STYLED_ITEM('color',(#21814),#16179);
#21814 = PRESENTATION_STYLE_ASSIGNMENT((#21815));
#21815 = SURFACE_STYLE_USAGE(.BOTH.,#21816);
#21816 = SURFACE_SIDE_STYLE('',(#21817));
#21817 = SURFACE_STYLE_FILL_AREA(#21818);
#21818 = FILL_AREA_STYLE('',(#21819));
#21819 = FILL_AREA_STYLE_COLOUR('',#20380);
#21820 = STYLED_ITEM('color',(#21821),#16196);
#21821 = PRESENTATION_STYLE_ASSIGNMENT((#21822));
#21822 = SURFACE_STYLE_USAGE(.BOTH.,#21823);
#21823 = SURFACE_SIDE_STYLE('',(#21824));
#21824 = SURFACE_STYLE_FILL_AREA(#21825);
#21825 = FILL_AREA_STYLE('',(#21826));
#21826 = FILL_AREA_STYLE_COLOUR('',#20380);
#21827 = STYLED_ITEM('color',(#21828),#16227);
#21828 = PRESENTATION_STYLE_ASSIGNMENT((#21829));
#21829 = SURFACE_STYLE_USAGE(.BOTH.,#21830);
#21830 = SURFACE_SIDE_STYLE('',(#21831));
#21831 = SURFACE_STYLE_FILL_AREA(#21832);
#21832 = FILL_AREA_STYLE('',(#21833));
#21833 = FILL_AREA_STYLE_COLOUR('',#20380);
#21834 = STYLED_ITEM('color',(#21835),#16251);
#21835 = PRESENTATION_STYLE_ASSIGNMENT((#21836));
#21836 = SURFACE_STYLE_USAGE(.BOTH.,#21837);
#21837 = SURFACE_SIDE_STYLE('',(#21838));
#21838 = SURFACE_STYLE_FILL_AREA(#21839);
#21839 = FILL_AREA_STYLE('',(#21840));
#21840 = FILL_AREA_STYLE_COLOUR('',#20380);
#21841 = STYLED_ITEM('color',(#21842),#16275);
#21842 = PRESENTATION_STYLE_ASSIGNMENT((#21843));
#21843 = SURFACE_STYLE_USAGE(.BOTH.,#21844);
#21844 = SURFACE_SIDE_STYLE('',(#21845));
#21845 = SURFACE_STYLE_FILL_AREA(#21846);
#21846 = FILL_AREA_STYLE('',(#21847));
#21847 = FILL_AREA_STYLE_COLOUR('',#20380);
#21848 = STYLED_ITEM('color',(#21849),#16292);
#21849 = PRESENTATION_STYLE_ASSIGNMENT((#21850));
#21850 = SURFACE_STYLE_USAGE(.BOTH.,#21851);
#21851 = SURFACE_SIDE_STYLE('',(#21852));
#21852 = SURFACE_STYLE_FILL_AREA(#21853);
#21853 = FILL_AREA_STYLE('',(#21854));
#21854 = FILL_AREA_STYLE_COLOUR('',#20380);
#21855 = STYLED_ITEM('color',(#21856),#16323);
#21856 = PRESENTATION_STYLE_ASSIGNMENT((#21857));
#21857 = SURFACE_STYLE_USAGE(.BOTH.,#21858);
#21858 = SURFACE_SIDE_STYLE('',(#21859));
#21859 = SURFACE_STYLE_FILL_AREA(#21860);
#21860 = FILL_AREA_STYLE('',(#21861));
#21861 = FILL_AREA_STYLE_COLOUR('',#20380);
#21862 = STYLED_ITEM('color',(#21863),#16347);
#21863 = PRESENTATION_STYLE_ASSIGNMENT((#21864));
#21864 = SURFACE_STYLE_USAGE(.BOTH.,#21865);
#21865 = SURFACE_SIDE_STYLE('',(#21866));
#21866 = SURFACE_STYLE_FILL_AREA(#21867);
#21867 = FILL_AREA_STYLE('',(#21868));
#21868 = FILL_AREA_STYLE_COLOUR('',#20380);
#21869 = STYLED_ITEM('color',(#21870),#16371);
#21870 = PRESENTATION_STYLE_ASSIGNMENT((#21871));
#21871 = SURFACE_STYLE_USAGE(.BOTH.,#21872);
#21872 = SURFACE_SIDE_STYLE('',(#21873));
#21873 = SURFACE_STYLE_FILL_AREA(#21874);
#21874 = FILL_AREA_STYLE('',(#21875));
#21875 = FILL_AREA_STYLE_COLOUR('',#20380);
#21876 = STYLED_ITEM('color',(#21877),#16388);
#21877 = PRESENTATION_STYLE_ASSIGNMENT((#21878));
#21878 = SURFACE_STYLE_USAGE(.BOTH.,#21879);
#21879 = SURFACE_SIDE_STYLE('',(#21880));
#21880 = SURFACE_STYLE_FILL_AREA(#21881);
#21881 = FILL_AREA_STYLE('',(#21882));
#21882 = FILL_AREA_STYLE_COLOUR('',#20380);
#21883 = STYLED_ITEM('color',(#21884),#16419);
#21884 = PRESENTATION_STYLE_ASSIGNMENT((#21885));
#21885 = SURFACE_STYLE_USAGE(.BOTH.,#21886);
#21886 = SURFACE_SIDE_STYLE('',(#21887));
#21887 = SURFACE_STYLE_FILL_AREA(#21888);
#21888 = FILL_AREA_STYLE('',(#21889));
#21889 = FILL_AREA_STYLE_COLOUR('',#20380);
#21890 = STYLED_ITEM('color',(#21891),#16443);
#21891 = PRESENTATION_STYLE_ASSIGNMENT((#21892));
#21892 = SURFACE_STYLE_USAGE(.BOTH.,#21893);
#21893 = SURFACE_SIDE_STYLE('',(#21894));
#21894 = SURFACE_STYLE_FILL_AREA(#21895);
#21895 = FILL_AREA_STYLE('',(#21896));
#21896 = FILL_AREA_STYLE_COLOUR('',#20380);
#21897 = STYLED_ITEM('color',(#21898),#16467);
#21898 = PRESENTATION_STYLE_ASSIGNMENT((#21899));
#21899 = SURFACE_STYLE_USAGE(.BOTH.,#21900);
#21900 = SURFACE_SIDE_STYLE('',(#21901));
#21901 = SURFACE_STYLE_FILL_AREA(#21902);
#21902 = FILL_AREA_STYLE('',(#21903));
#21903 = FILL_AREA_STYLE_COLOUR('',#20380);
#21904 = STYLED_ITEM('color',(#21905),#16484);
#21905 = PRESENTATION_STYLE_ASSIGNMENT((#21906));
#21906 = SURFACE_STYLE_USAGE(.BOTH.,#21907);
#21907 = SURFACE_SIDE_STYLE('',(#21908));
#21908 = SURFACE_STYLE_FILL_AREA(#21909);
#21909 = FILL_AREA_STYLE('',(#21910));
#21910 = FILL_AREA_STYLE_COLOUR('',#20380);
#21911 = STYLED_ITEM('color',(#21912),#16515);
#21912 = PRESENTATION_STYLE_ASSIGNMENT((#21913));
#21913 = SURFACE_STYLE_USAGE(.BOTH.,#21914);
#21914 = SURFACE_SIDE_STYLE('',(#21915));
#21915 = SURFACE_STYLE_FILL_AREA(#21916);
#21916 = FILL_AREA_STYLE('',(#21917));
#21917 = FILL_AREA_STYLE_COLOUR('',#20380);
#21918 = STYLED_ITEM('color',(#21919),#16539);
#21919 = PRESENTATION_STYLE_ASSIGNMENT((#21920));
#21920 = SURFACE_STYLE_USAGE(.BOTH.,#21921);
#21921 = SURFACE_SIDE_STYLE('',(#21922));
#21922 = SURFACE_STYLE_FILL_AREA(#21923);
#21923 = FILL_AREA_STYLE('',(#21924));
#21924 = FILL_AREA_STYLE_COLOUR('',#20380);
#21925 = STYLED_ITEM('color',(#21926),#16563);
#21926 = PRESENTATION_STYLE_ASSIGNMENT((#21927));
#21927 = SURFACE_STYLE_USAGE(.BOTH.,#21928);
#21928 = SURFACE_SIDE_STYLE('',(#21929));
#21929 = SURFACE_STYLE_FILL_AREA(#21930);
#21930 = FILL_AREA_STYLE('',(#21931));
#21931 = FILL_AREA_STYLE_COLOUR('',#20380);
#21932 = STYLED_ITEM('color',(#21933),#16580);
#21933 = PRESENTATION_STYLE_ASSIGNMENT((#21934));
#21934 = SURFACE_STYLE_USAGE(.BOTH.,#21935);
#21935 = SURFACE_SIDE_STYLE('',(#21936));
#21936 = SURFACE_STYLE_FILL_AREA(#21937);
#21937 = FILL_AREA_STYLE('',(#21938));
#21938 = FILL_AREA_STYLE_COLOUR('',#20380);
#21939 = STYLED_ITEM('color',(#21940),#16592);
#21940 = PRESENTATION_STYLE_ASSIGNMENT((#21941));
#21941 = SURFACE_STYLE_USAGE(.BOTH.,#21942);
#21942 = SURFACE_SIDE_STYLE('',(#21943));
#21943 = SURFACE_STYLE_FILL_AREA(#21944);
#21944 = FILL_AREA_STYLE('',(#21945));
#21945 = FILL_AREA_STYLE_COLOUR('',#20380);
#21946 = STYLED_ITEM('color',(#21947),#16604);
#21947 = PRESENTATION_STYLE_ASSIGNMENT((#21948));
#21948 = SURFACE_STYLE_USAGE(.BOTH.,#21949);
#21949 = SURFACE_SIDE_STYLE('',(#21950));
#21950 = SURFACE_STYLE_FILL_AREA(#21951);
#21951 = FILL_AREA_STYLE('',(#21952));
#21952 = FILL_AREA_STYLE_COLOUR('',#20380);
#21953 = STYLED_ITEM('color',(#21954),#16616);
#21954 = PRESENTATION_STYLE_ASSIGNMENT((#21955));
#21955 = SURFACE_STYLE_USAGE(.BOTH.,#21956);
#21956 = SURFACE_SIDE_STYLE('',(#21957));
#21957 = SURFACE_STYLE_FILL_AREA(#21958);
#21958 = FILL_AREA_STYLE('',(#21959));
#21959 = FILL_AREA_STYLE_COLOUR('',#20380);
#21960 = STYLED_ITEM('color',(#21961),#16628);
#21961 = PRESENTATION_STYLE_ASSIGNMENT((#21962));
#21962 = SURFACE_STYLE_USAGE(.BOTH.,#21963);
#21963 = SURFACE_SIDE_STYLE('',(#21964));
#21964 = SURFACE_STYLE_FILL_AREA(#21965);
#21965 = FILL_AREA_STYLE('',(#21966));
#21966 = FILL_AREA_STYLE_COLOUR('',#20380);
#21967 = STYLED_ITEM('color',(#21968),#16640);
#21968 = PRESENTATION_STYLE_ASSIGNMENT((#21969));
#21969 = SURFACE_STYLE_USAGE(.BOTH.,#21970);
#21970 = SURFACE_SIDE_STYLE('',(#21971));
#21971 = SURFACE_STYLE_FILL_AREA(#21972);
#21972 = FILL_AREA_STYLE('',(#21973));
#21973 = FILL_AREA_STYLE_COLOUR('',#20380);
#21974 = STYLED_ITEM('color',(#21975),#16652);
#21975 = PRESENTATION_STYLE_ASSIGNMENT((#21976));
#21976 = SURFACE_STYLE_USAGE(.BOTH.,#21977);
#21977 = SURFACE_SIDE_STYLE('',(#21978));
#21978 = SURFACE_STYLE_FILL_AREA(#21979);
#21979 = FILL_AREA_STYLE('',(#21980));
#21980 = FILL_AREA_STYLE_COLOUR('',#20380);
#21981 = STYLED_ITEM('color',(#21982),#16664);
#21982 = PRESENTATION_STYLE_ASSIGNMENT((#21983));
#21983 = SURFACE_STYLE_USAGE(.BOTH.,#21984);
#21984 = SURFACE_SIDE_STYLE('',(#21985));
#21985 = SURFACE_STYLE_FILL_AREA(#21986);
#21986 = FILL_AREA_STYLE('',(#21987));
#21987 = FILL_AREA_STYLE_COLOUR('',#20380);
#21988 = STYLED_ITEM('color',(#21989),#16676);
#21989 = PRESENTATION_STYLE_ASSIGNMENT((#21990));
#21990 = SURFACE_STYLE_USAGE(.BOTH.,#21991);
#21991 = SURFACE_SIDE_STYLE('',(#21992));
#21992 = SURFACE_STYLE_FILL_AREA(#21993);
#21993 = FILL_AREA_STYLE('',(#21994));
#21994 = FILL_AREA_STYLE_COLOUR('',#20380);
#21995 = STYLED_ITEM('color',(#21996),#16688);
#21996 = PRESENTATION_STYLE_ASSIGNMENT((#21997));
#21997 = SURFACE_STYLE_USAGE(.BOTH.,#21998);
#21998 = SURFACE_SIDE_STYLE('',(#21999));
#21999 = SURFACE_STYLE_FILL_AREA(#22000);
#22000 = FILL_AREA_STYLE('',(#22001));
#22001 = FILL_AREA_STYLE_COLOUR('',#20380);
#22002 = STYLED_ITEM('color',(#22003),#16700);
#22003 = PRESENTATION_STYLE_ASSIGNMENT((#22004));
#22004 = SURFACE_STYLE_USAGE(.BOTH.,#22005);
#22005 = SURFACE_SIDE_STYLE('',(#22006));
#22006 = SURFACE_STYLE_FILL_AREA(#22007);
#22007 = FILL_AREA_STYLE('',(#22008));
#22008 = FILL_AREA_STYLE_COLOUR('',#20380);
#22009 = STYLED_ITEM('color',(#22010),#16712);
#22010 = PRESENTATION_STYLE_ASSIGNMENT((#22011));
#22011 = SURFACE_STYLE_USAGE(.BOTH.,#22012);
#22012 = SURFACE_SIDE_STYLE('',(#22013));
#22013 = SURFACE_STYLE_FILL_AREA(#22014);
#22014 = FILL_AREA_STYLE('',(#22015));
#22015 = FILL_AREA_STYLE_COLOUR('',#20380);
#22016 = STYLED_ITEM('color',(#22017),#16724);
#22017 = PRESENTATION_STYLE_ASSIGNMENT((#22018));
#22018 = SURFACE_STYLE_USAGE(.BOTH.,#22019);
#22019 = SURFACE_SIDE_STYLE('',(#22020));
#22020 = SURFACE_STYLE_FILL_AREA(#22021);
#22021 = FILL_AREA_STYLE('',(#22022));
#22022 = FILL_AREA_STYLE_COLOUR('',#20380);
#22023 = STYLED_ITEM('color',(#22024),#16736);
#22024 = PRESENTATION_STYLE_ASSIGNMENT((#22025));
#22025 = SURFACE_STYLE_USAGE(.BOTH.,#22026);
#22026 = SURFACE_SIDE_STYLE('',(#22027));
#22027 = SURFACE_STYLE_FILL_AREA(#22028);
#22028 = FILL_AREA_STYLE('',(#22029));
#22029 = FILL_AREA_STYLE_COLOUR('',#20380);
#22030 = STYLED_ITEM('color',(#22031),#16748);
#22031 = PRESENTATION_STYLE_ASSIGNMENT((#22032));
#22032 = SURFACE_STYLE_USAGE(.BOTH.,#22033);
#22033 = SURFACE_SIDE_STYLE('',(#22034));
#22034 = SURFACE_STYLE_FILL_AREA(#22035);
#22035 = FILL_AREA_STYLE('',(#22036));
#22036 = FILL_AREA_STYLE_COLOUR('',#20380);
#22037 = STYLED_ITEM('color',(#22038),#16760);
#22038 = PRESENTATION_STYLE_ASSIGNMENT((#22039));
#22039 = SURFACE_STYLE_USAGE(.BOTH.,#22040);
#22040 = SURFACE_SIDE_STYLE('',(#22041));
#22041 = SURFACE_STYLE_FILL_AREA(#22042);
#22042 = FILL_AREA_STYLE('',(#22043));
#22043 = FILL_AREA_STYLE_COLOUR('',#20380);
#22044 = STYLED_ITEM('color',(#22045),#16772);
#22045 = PRESENTATION_STYLE_ASSIGNMENT((#22046));
#22046 = SURFACE_STYLE_USAGE(.BOTH.,#22047);
#22047 = SURFACE_SIDE_STYLE('',(#22048));
#22048 = SURFACE_STYLE_FILL_AREA(#22049);
#22049 = FILL_AREA_STYLE('',(#22050));
#22050 = FILL_AREA_STYLE_COLOUR('',#20380);
#22051 = STYLED_ITEM('color',(#22052),#16784);
#22052 = PRESENTATION_STYLE_ASSIGNMENT((#22053));
#22053 = SURFACE_STYLE_USAGE(.BOTH.,#22054);
#22054 = SURFACE_SIDE_STYLE('',(#22055));
#22055 = SURFACE_STYLE_FILL_AREA(#22056);
#22056 = FILL_AREA_STYLE('',(#22057));
#22057 = FILL_AREA_STYLE_COLOUR('',#20380);
#22058 = MECHANICAL_DESIGN_GEOMETRIC_PRESENTATION_REPRESENTATION('',(
    #22059,#22066,#22073,#22080,#22087,#22094,#22101,#22108,#22115,
    #22122,#22129,#22137,#22144,#22151,#22158,#22165,#22172,#22179,
    #22186,#22193,#22200,#22207,#22214,#22221,#22228,#22235,#22242,
    #22249),#990);
#22059 = STYLED_ITEM('color',(#22060),#138);
#22060 = PRESENTATION_STYLE_ASSIGNMENT((#22061));
#22061 = SURFACE_STYLE_USAGE(.BOTH.,#22062);
#22062 = SURFACE_SIDE_STYLE('',(#22063));
#22063 = SURFACE_STYLE_FILL_AREA(#22064);
#22064 = FILL_AREA_STYLE('',(#22065));
#22065 = FILL_AREA_STYLE_COLOUR('',#18256);
#22066 = STYLED_ITEM('color',(#22067),#214);
#22067 = PRESENTATION_STYLE_ASSIGNMENT((#22068));
#22068 = SURFACE_STYLE_USAGE(.BOTH.,#22069);
#22069 = SURFACE_SIDE_STYLE('',(#22070));
#22070 = SURFACE_STYLE_FILL_AREA(#22071);
#22071 = FILL_AREA_STYLE('',(#22072));
#22072 = FILL_AREA_STYLE_COLOUR('',#18256);
#22073 = STYLED_ITEM('color',(#22074),#245);
#22074 = PRESENTATION_STYLE_ASSIGNMENT((#22075));
#22075 = SURFACE_STYLE_USAGE(.BOTH.,#22076);
#22076 = SURFACE_SIDE_STYLE('',(#22077));
#22077 = SURFACE_STYLE_FILL_AREA(#22078);
#22078 = FILL_AREA_STYLE('',(#22079));
#22079 = FILL_AREA_STYLE_COLOUR('',#18256);
#22080 = STYLED_ITEM('color',(#22081),#270);
#22081 = PRESENTATION_STYLE_ASSIGNMENT((#22082));
#22082 = SURFACE_STYLE_USAGE(.BOTH.,#22083);
#22083 = SURFACE_SIDE_STYLE('',(#22084));
#22084 = SURFACE_STYLE_FILL_AREA(#22085);
#22085 = FILL_AREA_STYLE('',(#22086));
#22086 = FILL_AREA_STYLE_COLOUR('',#18256);
#22087 = STYLED_ITEM('color',(#22088),#295);
#22088 = PRESENTATION_STYLE_ASSIGNMENT((#22089));
#22089 = SURFACE_STYLE_USAGE(.BOTH.,#22090);
#22090 = SURFACE_SIDE_STYLE('',(#22091));
#22091 = SURFACE_STYLE_FILL_AREA(#22092);
#22092 = FILL_AREA_STYLE('',(#22093));
#22093 = FILL_AREA_STYLE_COLOUR('',#18256);
#22094 = STYLED_ITEM('color',(#22095),#319);
#22095 = PRESENTATION_STYLE_ASSIGNMENT((#22096));
#22096 = SURFACE_STYLE_USAGE(.BOTH.,#22097);
#22097 = SURFACE_SIDE_STYLE('',(#22098));
#22098 = SURFACE_STYLE_FILL_AREA(#22099);
#22099 = FILL_AREA_STYLE('',(#22100));
#22100 = FILL_AREA_STYLE_COLOUR('',#18256);
#22101 = STYLED_ITEM('color',(#22102),#343);
#22102 = PRESENTATION_STYLE_ASSIGNMENT((#22103));
#22103 = SURFACE_STYLE_USAGE(.BOTH.,#22104);
#22104 = SURFACE_SIDE_STYLE('',(#22105));
#22105 = SURFACE_STYLE_FILL_AREA(#22106);
#22106 = FILL_AREA_STYLE('',(#22107));
#22107 = FILL_AREA_STYLE_COLOUR('',#18256);
#22108 = STYLED_ITEM('color',(#22109),#368);
#22109 = PRESENTATION_STYLE_ASSIGNMENT((#22110));
#22110 = SURFACE_STYLE_USAGE(.BOTH.,#22111);
#22111 = SURFACE_SIDE_STYLE('',(#22112));
#22112 = SURFACE_STYLE_FILL_AREA(#22113);
#22113 = FILL_AREA_STYLE('',(#22114));
#22114 = FILL_AREA_STYLE_COLOUR('',#18256);
#22115 = STYLED_ITEM('color',(#22116),#393);
#22116 = PRESENTATION_STYLE_ASSIGNMENT((#22117));
#22117 = SURFACE_STYLE_USAGE(.BOTH.,#22118);
#22118 = SURFACE_SIDE_STYLE('',(#22119));
#22119 = SURFACE_STYLE_FILL_AREA(#22120);
#22120 = FILL_AREA_STYLE('',(#22121));
#22121 = FILL_AREA_STYLE_COLOUR('',#18256);
#22122 = STYLED_ITEM('color',(#22123),#410);
#22123 = PRESENTATION_STYLE_ASSIGNMENT((#22124));
#22124 = SURFACE_STYLE_USAGE(.BOTH.,#22125);
#22125 = SURFACE_SIDE_STYLE('',(#22126));
#22126 = SURFACE_STYLE_FILL_AREA(#22127);
#22127 = FILL_AREA_STYLE('',(#22128));
#22128 = FILL_AREA_STYLE_COLOUR('',#18256);
#22129 = STYLED_ITEM('color',(#22130),#496);
#22130 = PRESENTATION_STYLE_ASSIGNMENT((#22131));
#22131 = SURFACE_STYLE_USAGE(.BOTH.,#22132);
#22132 = SURFACE_SIDE_STYLE('',(#22133));
#22133 = SURFACE_STYLE_FILL_AREA(#22134);
#22134 = FILL_AREA_STYLE('',(#22135));
#22135 = FILL_AREA_STYLE_COLOUR('',#22136);
#22136 = COLOUR_RGB('',0.379000005575,0.270000008848,0.214999999939);
#22137 = STYLED_ITEM('color',(#22138),#528);
#22138 = PRESENTATION_STYLE_ASSIGNMENT((#22139));
#22139 = SURFACE_STYLE_USAGE(.BOTH.,#22140);
#22140 = SURFACE_SIDE_STYLE('',(#22141));
#22141 = SURFACE_STYLE_FILL_AREA(#22142);
#22142 = FILL_AREA_STYLE('',(#22143));
#22143 = FILL_AREA_STYLE_COLOUR('',#22136);
#22144 = STYLED_ITEM('color',(#22145),#552);
#22145 = PRESENTATION_STYLE_ASSIGNMENT((#22146));
#22146 = SURFACE_STYLE_USAGE(.BOTH.,#22147);
#22147 = SURFACE_SIDE_STYLE('',(#22148));
#22148 = SURFACE_STYLE_FILL_AREA(#22149);
#22149 = FILL_AREA_STYLE('',(#22150));
#22150 = FILL_AREA_STYLE_COLOUR('',#22136);
#22151 = STYLED_ITEM('color',(#22152),#577);
#22152 = PRESENTATION_STYLE_ASSIGNMENT((#22153));
#22153 = SURFACE_STYLE_USAGE(.BOTH.,#22154);
#22154 = SURFACE_SIDE_STYLE('',(#22155));
#22155 = SURFACE_STYLE_FILL_AREA(#22156);
#22156 = FILL_AREA_STYLE('',(#22157));
#22157 = FILL_AREA_STYLE_COLOUR('',#22136);
#22158 = STYLED_ITEM('color',(#22159),#601);
#22159 = PRESENTATION_STYLE_ASSIGNMENT((#22160));
#22160 = SURFACE_STYLE_USAGE(.BOTH.,#22161);
#22161 = SURFACE_SIDE_STYLE('',(#22162));
#22162 = SURFACE_STYLE_FILL_AREA(#22163);
#22163 = FILL_AREA_STYLE('',(#22164));
#22164 = FILL_AREA_STYLE_COLOUR('',#22136);
#22165 = STYLED_ITEM('color',(#22166),#626);
#22166 = PRESENTATION_STYLE_ASSIGNMENT((#22167));
#22167 = SURFACE_STYLE_USAGE(.BOTH.,#22168);
#22168 = SURFACE_SIDE_STYLE('',(#22169));
#22169 = SURFACE_STYLE_FILL_AREA(#22170);
#22170 = FILL_AREA_STYLE('',(#22171));
#22171 = FILL_AREA_STYLE_COLOUR('',#22136);
#22172 = STYLED_ITEM('color',(#22173),#650);
#22173 = PRESENTATION_STYLE_ASSIGNMENT((#22174));
#22174 = SURFACE_STYLE_USAGE(.BOTH.,#22175);
#22175 = SURFACE_SIDE_STYLE('',(#22176));
#22176 = SURFACE_STYLE_FILL_AREA(#22177);
#22177 = FILL_AREA_STYLE('',(#22178));
#22178 = FILL_AREA_STYLE_COLOUR('',#22136);
#22179 = STYLED_ITEM('color',(#22180),#675);
#22180 = PRESENTATION_STYLE_ASSIGNMENT((#22181));
#22181 = SURFACE_STYLE_USAGE(.BOTH.,#22182);
#22182 = SURFACE_SIDE_STYLE('',(#22183));
#22183 = SURFACE_STYLE_FILL_AREA(#22184);
#22184 = FILL_AREA_STYLE('',(#22185));
#22185 = FILL_AREA_STYLE_COLOUR('',#22136);
#22186 = STYLED_ITEM('color',(#22187),#692);
#22187 = PRESENTATION_STYLE_ASSIGNMENT((#22188));
#22188 = SURFACE_STYLE_USAGE(.BOTH.,#22189);
#22189 = SURFACE_SIDE_STYLE('',(#22190));
#22190 = SURFACE_STYLE_FILL_AREA(#22191);
#22191 = FILL_AREA_STYLE('',(#22192));
#22192 = FILL_AREA_STYLE_COLOUR('',#18256);
#22193 = STYLED_ITEM('color',(#22194),#778);
#22194 = PRESENTATION_STYLE_ASSIGNMENT((#22195));
#22195 = SURFACE_STYLE_USAGE(.BOTH.,#22196);
#22196 = SURFACE_SIDE_STYLE('',(#22197));
#22197 = SURFACE_STYLE_FILL_AREA(#22198);
#22198 = FILL_AREA_STYLE('',(#22199));
#22199 = FILL_AREA_STYLE_COLOUR('',#18256);
#22200 = STYLED_ITEM('color',(#22201),#809);
#22201 = PRESENTATION_STYLE_ASSIGNMENT((#22202));
#22202 = SURFACE_STYLE_USAGE(.BOTH.,#22203);
#22203 = SURFACE_SIDE_STYLE('',(#22204));
#22204 = SURFACE_STYLE_FILL_AREA(#22205);
#22205 = FILL_AREA_STYLE('',(#22206));
#22206 = FILL_AREA_STYLE_COLOUR('',#18256);
#22207 = STYLED_ITEM('color',(#22208),#834);
#22208 = PRESENTATION_STYLE_ASSIGNMENT((#22209));
#22209 = SURFACE_STYLE_USAGE(.BOTH.,#22210);
#22210 = SURFACE_SIDE_STYLE('',(#22211));
#22211 = SURFACE_STYLE_FILL_AREA(#22212);
#22212 = FILL_AREA_STYLE('',(#22213));
#22213 = FILL_AREA_STYLE_COLOUR('',#18256);
#22214 = STYLED_ITEM('color',(#22215),#859);
#22215 = PRESENTATION_STYLE_ASSIGNMENT((#22216));
#22216 = SURFACE_STYLE_USAGE(.BOTH.,#22217);
#22217 = SURFACE_SIDE_STYLE('',(#22218));
#22218 = SURFACE_STYLE_FILL_AREA(#22219);
#22219 = FILL_AREA_STYLE('',(#22220));
#22220 = FILL_AREA_STYLE_COLOUR('',#18256);
#22221 = STYLED_ITEM('color',(#22222),#883);
#22222 = PRESENTATION_STYLE_ASSIGNMENT((#22223));
#22223 = SURFACE_STYLE_USAGE(.BOTH.,#22224);
#22224 = SURFACE_SIDE_STYLE('',(#22225));
#22225 = SURFACE_STYLE_FILL_AREA(#22226);
#22226 = FILL_AREA_STYLE('',(#22227));
#22227 = FILL_AREA_STYLE_COLOUR('',#18256);
#22228 = STYLED_ITEM('color',(#22229),#907);
#22229 = PRESENTATION_STYLE_ASSIGNMENT((#22230));
#22230 = SURFACE_STYLE_USAGE(.BOTH.,#22231);
#22231 = SURFACE_SIDE_STYLE('',(#22232));
#22232 = SURFACE_STYLE_FILL_AREA(#22233);
#22233 = FILL_AREA_STYLE('',(#22234));
#22234 = FILL_AREA_STYLE_COLOUR('',#18256);
#22235 = STYLED_ITEM('color',(#22236),#932);
#22236 = PRESENTATION_STYLE_ASSIGNMENT((#22237));
#22237 = SURFACE_STYLE_USAGE(.BOTH.,#22238);
#22238 = SURFACE_SIDE_STYLE('',(#22239));
#22239 = SURFACE_STYLE_FILL_AREA(#22240);
#22240 = FILL_AREA_STYLE('',(#22241));
#22241 = FILL_AREA_STYLE_COLOUR('',#18256);
#22242 = STYLED_ITEM('color',(#22243),#957);
#22243 = PRESENTATION_STYLE_ASSIGNMENT((#22244));
#22244 = SURFACE_STYLE_USAGE(.BOTH.,#22245);
#22245 = SURFACE_SIDE_STYLE('',(#22246));
#22246 = SURFACE_STYLE_FILL_AREA(#22247);
#22247 = FILL_AREA_STYLE('',(#22248));
#22248 = FILL_AREA_STYLE_COLOUR('',#18256);
#22249 = STYLED_ITEM('color',(#22250),#974);
#22250 = PRESENTATION_STYLE_ASSIGNMENT((#22251));
#22251 = SURFACE_STYLE_USAGE(.BOTH.,#22252);
#22252 = SURFACE_SIDE_STYLE('',(#22253));
#22253 = SURFACE_STYLE_FILL_AREA(#22254);
#22254 = FILL_AREA_STYLE('',(#22255));
#22255 = FILL_AREA_STYLE_COLOUR('',#18256);
ENDSEC;
END-ISO-10303-21;
